"scenario","Metric","index","K","tau.mean","tau.q025","tau.q975"
"I","Centers-Euclidean","B_LC",5,0.81713749481128,0.433333333333333,1
"II","Centers-Euclidean","B_LC",5,0.787839032595536,0.310410489494777,1
"III","Centers-Euclidean","B_LC",5,0.869966073896984,0.5,1
"IV","Centers-Euclidean","B_LC",5,0.792056203499758,0.422758591385022,1
"I","Hausdorff","B_LC",5,0.781501233680926,0.380585537112531,1
"II","Hausdorff","B_LC",5,0.863576285325505,0.496847202726495,1
"III","Hausdorff","B_LC",5,0.722874577780363,0.405392720475077,1
"IV","Hausdorff","B_LC",5,0.817238895552643,0.517898135150997,1
"I","Ichino-Yaguchi","B_LC",5,0.83977989369609,0.571428571428571,1
"II","Ichino-Yaguchi","B_LC",5,0.811100123177126,0.367553346637634,1
"III","Ichino-Yaguchi","B_LC",5,0.684560378500043,0.39047619047619,1
"IV","Ichino-Yaguchi","B_LC",5,0.612351386939316,0.28,0.866666666666667
"I","Int-Euclidean","B_LC",5,0.824362707105257,0.431807060856475,1
"II","Int-Euclidean","B_LC",5,0.799949256049639,0.413333333333333,1
"III","Int-Euclidean","B_LC",5,0.447965589139925,-0.470878305668796,0.914285714285714
"IV","Int-Euclidean","B_LC",5,0.668402451696791,0.226666666666667,1
"I","Wasserstein","B_LC",5,0.835858998666478,0.457142857142857,1
"II","Wasserstein","B_LC",5,0.786692890403608,0.314285714285714,1
"III","Wasserstein","B_LC",5,0.645949695116682,0.228571428571429,0.963624111659432
"IV","Wasserstein","B_LC",5,0.624929385608886,0.281839060923348,1
"I","Centers-Euclidean","B_RE",5,0.9,0.5,1
"II","Centers-Euclidean","B_RE",5,0.904,0.466666666666667,1
"III","Centers-Euclidean","B_RE",5,0.913333333333333,0.5,1
"IV","Centers-Euclidean","B_RE",5,0.872,0.466666666666667,1
"I","Hausdorff","B_RE",5,0.988571428571428,0.885714285714286,1
"II","Hausdorff","B_RE",5,0.925333333333333,0.573333333333333,1
"III","Hausdorff","B_RE",5,0.971428571428571,0.8,1
"IV","Hausdorff","B_RE",5,0.882666666666667,0.466666666666667,1
"I","Ichino-Yaguchi","B_RE",5,0.942857142857143,0.714285714285714,1
"II","Ichino-Yaguchi","B_RE",5,0.930666666666667,0.68,1
"III","Ichino-Yaguchi","B_RE",5,0.954285714285714,0.714285714285714,1
"IV","Ichino-Yaguchi","B_RE",5,0.909333333333333,0.466666666666667,1
"I","Int-Euclidean","B_RE",5,0.96,0.714285714285714,1
"II","Int-Euclidean","B_RE",5,0.936,0.626666666666667,1
"III","Int-Euclidean","B_RE",5,0.777142857142857,0.371428571428571,1
"IV","Int-Euclidean","B_RE",5,0.968,0.866666666666667,1
"I","Wasserstein","B_RE",5,0.965714285714286,0.714285714285714,1
"II","Wasserstein","B_RE",5,0.946666666666667,0.68,1
"III","Wasserstein","B_RE",5,0.965714285714286,0.657142857142857,1
"IV","Wasserstein","B_RE",5,0.914666666666667,0.68,1
"I","Centers-Euclidean","B_TC",5,0.74,0.5,1
"II","Centers-Euclidean","B_TC",5,0.824,0.466666666666667,1
"III","Centers-Euclidean","B_TC",5,0.726666666666667,0.433333333333333,1
"IV","Centers-Euclidean","B_TC",5,0.520141200454416,0.276026223736942,0.866666666666667
"I","Hausdorff","B_TC",5,0.837032803990902,0.714285714285714,1
"II","Hausdorff","B_TC",5,0.754666666666667,0.146666666666667,1
"III","Hausdorff","B_TC",5,0.84,0.514285714285714,1
"IV","Hausdorff","B_TC",5,0.758269289040361,0.36,1
"I","Ichino-Yaguchi","B_TC",5,0.84,0.714285714285714,1
"II","Ichino-Yaguchi","B_TC",5,0.816561573424217,0.445615734242165,1
"III","Ichino-Yaguchi","B_TC",5,0.8,0.571428571428571,1
"IV","Ichino-Yaguchi","B_TC",5,0.813333333333333,0.493333333333333,1
"I","Int-Euclidean","B_TC",5,0.885714285714286,0.714285714285714,1
"II","Int-Euclidean","B_TC",5,0.827977004656505,0.546666666666667,1
"III","Int-Euclidean","B_TC",5,0.648461375419473,0.0285714285714286,1
"IV","Int-Euclidean","B_TC",5,0.785310337989839,0.28,1
"I","Wasserstein","B_TC",5,0.871318518276616,0.714285714285714,1
"II","Wasserstein","B_TC",5,0.813333333333333,0.466666666666667,1
"III","Wasserstein","B_TC",5,0.862857142857143,0.571428571428571,1
"IV","Wasserstein","B_TC",5,0.784935955707027,0.386666666666667,1
"I","Centers-Euclidean","Q_LC",5,0.809282032302755,0.5,1
"II","Centers-Euclidean","Q_LC",5,0.87870274555082,0.56,1
"III","Centers-Euclidean","Q_LC",5,0.785230731272177,0.433333333333333,1
"IV","Centers-Euclidean","Q_LC",5,0.425874446052747,-0.166666666666667,1
"I","Hausdorff","Q_LC",5,0.828131215963608,0.39203174421748,1
"II","Hausdorff","Q_LC",5,0.887191835855184,0.547372668938746,1
"III","Hausdorff","Q_LC",5,0.890768252516841,0.657142857142857,1
"IV","Hausdorff","Q_LC",5,0.514309775638614,0.142857142857143,0.857142857142857
"I","Ichino-Yaguchi","Q_LC",5,0.770695556805626,0.285714285714286,1
"II","Ichino-Yaguchi","Q_LC",5,0.865911275347279,0.381756934696581,1
"III","Ichino-Yaguchi","Q_LC",5,0.826464869095889,0.571428571428571,1
"IV","Ichino-Yaguchi","Q_LC",5,0.606939163738427,0.222758591385022,0.979655069847577
"I","Int-Euclidean","Q_LC",5,0.894175661133759,0.714285714285714,1
"II","Int-Euclidean","Q_LC",5,0.922986605628867,0.725714285714286,1
"III","Int-Euclidean","Q_LC",5,0.838644090823784,0.657142857142857,1
"IV","Int-Euclidean","Q_LC",5,0.707084814902564,0.242306877097367,1
"I","Wasserstein","Q_LC",5,0.768994099868438,0.285714285714286,1
"II","Wasserstein","Q_LC",5,0.914157540716333,0.660820978989553,1
"III","Wasserstein","Q_LC",5,0.854668202677053,0.571428571428571,1
"IV","Wasserstein","Q_LC",5,0.553589082419799,0.140919530461674,1
"I","Centers-Euclidean","Q_RE",5,0.92,0.5,1
"II","Centers-Euclidean","Q_RE",5,0.872,0.413333333333333,1
"III","Centers-Euclidean","Q_RE",5,0.906666666666667,0.433333333333333,1
"IV","Centers-Euclidean","Q_RE",5,0.904,0.546666666666667,1
"I","Hausdorff","Q_RE",5,0.965714285714286,0.714285714285714,1
"II","Hausdorff","Q_RE",5,0.834666666666667,0.306666666666667,1
"III","Hausdorff","Q_RE",5,0.977142857142857,0.714285714285714,1
"IV","Hausdorff","Q_RE",5,0.962666666666667,0.813333333333333,1
"I","Ichino-Yaguchi","Q_RE",5,0.954285714285714,0.714285714285714,1
"II","Ichino-Yaguchi","Q_RE",5,0.872,0.28,1
"III","Ichino-Yaguchi","Q_RE",5,0.988571428571428,0.885714285714286,1
"IV","Ichino-Yaguchi","Q_RE",5,0.914666666666667,0.6,1
"I","Int-Euclidean","Q_RE",5,0.954285714285714,0.714285714285714,1
"II","Int-Euclidean","Q_RE",5,0.866666666666667,0.413333333333333,1
"III","Int-Euclidean","Q_RE",5,0.931428571428571,0.714285714285714,1
"IV","Int-Euclidean","Q_RE",5,0.957333333333333,0.733333333333333,1
"I","Wasserstein","Q_RE",5,0.965714285714286,0.714285714285714,1
"II","Wasserstein","Q_RE",5,0.877333333333333,0.413333333333333,1
"III","Wasserstein","Q_RE",5,0.977142857142857,0.714285714285714,1
"IV","Wasserstein","Q_RE",5,0.984,0.813333333333333,1
"I","Centers-Euclidean","Q_TC",5,0.76,0.5,1
"II","Centers-Euclidean","Q_TC",5,0.557333333333333,0.0133333333333333,1
"III","Centers-Euclidean","Q_TC",5,0.74,0.433333333333333,1
"IV","Centers-Euclidean","Q_TC",5,0.484725769222127,0.2,0.906436713231718
"I","Hausdorff","Q_TC",5,0.84,0.714285714285714,1
"II","Hausdorff","Q_TC",5,0.52,0.0666666666666667,0.92
"III","Hausdorff","Q_TC",5,0.885714285714286,0.714285714285714,1
"IV","Hausdorff","Q_TC",5,0.786666666666667,0.6,1
"I","Ichino-Yaguchi","Q_TC",5,0.908571428571428,0.714285714285714,1
"II","Ichino-Yaguchi","Q_TC",5,0.571228240090883,0.0666666666666667,1
"III","Ichino-Yaguchi","Q_TC",5,0.897142857142857,0.714285714285714,1
"IV","Ichino-Yaguchi","Q_TC",5,0.806082097898955,0.580820978989553,1
"I","Int-Euclidean","Q_TC",5,0.874285714285714,0.714285714285714,1
"II","Int-Euclidean","Q_TC",5,0.580164195797911,0.146666666666667,1
"III","Int-Euclidean","Q_TC",5,0.874285714285714,0.571428571428571,1
"IV","Int-Euclidean","Q_TC",5,0.799205244747388,0.6,1
"I","Wasserstein","Q_TC",5,0.885714285714286,0.714285714285714,1
"II","Wasserstein","Q_TC",5,0.530666666666667,0.0666666666666667,1
"III","Wasserstein","Q_TC",5,0.92,0.714285714285714,1
"IV","Wasserstein","Q_TC",5,0.843602622373694,0.6,1
"I","Centers-Euclidean","B_LC",20,0.807974349484711,0.333333333333333,1
"II","Centers-Euclidean","B_LC",20,0.78774382282811,0.36,1
"III","Centers-Euclidean","B_LC",20,0.794245783279675,0.333333333333333,1
"IV","Centers-Euclidean","B_LC",20,0.841103436554009,0.52952380952381,1
"I","Hausdorff","B_LC",20,0.859449734240225,0.657142857142857,1
"II","Hausdorff","B_LC",20,0.770561545096405,0.28,1
"III","Hausdorff","B_LC",20,0.690160615325306,0.142857142857143,1
"IV","Hausdorff","B_LC",20,0.710456480181766,0.2,1
"I","Ichino-Yaguchi","B_LC",20,0.856922750838947,0.657142857142857,1
"II","Ichino-Yaguchi","B_LC",20,0.803129688618762,0.41123146848433,1
"III","Ichino-Yaguchi","B_LC",20,0.689751230848585,0.228571428571429,1
"IV","Ichino-Yaguchi","B_LC",20,0.717333333333333,0.333333333333333,1
"I","Int-Euclidean","B_LC",20,0.864149197028708,0.657142857142857,1
"II","Int-Euclidean","B_LC",20,0.837563173457034,0.496847202726495,1
"III","Int-Euclidean","B_LC",20,0.369973535894949,-0.914285714285714,1
"IV","Int-Euclidean","B_LC",20,0.789287342646344,0.333333333333333,1
"I","Wasserstein","B_LC",20,0.89831335327426,0.571428571428571,1
"II","Wasserstein","B_LC",20,0.810311938022656,0.433333333333333,1
"III","Wasserstein","B_LC",20,0.769542118256942,0.314285714285714,1
"IV","Wasserstein","B_LC",20,0.754646956372243,0.245615734242165,1
"I","Centers-Euclidean","B_RE",20,0.94,0.5,1
"II","Centers-Euclidean","B_RE",20,0.925333333333333,0.733333333333333,1
"III","Centers-Euclidean","B_RE",20,0.926666666666667,0.5,1
"IV","Centers-Euclidean","B_RE",20,0.968,0.76,1
"I","Hausdorff","B_RE",20,0.988571428571428,0.885714285714286,1
"II","Hausdorff","B_RE",20,0.909333333333333,0.68,1
"III","Hausdorff","B_RE",20,1,1,1
"IV","Hausdorff","B_RE",20,0.936,0.546666666666667,1
"I","Ichino-Yaguchi","B_RE",20,0.965714285714286,0.714285714285714,1
"II","Ichino-Yaguchi","B_RE",20,0.941333333333333,0.733333333333333,1
"III","Ichino-Yaguchi","B_RE",20,0.948571428571429,0.714285714285714,1
"IV","Ichino-Yaguchi","B_RE",20,0.850666666666667,0.493333333333333,1
"I","Int-Euclidean","B_RE",20,0.937142857142857,0.714285714285714,1
"II","Int-Euclidean","B_RE",20,0.952,0.733333333333333,1
"III","Int-Euclidean","B_RE",20,0.88,0.371428571428571,1
"IV","Int-Euclidean","B_RE",20,0.962666666666667,0.76,1
"I","Wasserstein","B_RE",20,0.988571428571428,0.885714285714286,1
"II","Wasserstein","B_RE",20,0.957333333333333,0.733333333333333,1
"III","Wasserstein","B_RE",20,0.977142857142857,0.8,1
"IV","Wasserstein","B_RE",20,0.941333333333333,0.626666666666667,1
"I","Centers-Euclidean","B_TC",20,0.76,0.5,1
"II","Centers-Euclidean","B_TC",20,0.717333333333333,0.28,1
"III","Centers-Euclidean","B_TC",20,0.766666666666667,0.433333333333333,1
"IV","Centers-Euclidean","B_TC",20,0.542784871777588,0.04,1
"I","Hausdorff","B_TC",20,0.837032803990902,0.714285714285714,1
"II","Hausdorff","B_TC",20,0.706666666666667,0.333333333333333,1
"III","Hausdorff","B_TC",20,0.822857142857143,0.514285714285714,1
"IV","Hausdorff","B_TC",20,0.758269289040361,0.333333333333333,1
"I","Ichino-Yaguchi","B_TC",20,0.908571428571428,0.714285714285714,1
"II","Ichino-Yaguchi","B_TC",20,0.726643671323172,0.2,1
"III","Ichino-Yaguchi","B_TC",20,0.862857142857143,0.514285714285714,1
"IV","Ichino-Yaguchi","B_TC",20,0.776,0.413333333333333,1
"I","Int-Euclidean","B_TC",20,0.822857142857143,0.571428571428571,1
"II","Int-Euclidean","B_TC",20,0.706666666666667,0.2,1
"III","Int-Euclidean","B_TC",20,0.554285714285714,-0.0857142857142856,1
"IV","Int-Euclidean","B_TC",20,0.706666666666667,0.146666666666667,1
"I","Wasserstein","B_TC",20,0.885714285714286,0.714285714285714,1
"II","Wasserstein","B_TC",20,0.696,0.28,1
"III","Wasserstein","B_TC",20,0.868571428571428,0.657142857142857,1
"IV","Wasserstein","B_TC",20,0.785310337989839,0.333333333333333,1
"I","Centers-Euclidean","Q_LC",20,0.769282032302755,0.5,1
"II","Centers-Euclidean","Q_LC",20,0.636990455883066,0.2,0.979655069847577
"III","Centers-Euclidean","Q_LC",20,0.79740776559557,0.39444981726688,1
"IV","Centers-Euclidean","Q_LC",20,0.564252956615394,-0.166666666666667,1
"I","Hausdorff","Q_LC",20,0.853955554829849,0.714285714285714,1
"II","Hausdorff","Q_LC",20,0.655589425521788,0.0552052447473884,0.979655069847577
"III","Hausdorff","Q_LC",20,0.916592591383082,0.714285714285714,1
"IV","Hausdorff","Q_LC",20,0.785559629720772,0.496847202726495,1
"I","Ichino-Yaguchi","Q_LC",20,0.882747089705188,0.714285714285714,1
"II","Ichino-Yaguchi","Q_LC",20,0.643651841454131,0.245615734242165,1
"III","Ichino-Yaguchi","Q_LC",20,0.845714285714286,0.571428571428571,1
"IV","Ichino-Yaguchi","Q_LC",20,0.558897758798992,0.109474533787749,0.979655069847577
"I","Int-Euclidean","Q_LC",20,0.845494179410375,0.714285714285714,1
"II","Int-Euclidean","Q_LC",20,0.702365334531528,0.285714285714286,1
"III","Int-Euclidean","Q_LC",20,0.871318518276616,0.457142857142857,1
"IV","Int-Euclidean","Q_LC",20,0.824852825590778,0.528021162811653,1
"I","Wasserstein","Q_LC",20,0.882747089705188,0.714285714285714,1
"II","Wasserstein","Q_LC",20,0.639293884416673,0.2,0.906436713231718
"III","Wasserstein","Q_LC",20,0.85831335327426,0.657142857142857,1
"IV","Wasserstein","Q_LC",20,0.647941288617339,0.142857142857143,1
"I","Centers-Euclidean","Q_RE",20,0.94,0.5,1
"II","Centers-Euclidean","Q_RE",20,0.754666666666667,0.0933333333333334,1
"III","Centers-Euclidean","Q_RE",20,0.96,0.5,1
"IV","Centers-Euclidean","Q_RE",20,0.968,0.76,1
"I","Hausdorff","Q_RE",20,0.942857142857143,0.714285714285714,1
"II","Hausdorff","Q_RE",20,0.776,0.2,1
"III","Hausdorff","Q_RE",20,0.954285714285714,0.714285714285714,1
"IV","Hausdorff","Q_RE",20,0.973333333333333,0.813333333333333,1
"I","Ichino-Yaguchi","Q_RE",20,0.965714285714286,0.714285714285714,1
"II","Ichino-Yaguchi","Q_RE",20,0.749333333333333,0.0933333333333334,1
"III","Ichino-Yaguchi","Q_RE",20,0.96,0.657142857142857,1
"IV","Ichino-Yaguchi","Q_RE",20,0.925333333333333,0.6,1
"I","Int-Euclidean","Q_RE",20,0.965714285714286,0.714285714285714,1
"II","Int-Euclidean","Q_RE",20,0.802666666666667,0.12,1
"III","Int-Euclidean","Q_RE",20,0.994285714285714,0.942857142857143,1
"IV","Int-Euclidean","Q_RE",20,0.984,0.813333333333333,1
"I","Wasserstein","Q_RE",20,1,1,1
"II","Wasserstein","Q_RE",20,0.776,0.0933333333333334,1
"III","Wasserstein","Q_RE",20,0.92,0.714285714285714,1
"IV","Wasserstein","Q_RE",20,0.973333333333333,0.733333333333333,1
"I","Centers-Euclidean","Q_TC",20,0.76,0.5,1
"II","Centers-Euclidean","Q_TC",20,0.781333333333333,0.333333333333333,1
"III","Centers-Euclidean","Q_TC",20,0.726666666666667,0.5,1
"IV","Centers-Euclidean","Q_TC",20,0.541100151504938,0.2,0.866666666666667
"I","Hausdorff","Q_TC",20,0.874285714285714,0.714285714285714,1
"II","Hausdorff","Q_TC",20,0.717333333333333,0.28,1
"III","Hausdorff","Q_TC",20,0.965714285714286,0.714285714285714,1
"IV","Hausdorff","Q_TC",20,0.816935955707027,0.6,1
"I","Ichino-Yaguchi","Q_TC",20,0.897142857142857,0.714285714285714,1
"II","Ichino-Yaguchi","Q_TC",20,0.75789490675755,0.328423601363248,1
"III","Ichino-Yaguchi","Q_TC",20,0.914285714285714,0.714285714285714,1
"IV","Ichino-Yaguchi","Q_TC",20,0.792,0.6,1
"I","Int-Euclidean","Q_TC",20,0.84,0.714285714285714,1
"II","Int-Euclidean","Q_TC",20,0.712,0.2,1
"III","Int-Euclidean","Q_TC",20,0.908571428571428,0.714285714285714,1
"IV","Int-Euclidean","Q_TC",20,0.802200303009876,0.6,1
"I","Wasserstein","Q_TC",20,0.92,0.714285714285714,1
"II","Wasserstein","Q_TC",20,0.754666666666667,0.2,1
"III","Wasserstein","Q_TC",20,0.925714285714286,0.657142857142857,1
"IV","Wasserstein","Q_TC",20,0.864935955707028,0.6,1
"I","Centers-Euclidean","B_LC",40,0.82158402871356,0.433333333333333,1
"II","Centers-Euclidean","B_LC",40,0.686410489494777,0.146666666666667,1
"III","Centers-Euclidean","B_LC",40,0.741188795841858,0.333333333333333,1
"IV","Centers-Euclidean","B_LC",40,0.684118205110921,0.328423601363248,1
"I","Hausdorff","B_LC",40,0.831098411972706,0.714285714285714,1
"II","Hausdorff","B_LC",40,0.677254492155637,0.310410489494777,1
"III","Hausdorff","B_LC",40,0.605901365144643,0.228571428571429,1
"IV","Hausdorff","B_LC",40,0.653333333333333,0.2,1
"I","Ichino-Yaguchi","B_LC",40,0.868571428571428,0.714285714285714,1
"II","Ichino-Yaguchi","B_LC",40,0.695254463827825,0.146666666666667,1
"III","Ichino-Yaguchi","B_LC",40,0.692071300400674,0.260378489427904,1
"IV","Ichino-Yaguchi","B_LC",40,0.605333333333333,0.0666666666666667,1
"I","Int-Euclidean","B_LC",40,0.835146350819273,0.628846059568423,1
"II","Int-Euclidean","B_LC",40,0.715123118520621,0.245615734242165,1
"III","Int-Euclidean","B_LC",40,0.263072851676146,-0.685714285714286,0.914285714285714
"IV","Int-Euclidean","B_LC",40,0.725100151504938,0.333333333333333,1
"I","Wasserstein","B_LC",40,0.875456210417117,0.571428571428571,1
"II","Wasserstein","B_LC",40,0.702873511446872,0.175205244747388,1
"III","Wasserstein","B_LC",40,0.752830678752091,0.457142857142857,1
"IV","Wasserstein","B_LC",40,0.638223298353371,0.109474533787749,0.92
"I","Centers-Euclidean","B_RE",40,0.96,0.5,1
"II","Centers-Euclidean","B_RE",40,0.888,0.466666666666667,1
"III","Centers-Euclidean","B_RE",40,0.94,0.433333333333333,1
"IV","Centers-Euclidean","B_RE",40,0.941333333333333,0.546666666666667,1
"I","Hausdorff","B_RE",40,0.988571428571428,0.885714285714286,1
"II","Hausdorff","B_RE",40,0.898666666666667,0.6,1
"III","Hausdorff","B_RE",40,1,1,1
"IV","Hausdorff","B_RE",40,0.936,0.546666666666667,1
"I","Ichino-Yaguchi","B_RE",40,0.977142857142857,0.714285714285714,1
"II","Ichino-Yaguchi","B_RE",40,0.882666666666667,0.466666666666667,1
"III","Ichino-Yaguchi","B_RE",40,0.937142857142857,0.714285714285714,1
"IV","Ichino-Yaguchi","B_RE",40,0.856,0.493333333333333,1
"I","Int-Euclidean","B_RE",40,0.954285714285714,0.714285714285714,1
"II","Int-Euclidean","B_RE",40,0.92,0.733333333333333,1
"III","Int-Euclidean","B_RE",40,0.851428571428571,0.571428571428571,1
"IV","Int-Euclidean","B_RE",40,0.952,0.68,1
"I","Wasserstein","B_RE",40,0.988571428571428,0.885714285714286,1
"II","Wasserstein","B_RE",40,0.914666666666667,0.546666666666667,1
"III","Wasserstein","B_RE",40,0.977142857142857,0.8,1
"IV","Wasserstein","B_RE",40,0.904,0.546666666666667,1
"I","Centers-Euclidean","B_TC",40,0.74,0.5,1
"II","Centers-Euclidean","B_TC",40,0.594666666666667,0.2,1
"III","Centers-Euclidean","B_TC",40,0.68,0.333333333333333,1
"IV","Centers-Euclidean","B_TC",40,0.58353363634321,-0.2,1
"I","Hausdorff","B_TC",40,0.854175661133759,0.714285714285714,1
"II","Hausdorff","B_TC",40,0.589333333333333,0.2,1
"III","Hausdorff","B_TC",40,0.788571428571428,0.457142857142857,1
"IV","Hausdorff","B_TC",40,0.6,0.04,1
"I","Ichino-Yaguchi","B_TC",40,0.897142857142857,0.714285714285714,1
"II","Ichino-Yaguchi","B_TC",40,0.603977004656505,0.2,1
"III","Ichino-Yaguchi","B_TC",40,0.817142857142857,0.514285714285714,1
"IV","Ichino-Yaguchi","B_TC",40,0.749333333333333,0.28,1
"I","Int-Euclidean","B_TC",40,0.828571428571429,0.571428571428571,1
"II","Int-Euclidean","B_TC",40,0.648,0.333333333333333,1
"III","Int-Euclidean","B_TC",40,0.234285714285714,-0.914285714285714,1
"IV","Int-Euclidean","B_TC",40,0.338666666666667,-0.253333333333333,0.866666666666667
"I","Wasserstein","B_TC",40,0.885714285714286,0.714285714285714,1
"II","Wasserstein","B_TC",40,0.605333333333333,0.28,1
"III","Wasserstein","B_TC",40,0.862857142857143,0.657142857142857,1
"IV","Wasserstein","B_TC",40,0.710643671323172,0.28,1
"I","Centers-Euclidean","Q_LC",40,0.834641016151378,0.5,1
"II","Centers-Euclidean","Q_LC",40,0.443898163478809,-0.276026223736942,0.979655069847577
"III","Centers-Euclidean","Q_LC",40,0.729282032302755,0.333333333333333,1
"IV","Centers-Euclidean","Q_LC",40,0.546192801465971,-0.166666666666667,1
"I","Hausdorff","Q_LC",40,0.825604232562331,0.714285714285714,1
"II","Hausdorff","Q_LC",40,0.402614105881536,-0.276026223736942,1
"III","Hausdorff","Q_LC",40,0.933955554829849,0.714285714285714,1
"IV","Hausdorff","Q_LC",40,0.725193650067944,0.112380952380952,1
"I","Ichino-Yaguchi","Q_LC",40,0.859889946848045,0.714285714285714,1
"II","Ichino-Yaguchi","Q_LC",40,0.462939212428286,-0.276026223736942,1
"III","Ichino-Yaguchi","Q_LC",40,0.79018271540431,0.571428571428571,1
"IV","Ichino-Yaguchi","Q_LC",40,0.552094660923219,0.146666666666667,1
"I","Int-Euclidean","Q_LC",40,0.848461375419473,0.714285714285714,1
"II","Int-Euclidean","Q_LC",40,0.502052532457319,-0.230410489494777,1
"III","Int-Euclidean","Q_LC",40,0.791318518276616,0.371428571428571,1
"IV","Int-Euclidean","Q_LC",40,0.832714009759017,0.466299822826816,1
"I","Wasserstein","Q_LC",40,0.859889946848045,0.714285714285714,1
"II","Wasserstein","Q_LC",40,0.44258782548897,-0.253333333333333,0.92
"III","Wasserstein","Q_LC",40,0.864230687709737,0.528021162811653,1
"IV","Wasserstein","Q_LC",40,0.611924793520756,0.140919530461674,1
"I","Centers-Euclidean","Q_RE",40,0.96,0.5,1
"II","Centers-Euclidean","Q_RE",40,0.648,0.0933333333333334,1
"III","Centers-Euclidean","Q_RE",40,0.94,0.333333333333333,1
"IV","Centers-Euclidean","Q_RE",40,0.957333333333333,0.6,1
"I","Hausdorff","Q_RE",40,0.965714285714286,0.714285714285714,1
"II","Hausdorff","Q_RE",40,0.690666666666667,0.2,1
"III","Hausdorff","Q_RE",40,0.965714285714286,0.714285714285714,1
"IV","Hausdorff","Q_RE",40,0.957333333333333,0.733333333333333,1
"I","Ichino-Yaguchi","Q_RE",40,0.931428571428571,0.714285714285714,1
"II","Ichino-Yaguchi","Q_RE",40,0.637333333333333,-0.0666666666666667,1
"III","Ichino-Yaguchi","Q_RE",40,0.965714285714286,0.714285714285714,1
"IV","Ichino-Yaguchi","Q_RE",40,0.936,0.733333333333333,1
"I","Int-Euclidean","Q_RE",40,0.977142857142857,0.714285714285714,1
"II","Int-Euclidean","Q_RE",40,0.674666666666667,0.04,1
"III","Int-Euclidean","Q_RE",40,0.942857142857143,0.657142857142857,1
"IV","Int-Euclidean","Q_RE",40,0.978666666666667,0.733333333333333,1
"I","Wasserstein","Q_RE",40,1,1,1
"II","Wasserstein","Q_RE",40,0.648,0.0933333333333334,1
"III","Wasserstein","Q_RE",40,0.92,0.714285714285714,1
"IV","Wasserstein","Q_RE",40,0.978666666666667,0.733333333333333,1
"I","Centers-Euclidean","Q_TC",40,0.74,0.5,1
"II","Centers-Euclidean","Q_TC",40,0.738666666666667,0.28,1
"III","Centers-Euclidean","Q_TC",40,0.713333333333333,0.333333333333333,1
"IV","Centers-Euclidean","Q_TC",40,0.642807867121083,0.2,0.866666666666667
"I","Hausdorff","Q_TC",40,0.851428571428571,0.714285714285714,1
"II","Hausdorff","Q_TC",40,0.685333333333333,0.28,1
"III","Hausdorff","Q_TC",40,0.931428571428571,0.571428571428571,1
"IV","Hausdorff","Q_TC",40,0.813333333333333,0.6,1
"I","Ichino-Yaguchi","Q_TC",40,0.908571428571428,0.714285714285714,1
"II","Ichino-Yaguchi","Q_TC",40,0.747228240090883,0.333333333333333,1
"III","Ichino-Yaguchi","Q_TC",40,0.885714285714286,0.514285714285714,1
"IV","Ichino-Yaguchi","Q_TC",40,0.813333333333333,0.6,1
"I","Int-Euclidean","Q_TC",40,0.862857142857143,0.714285714285714,1
"II","Int-Euclidean","Q_TC",40,0.738666666666667,0.28,1
"III","Int-Euclidean","Q_TC",40,0.851428571428571,0.714285714285714,1
"IV","Int-Euclidean","Q_TC",40,0.817310337989838,0.6,1
"I","Wasserstein","Q_TC",40,0.897142857142857,0.714285714285714,1
"II","Wasserstein","Q_TC",40,0.754666666666667,0.413333333333333,1
"III","Wasserstein","Q_TC",40,0.885714285714286,0.571428571428571,1
"IV","Wasserstein","Q_TC",40,0.795977004656505,0.6,1
