"IDR","Metric","Q_TC","B_TC","Q_RE","B_RE","Q_LC","B_LC","rep","kind"
"C-PCA","Int-Euclidean",0.001,0.218,0.001,0.117,0.001,0.001,1,"minP"
"C-PCA","Hausdorff",0.001,0.001,0.001,0.009,0.001,0.001,1,"minP"
"C-PCA","Ichino-Yaguchi",0.001,0.001,0.001,0.001,0.001,0.001,1,"minP"
"C-PCA","Wasserstein",0.001,0.001,0.001,0.001,0.001,0.001,1,"minP"
"C-PCA","Centers-Euclidean",0.001,0.001,0.001,0.001,0.001,0.001,1,"minP"
"V-PCA","Int-Euclidean",0.001,0.201,0.001,0.111,0.001,0.001,1,"minP"
"V-PCA","Hausdorff",0.001,0.001,0.001,0.018,0.001,0.001,1,"minP"
"V-PCA","Ichino-Yaguchi",0.001,0.001,0.001,0.001,0.001,0.001,1,"minP"
"V-PCA","Wasserstein",0.001,0.001,0.001,0.001,0.001,0.001,1,"minP"
"V-PCA","Centers-Euclidean",0.001,0.001,0.001,0.001,0.001,0.001,1,"minP"
"MR-PCA","Int-Euclidean",0.001,0.001,0.001,0.001,0.001,0.001,1,"minP"
"MR-PCA","Hausdorff",0.001,0.001,0.001,0.001,0.001,0.001,1,"minP"
"MR-PCA","Ichino-Yaguchi",0.001,0.001,0.001,0.001,0.001,0.001,1,"minP"
"MR-PCA","Wasserstein",0.001,0.001,0.001,0.001,0.001,0.001,1,"minP"
"MR-PCA","Centers-Euclidean",0.001,0.001,0.001,0.001,0.001,0.001,1,"minP"
"SPCA","Int-Euclidean",0.001,0.172,0.001,0.075,0.001,0.001,1,"minP"
"SPCA","Hausdorff",0.001,0.018,0.001,0.001,0.001,0.001,1,"minP"
"SPCA","Ichino-Yaguchi",0.001,0.001,0.001,0.001,0.001,0.001,1,"minP"
"SPCA","Wasserstein",0.001,0.001,0.001,0.001,0.001,0.001,1,"minP"
"SPCA","Centers-Euclidean",0.001,0.001,0.001,0.001,0.001,0.001,1,"minP"
"IMDS","Int-Euclidean",0.009,0.608,0.009,0.791,0.119,0.999,1,"minP"
"IMDS","Hausdorff",0.001,0.001,0.001,0.001,0.001,0.984,1,"minP"
"IMDS","Ichino-Yaguchi",0.001,0.001,0.001,0.001,0.001,0.089,1,"minP"
"IMDS","Wasserstein",0.001,0.001,0.001,0.001,0.001,0.973,1,"minP"
"IMDS","Centers-Euclidean",0.841,1,0.994,0.992,1,0.996,1,"minP"
"Int-UMAP","Int-Euclidean",0.001,0.011,0.001,0.093,0.001,0.939,1,"minP"
"Int-UMAP","Hausdorff",0.001,0.917,0.001,1,0.001,0.001,1,"minP"
"Int-UMAP","Ichino-Yaguchi",0.001,0.073,0.001,0.316,0.001,0.001,1,"minP"
"Int-UMAP","Wasserstein",0.001,0.928,0.001,0.707,0.001,0.001,1,"minP"
"Int-UMAP","Centers-Euclidean",0.001,0.001,0.001,0.001,0.001,0.93,1,"minP"
"C-PCA","Int-Euclidean",0.001,0.303,0.001,0.136,0.001,0.001,2,"minP"
"C-PCA","Hausdorff",0.001,0.01,0.001,0.008,0.001,0.001,2,"minP"
"C-PCA","Ichino-Yaguchi",0.001,0.001,0.001,0.001,0.001,0.001,2,"minP"
"C-PCA","Wasserstein",0.001,0.001,0.001,0.001,0.001,0.001,2,"minP"
"C-PCA","Centers-Euclidean",0.001,0.001,0.001,0.001,0.001,0.001,2,"minP"
"V-PCA","Int-Euclidean",0.001,0.288,0.001,0.156,0.001,0.001,2,"minP"
"V-PCA","Hausdorff",0.001,0.008,0.001,0.009,0.001,0.001,2,"minP"
"V-PCA","Ichino-Yaguchi",0.001,0.001,0.001,0.001,0.001,0.001,2,"minP"
"V-PCA","Wasserstein",0.001,0.001,0.001,0.001,0.001,0.001,2,"minP"
"V-PCA","Centers-Euclidean",0.001,0.001,0.001,0.001,0.001,0.001,2,"minP"
"MR-PCA","Int-Euclidean",0.001,0.001,0.001,0.001,0.001,0.001,2,"minP"
"MR-PCA","Hausdorff",0.001,0.001,0.001,0.001,0.001,0.001,2,"minP"
"MR-PCA","Ichino-Yaguchi",0.001,0.001,0.001,0.001,0.001,0.001,2,"minP"
"MR-PCA","Wasserstein",0.001,0.001,0.001,0.001,0.001,0.001,2,"minP"
"MR-PCA","Centers-Euclidean",0.001,0.001,0.001,0.001,0.001,0.001,2,"minP"
"SPCA","Int-Euclidean",0.001,0.266,0.001,0.138,0.001,0.001,2,"minP"
"SPCA","Hausdorff",0.001,0.01,0.001,0.001,0.001,0.001,2,"minP"
"SPCA","Ichino-Yaguchi",0.001,0.001,0.001,0.001,0.001,0.001,2,"minP"
"SPCA","Wasserstein",0.001,0.001,0.001,0.001,0.001,0.001,2,"minP"
"SPCA","Centers-Euclidean",0.001,0.001,0.001,0.001,0.001,0.001,2,"minP"
"IMDS","Int-Euclidean",0.965,0.514,0.996,0.913,0.971,0.997,2,"minP"
"IMDS","Hausdorff",0.001,0.001,0.001,0.001,0.001,1,2,"minP"
"IMDS","Ichino-Yaguchi",0.001,0.001,0.001,0.001,0.001,0.924,2,"minP"
"IMDS","Wasserstein",0.001,0.001,0.001,0.001,0.001,1,2,"minP"
"IMDS","Centers-Euclidean",0.813,0.891,0.833,0.994,0.712,0.89,2,"minP"
"Int-UMAP","Int-Euclidean",0.001,0.026,0.001,0.122,0.001,0.995,2,"minP"
"Int-UMAP","Hausdorff",0.001,0.999,0.001,1,0.001,0.392,2,"minP"
"Int-UMAP","Ichino-Yaguchi",0.001,0.068,0.001,0.062,0.001,0.001,2,"minP"
"Int-UMAP","Wasserstein",0.001,0.805,0.001,0.542,0.001,0.128,2,"minP"
"Int-UMAP","Centers-Euclidean",0.001,0.001,0.001,0.001,0.001,0.001,2,"minP"
"C-PCA","Int-Euclidean",0.001,0.28,0.001,0.079,0.001,0.001,3,"minP"
"C-PCA","Hausdorff",0.001,0.01,0.001,0.023,0.001,0.001,3,"minP"
"C-PCA","Ichino-Yaguchi",0.001,0.001,0.001,0.001,0.001,0.001,3,"minP"
"C-PCA","Wasserstein",0.001,0.001,0.001,0.001,0.001,0.001,3,"minP"
"C-PCA","Centers-Euclidean",0.001,0.001,0.001,0.001,0.001,0.001,3,"minP"
"V-PCA","Int-Euclidean",0.001,0.248,0.001,0.077,0.001,0.001,3,"minP"
"V-PCA","Hausdorff",0.001,0.017,0.001,0.009,0.001,0.001,3,"minP"
"V-PCA","Ichino-Yaguchi",0.001,0.001,0.001,0.001,0.001,0.001,3,"minP"
"V-PCA","Wasserstein",0.001,0.001,0.001,0.001,0.001,0.001,3,"minP"
"V-PCA","Centers-Euclidean",0.001,0.001,0.001,0.001,0.001,0.001,3,"minP"
"MR-PCA","Int-Euclidean",0.001,0.001,0.001,0.001,0.001,0.001,3,"minP"
"MR-PCA","Hausdorff",0.001,0.001,0.001,0.001,0.001,0.001,3,"minP"
"MR-PCA","Ichino-Yaguchi",0.001,0.001,0.001,0.001,0.001,0.001,3,"minP"
"MR-PCA","Wasserstein",0.001,0.001,0.001,0.001,0.001,0.001,3,"minP"
"MR-PCA","Centers-Euclidean",0.001,0.001,0.001,0.001,0.001,0.001,3,"minP"
"SPCA","Int-Euclidean",0.001,0.261,0.001,0.054,0.001,0.001,3,"minP"
"SPCA","Hausdorff",0.001,0.001,0.001,0.001,0.001,0.001,3,"minP"
"SPCA","Ichino-Yaguchi",0.001,0.001,0.001,0.001,0.001,0.001,3,"minP"
"SPCA","Wasserstein",0.001,0.001,0.001,0.001,0.001,0.001,3,"minP"
"SPCA","Centers-Euclidean",0.001,0.001,0.001,0.001,0.001,0.001,3,"minP"
"IMDS","Int-Euclidean",0.872,0.054,0.98,0.185,0.989,1,3,"minP"
"IMDS","Hausdorff",0.001,0.001,0.001,0.001,0.001,1,3,"minP"
"IMDS","Ichino-Yaguchi",0.001,0.001,0.001,0.001,0.001,1,3,"minP"
"IMDS","Wasserstein",0.001,0.001,0.001,0.001,0.001,0.958,3,"minP"
"IMDS","Centers-Euclidean",1,0.999,0.999,0.979,0.672,0.963,3,"minP"
"Int-UMAP","Int-Euclidean",0.001,0.009,0.001,0.067,0.001,1,3,"minP"
"Int-UMAP","Hausdorff",0.001,1,0.001,0.999,0.001,0.118,3,"minP"
"Int-UMAP","Ichino-Yaguchi",0.001,0.009,0.001,0.001,0.001,0.001,3,"minP"
"Int-UMAP","Wasserstein",0.001,0.787,0.001,0.408,0.001,0.001,3,"minP"
"Int-UMAP","Centers-Euclidean",0.001,0.001,0.001,0.001,0.001,1,3,"minP"
"C-PCA","Int-Euclidean",0.001,0.084,0.001,0.028,0.001,0.001,4,"minP"
"C-PCA","Hausdorff",0.001,0.008,0.001,0.02,0.001,0.001,4,"minP"
"C-PCA","Ichino-Yaguchi",0.001,0.001,0.001,0.001,0.001,0.001,4,"minP"
"C-PCA","Wasserstein",0.001,0.001,0.001,0.001,0.001,0.001,4,"minP"
"C-PCA","Centers-Euclidean",0.001,0.001,0.001,0.001,0.001,0.001,4,"minP"
"V-PCA","Int-Euclidean",0.001,0.082,0.001,0.017,0.001,0.001,4,"minP"
"V-PCA","Hausdorff",0.001,0.001,0.001,0.001,0.001,0.001,4,"minP"
"V-PCA","Ichino-Yaguchi",0.001,0.001,0.001,0.001,0.001,0.001,4,"minP"
"V-PCA","Wasserstein",0.001,0.001,0.001,0.001,0.001,0.001,4,"minP"
"V-PCA","Centers-Euclidean",0.001,0.001,0.001,0.001,0.001,0.001,4,"minP"
"MR-PCA","Int-Euclidean",0.001,0.001,0.001,0.001,0.001,0.001,4,"minP"
"MR-PCA","Hausdorff",0.001,0.001,0.001,0.001,0.001,0.001,4,"minP"
"MR-PCA","Ichino-Yaguchi",0.001,0.001,0.001,0.001,0.001,0.001,4,"minP"
"MR-PCA","Wasserstein",0.001,0.001,0.001,0.001,0.001,0.001,4,"minP"
"MR-PCA","Centers-Euclidean",0.001,0.001,0.001,0.001,0.001,0.001,4,"minP"
"SPCA","Int-Euclidean",0.001,0.078,0.001,0.037,0.001,0.001,4,"minP"
"SPCA","Hausdorff",0.001,0.001,0.001,0.001,0.001,0.001,4,"minP"
"SPCA","Ichino-Yaguchi",0.001,0.001,0.001,0.001,0.001,0.001,4,"minP"
"SPCA","Wasserstein",0.001,0.001,0.001,0.001,0.001,0.001,4,"minP"
"SPCA","Centers-Euclidean",0.001,0.001,0.001,0.001,0.001,0.001,4,"minP"
"IMDS","Int-Euclidean",0.991,0.129,1,0.298,1,0.942,4,"minP"
"IMDS","Hausdorff",0.001,0.001,0.001,0.001,0.001,0.634,4,"minP"
"IMDS","Ichino-Yaguchi",0.001,0.001,0.001,0.001,0.001,0.715,4,"minP"
"IMDS","Wasserstein",0.001,0.001,0.001,0.001,0.001,0.296,4,"minP"
"IMDS","Centers-Euclidean",1,0.974,0.957,0.165,0.87,0.992,4,"minP"
"Int-UMAP","Int-Euclidean",0.001,0.15,0.001,0.648,0.001,0.011,4,"minP"
"Int-UMAP","Hausdorff",0.001,0.995,0.001,1,0.001,1,4,"minP"
"Int-UMAP","Ichino-Yaguchi",0.001,0.001,0.001,0.041,0.001,1,4,"minP"
"Int-UMAP","Wasserstein",0.001,0.953,0.001,0.866,0.001,0.001,4,"minP"
"Int-UMAP","Centers-Euclidean",0.001,0.001,0.001,0.001,0.001,0.081,4,"minP"
"C-PCA","Int-Euclidean",0.001,0.204,0.001,0.059,0.001,0.001,5,"minP"
"C-PCA","Hausdorff",0.001,0.001,0.001,0.008,0.001,0.001,5,"minP"
"C-PCA","Ichino-Yaguchi",0.001,0.001,0.001,0.001,0.001,0.001,5,"minP"
"C-PCA","Wasserstein",0.001,0.001,0.001,0.001,0.001,0.001,5,"minP"
"C-PCA","Centers-Euclidean",0.001,0.001,0.001,0.001,0.001,0.001,5,"minP"
"V-PCA","Int-Euclidean",0.001,0.27,0.001,0.133,0.001,0.001,5,"minP"
"V-PCA","Hausdorff",0.001,0.001,0.001,0.008,0.001,0.001,5,"minP"
"V-PCA","Ichino-Yaguchi",0.001,0.001,0.001,0.001,0.001,0.001,5,"minP"
"V-PCA","Wasserstein",0.001,0.001,0.001,0.001,0.001,0.001,5,"minP"
"V-PCA","Centers-Euclidean",0.001,0.001,0.001,0.001,0.001,0.001,5,"minP"
"MR-PCA","Int-Euclidean",0.001,0.001,0.001,0.001,0.001,0.001,5,"minP"
"MR-PCA","Hausdorff",0.001,0.001,0.001,0.001,0.001,0.001,5,"minP"
"MR-PCA","Ichino-Yaguchi",0.001,0.001,0.001,0.001,0.001,0.001,5,"minP"
"MR-PCA","Wasserstein",0.001,0.001,0.001,0.001,0.001,0.001,5,"minP"
"MR-PCA","Centers-Euclidean",0.001,0.001,0.001,0.001,0.001,0.001,5,"minP"
"SPCA","Int-Euclidean",0.001,0.252,0.001,0.058,0.001,0.001,5,"minP"
"SPCA","Hausdorff",0.001,0.008,0.001,0.001,0.001,0.001,5,"minP"
"SPCA","Ichino-Yaguchi",0.001,0.001,0.001,0.001,0.001,0.001,5,"minP"
"SPCA","Wasserstein",0.001,0.001,0.001,0.001,0.001,0.001,5,"minP"
"SPCA","Centers-Euclidean",0.001,0.001,0.001,0.001,0.001,0.001,5,"minP"
"IMDS","Int-Euclidean",0.639,0.832,0.934,0.982,1,0.969,5,"minP"
"IMDS","Hausdorff",0.001,0.001,0.001,0.001,0.001,0.984,5,"minP"
"IMDS","Ichino-Yaguchi",0.001,0.001,0.001,0.001,0.001,0.996,5,"minP"
"IMDS","Wasserstein",0.001,0.001,0.001,0.001,0.034,0.255,5,"minP"
"IMDS","Centers-Euclidean",1,0.972,1,1,1,1,5,"minP"
"Int-UMAP","Int-Euclidean",0.001,0.057,0.001,0.392,0.001,0.121,5,"minP"
"Int-UMAP","Hausdorff",0.001,0.704,0.001,1,0.001,0.001,5,"minP"
"Int-UMAP","Ichino-Yaguchi",0.001,0.198,0.001,0.057,0.001,0.001,5,"minP"
"Int-UMAP","Wasserstein",0.001,0.865,0.001,0.36,0.001,0.001,5,"minP"
"Int-UMAP","Centers-Euclidean",0.001,0.001,0.001,0.001,0.001,1,5,"minP"
"C-PCA","Int-Euclidean",0.001,0.359,0.001,0.201,0.001,0.001,6,"minP"
"C-PCA","Hausdorff",0.001,0.016,0.001,0.001,0.001,0.001,6,"minP"
"C-PCA","Ichino-Yaguchi",0.001,0.001,0.001,0.001,0.001,0.001,6,"minP"
"C-PCA","Wasserstein",0.001,0.001,0.001,0.001,0.001,0.001,6,"minP"
"C-PCA","Centers-Euclidean",0.001,0.001,0.001,0.001,0.001,0.001,6,"minP"
"V-PCA","Int-Euclidean",0.001,0.34,0.001,0.167,0.001,0.001,6,"minP"
"V-PCA","Hausdorff",0.001,0.011,0.001,0.008,0.001,0.001,6,"minP"
"V-PCA","Ichino-Yaguchi",0.001,0.001,0.001,0.001,0.001,0.001,6,"minP"
"V-PCA","Wasserstein",0.001,0.001,0.001,0.001,0.001,0.001,6,"minP"
"V-PCA","Centers-Euclidean",0.001,0.001,0.001,0.001,0.001,0.001,6,"minP"
"MR-PCA","Int-Euclidean",0.001,0.001,0.001,0.001,0.001,0.001,6,"minP"
"MR-PCA","Hausdorff",0.001,0.001,0.001,0.001,0.001,0.001,6,"minP"
"MR-PCA","Ichino-Yaguchi",0.001,0.001,0.001,0.001,0.001,0.001,6,"minP"
"MR-PCA","Wasserstein",0.001,0.001,0.001,0.001,0.001,0.001,6,"minP"
"MR-PCA","Centers-Euclidean",0.001,0.001,0.001,0.001,0.001,0.001,6,"minP"
"SPCA","Int-Euclidean",0.001,0.346,0.001,0.168,0.001,0.001,6,"minP"
"SPCA","Hausdorff",0.001,0.01,0.001,0.009,0.001,0.001,6,"minP"
"SPCA","Ichino-Yaguchi",0.001,0.001,0.001,0.001,0.001,0.001,6,"minP"
"SPCA","Wasserstein",0.001,0.001,0.001,0.001,0.001,0.001,6,"minP"
"SPCA","Centers-Euclidean",0.001,0.001,0.001,0.001,0.001,0.001,6,"minP"
"IMDS","Int-Euclidean",1,0.01,1,0.009,1,1,6,"minP"
"IMDS","Hausdorff",0.001,0.001,0.001,0.001,0.001,1,6,"minP"
"IMDS","Ichino-Yaguchi",0.001,0.001,0.001,0.001,0.001,0.01,6,"minP"
"IMDS","Wasserstein",0.001,0.001,0.001,0.001,0.001,0.99,6,"minP"
"IMDS","Centers-Euclidean",0.998,1,0.998,0.653,1,0.97,6,"minP"
"Int-UMAP","Int-Euclidean",0.001,0.238,0.001,0.553,0.001,0.996,6,"minP"
"Int-UMAP","Hausdorff",0.001,1,0.001,1,0.001,0.562,6,"minP"
"Int-UMAP","Ichino-Yaguchi",0.001,0.01,0.001,0.03,0.001,0.994,6,"minP"
"Int-UMAP","Wasserstein",0.001,0.858,0.001,0.578,0.001,0.001,6,"minP"
"Int-UMAP","Centers-Euclidean",0.001,0.001,0.001,0.001,0.001,1,6,"minP"
"C-PCA","Int-Euclidean",0.001,0.064,0.001,0.01,0.001,0.001,7,"minP"
"C-PCA","Hausdorff",0.001,0.001,0.001,0.01,0.001,0.001,7,"minP"
"C-PCA","Ichino-Yaguchi",0.001,0.001,0.001,0.001,0.001,0.001,7,"minP"
"C-PCA","Wasserstein",0.001,0.001,0.001,0.001,0.001,0.001,7,"minP"
"C-PCA","Centers-Euclidean",0.001,0.001,0.001,0.001,0.001,0.001,7,"minP"
"V-PCA","Int-Euclidean",0.001,0.065,0.001,0.021,0.001,0.001,7,"minP"
"V-PCA","Hausdorff",0.001,0.001,0.001,0.001,0.001,0.001,7,"minP"
"V-PCA","Ichino-Yaguchi",0.001,0.001,0.001,0.001,0.001,0.001,7,"minP"
"V-PCA","Wasserstein",0.001,0.001,0.001,0.001,0.001,0.001,7,"minP"
"V-PCA","Centers-Euclidean",0.001,0.001,0.001,0.001,0.001,0.001,7,"minP"
"MR-PCA","Int-Euclidean",0.001,0.001,0.001,0.001,0.001,0.001,7,"minP"
"MR-PCA","Hausdorff",0.001,0.001,0.001,0.001,0.001,0.001,7,"minP"
"MR-PCA","Ichino-Yaguchi",0.001,0.001,0.001,0.001,0.001,0.001,7,"minP"
"MR-PCA","Wasserstein",0.001,0.001,0.001,0.001,0.001,0.001,7,"minP"
"MR-PCA","Centers-Euclidean",0.001,0.001,0.001,0.001,0.001,0.001,7,"minP"
"SPCA","Int-Euclidean",0.001,0.11,0.001,0.018,0.001,0.001,7,"minP"
"SPCA","Hausdorff",0.001,0.001,0.001,0.001,0.001,0.001,7,"minP"
"SPCA","Ichino-Yaguchi",0.001,0.001,0.001,0.001,0.001,0.001,7,"minP"
"SPCA","Wasserstein",0.001,0.001,0.001,0.001,0.001,0.001,7,"minP"
"SPCA","Centers-Euclidean",0.001,0.001,0.001,0.001,0.001,0.001,7,"minP"
"IMDS","Int-Euclidean",1,0.001,1,0.009,1,0.987,7,"minP"
"IMDS","Hausdorff",0.001,0.001,0.001,0.001,0.177,1,7,"minP"
"IMDS","Ichino-Yaguchi",0.001,0.001,0.001,0.001,0.001,0.859,7,"minP"
"IMDS","Wasserstein",0.001,0.085,0.001,0.001,0.222,0.134,7,"minP"
"IMDS","Centers-Euclidean",0.999,1,1,0.865,1,1,7,"minP"
"Int-UMAP","Int-Euclidean",0.001,0.008,0.001,0.117,0.001,1,7,"minP"
"Int-UMAP","Hausdorff",0.001,0.537,0.001,1,0.001,0.001,7,"minP"
"Int-UMAP","Ichino-Yaguchi",0.001,0.574,0.001,0.034,0.001,0.001,7,"minP"
"Int-UMAP","Wasserstein",0.001,1,0.001,0.301,0.001,0.001,7,"minP"
"Int-UMAP","Centers-Euclidean",0.001,0.001,0.001,0.001,0.001,0.009,7,"minP"
"C-PCA","Int-Euclidean",0.001,0.152,0.001,0.079,0.001,0.001,8,"minP"
"C-PCA","Hausdorff",0.001,0.001,0.001,0.027,0.001,0.001,8,"minP"
"C-PCA","Ichino-Yaguchi",0.001,0.001,0.001,0.001,0.001,0.001,8,"minP"
"C-PCA","Wasserstein",0.001,0.001,0.001,0.001,0.001,0.001,8,"minP"
"C-PCA","Centers-Euclidean",0.001,0.001,0.001,0.001,0.001,0.001,8,"minP"
"V-PCA","Int-Euclidean",0.001,0.097,0.001,0.064,0.001,0.001,8,"minP"
"V-PCA","Hausdorff",0.001,0.007,0.001,0.018,0.001,0.001,8,"minP"
"V-PCA","Ichino-Yaguchi",0.001,0.001,0.001,0.001,0.001,0.001,8,"minP"
"V-PCA","Wasserstein",0.001,0.001,0.001,0.001,0.001,0.001,8,"minP"
"V-PCA","Centers-Euclidean",0.001,0.001,0.001,0.001,0.001,0.001,8,"minP"
"MR-PCA","Int-Euclidean",0.001,0.001,0.001,0.001,0.001,0.001,8,"minP"
"MR-PCA","Hausdorff",0.001,0.001,0.001,0.001,0.001,0.001,8,"minP"
"MR-PCA","Ichino-Yaguchi",0.001,0.001,0.001,0.001,0.001,0.001,8,"minP"
"MR-PCA","Wasserstein",0.001,0.001,0.001,0.001,0.001,0.001,8,"minP"
"MR-PCA","Centers-Euclidean",0.001,0.001,0.001,0.001,0.001,0.001,8,"minP"
"SPCA","Int-Euclidean",0.001,0.162,0.001,0.092,0.001,0.001,8,"minP"
"SPCA","Hausdorff",0.001,0.009,0.001,0.031,0.001,0.001,8,"minP"
"SPCA","Ichino-Yaguchi",0.001,0.001,0.001,0.001,0.001,0.001,8,"minP"
"SPCA","Wasserstein",0.001,0.001,0.001,0.001,0.001,0.001,8,"minP"
"SPCA","Centers-Euclidean",0.001,0.001,0.001,0.001,0.001,0.001,8,"minP"
"IMDS","Int-Euclidean",1,0.041,1,0.147,0.999,1,8,"minP"
"IMDS","Hausdorff",0.001,0.001,0.001,0.001,0.001,0.956,8,"minP"
"IMDS","Ichino-Yaguchi",0.001,0.001,0.001,0.001,0.001,1,8,"minP"
"IMDS","Wasserstein",0.001,0.001,0.001,0.001,0.001,0.402,8,"minP"
"IMDS","Centers-Euclidean",1,1,0.998,0.969,1,1,8,"minP"
"Int-UMAP","Int-Euclidean",0.001,0.001,0.001,0.017,0.001,0.525,8,"minP"
"Int-UMAP","Hausdorff",0.001,0.8,0.001,0.96,0.001,0.187,8,"minP"
"Int-UMAP","Ichino-Yaguchi",0.001,0.171,0.001,0.379,0.001,0.001,8,"minP"
"Int-UMAP","Wasserstein",0.001,1,0.001,1,0.001,0.009,8,"minP"
"Int-UMAP","Centers-Euclidean",0.001,0.001,0.001,0.001,0.001,0.986,8,"minP"
"C-PCA","Int-Euclidean",0.001,0.157,0.001,0.054,0.001,0.001,9,"minP"
"C-PCA","Hausdorff",0.001,0.026,0.001,0.037,0.001,0.001,9,"minP"
"C-PCA","Ichino-Yaguchi",0.001,0.001,0.001,0.001,0.001,0.001,9,"minP"
"C-PCA","Wasserstein",0.001,0.001,0.001,0.001,0.001,0.001,9,"minP"
"C-PCA","Centers-Euclidean",0.001,0.001,0.001,0.001,0.001,0.001,9,"minP"
"V-PCA","Int-Euclidean",0.001,0.165,0.001,0.03,0.001,0.001,9,"minP"
"V-PCA","Hausdorff",0.001,0.031,0.001,0.016,0.001,0.001,9,"minP"
"V-PCA","Ichino-Yaguchi",0.001,0.001,0.001,0.001,0.001,0.001,9,"minP"
"V-PCA","Wasserstein",0.001,0.001,0.001,0.001,0.001,0.001,9,"minP"
"V-PCA","Centers-Euclidean",0.001,0.001,0.001,0.001,0.001,0.001,9,"minP"
"MR-PCA","Int-Euclidean",0.001,0.001,0.001,0.001,0.001,0.001,9,"minP"
"MR-PCA","Hausdorff",0.001,0.001,0.001,0.001,0.001,0.001,9,"minP"
"MR-PCA","Ichino-Yaguchi",0.001,0.001,0.001,0.001,0.001,0.001,9,"minP"
"MR-PCA","Wasserstein",0.001,0.001,0.001,0.001,0.001,0.001,9,"minP"
"MR-PCA","Centers-Euclidean",0.001,0.001,0.001,0.001,0.001,0.001,9,"minP"
"SPCA","Int-Euclidean",0.001,0.135,0.001,0.051,0.001,0.001,9,"minP"
"SPCA","Hausdorff",0.001,0.018,0.001,0.033,0.001,0.001,9,"minP"
"SPCA","Ichino-Yaguchi",0.001,0.001,0.001,0.001,0.001,0.001,9,"minP"
"SPCA","Wasserstein",0.001,0.001,0.001,0.001,0.001,0.001,9,"minP"
"SPCA","Centers-Euclidean",0.001,0.001,0.001,0.001,0.001,0.001,9,"minP"
"IMDS","Int-Euclidean",0.804,0.855,0.904,1,1,0.954,9,"minP"
"IMDS","Hausdorff",0.001,0.001,0.001,0.001,0.001,0.864,9,"minP"
"IMDS","Ichino-Yaguchi",0.001,0.001,0.001,0.001,0.001,0.128,9,"minP"
"IMDS","Wasserstein",0.001,0.001,0.001,0.001,0.001,0.53,9,"minP"
"IMDS","Centers-Euclidean",0.931,0.453,0.744,0.157,0.896,1,9,"minP"
"Int-UMAP","Int-Euclidean",0.001,0.065,0.001,0.638,0.001,0.001,9,"minP"
"Int-UMAP","Hausdorff",0.001,1,0.001,0.956,0.001,0.001,9,"minP"
"Int-UMAP","Ichino-Yaguchi",0.001,0.046,0.001,0.001,0.001,0.001,9,"minP"
"Int-UMAP","Wasserstein",0.001,0.926,0.001,0.299,0.001,0.001,9,"minP"
"Int-UMAP","Centers-Euclidean",0.001,0.001,0.001,0.001,0.001,0.326,9,"minP"
"C-PCA","Int-Euclidean",0.001,0.227,0.001,0.106,0.001,0.001,10,"minP"
"C-PCA","Hausdorff",0.001,0.007,0.001,0.009,0.001,0.001,10,"minP"
"C-PCA","Ichino-Yaguchi",0.001,0.001,0.001,0.001,0.001,0.001,10,"minP"
"C-PCA","Wasserstein",0.001,0.001,0.001,0.001,0.001,0.001,10,"minP"
"C-PCA","Centers-Euclidean",0.001,0.001,0.001,0.001,0.001,0.001,10,"minP"
"V-PCA","Int-Euclidean",0.001,0.266,0.001,0.134,0.001,0.001,10,"minP"
"V-PCA","Hausdorff",0.001,0.008,0.001,0.033,0.001,0.001,10,"minP"
"V-PCA","Ichino-Yaguchi",0.001,0.001,0.001,0.001,0.001,0.001,10,"minP"
"V-PCA","Wasserstein",0.001,0.001,0.001,0.001,0.001,0.001,10,"minP"
"V-PCA","Centers-Euclidean",0.001,0.001,0.001,0.001,0.001,0.001,10,"minP"
"MR-PCA","Int-Euclidean",0.001,0.001,0.001,0.001,0.001,0.001,10,"minP"
"MR-PCA","Hausdorff",0.001,0.001,0.001,0.001,0.001,0.001,10,"minP"
"MR-PCA","Ichino-Yaguchi",0.001,0.001,0.001,0.001,0.001,0.001,10,"minP"
"MR-PCA","Wasserstein",0.001,0.001,0.001,0.001,0.001,0.001,10,"minP"
"MR-PCA","Centers-Euclidean",0.001,0.001,0.001,0.001,0.001,0.001,10,"minP"
"SPCA","Int-Euclidean",0.001,0.253,0.001,0.105,0.001,0.001,10,"minP"
"SPCA","Hausdorff",0.001,0.024,0.001,0.008,0.001,0.001,10,"minP"
"SPCA","Ichino-Yaguchi",0.001,0.001,0.001,0.001,0.001,0.001,10,"minP"
"SPCA","Wasserstein",0.001,0.001,0.001,0.001,0.001,0.001,10,"minP"
"SPCA","Centers-Euclidean",0.001,0.001,0.001,0.001,0.001,0.001,10,"minP"
"IMDS","Int-Euclidean",0.613,0.026,0.822,0.043,0.759,1,10,"minP"
"IMDS","Hausdorff",0.001,0.001,0.001,0.001,0.001,0.129,10,"minP"
"IMDS","Ichino-Yaguchi",0.001,0.001,0.001,0.001,0.001,0.044,10,"minP"
"IMDS","Wasserstein",0.001,0.001,0.001,0.001,0.001,0.028,10,"minP"
"IMDS","Centers-Euclidean",1,1,1,1,1,1,10,"minP"
"Int-UMAP","Int-Euclidean",0.001,0.096,0.001,0.482,0.001,1,10,"minP"
"Int-UMAP","Hausdorff",0.001,0.999,0.001,1,0.001,0.986,10,"minP"
"Int-UMAP","Ichino-Yaguchi",0.001,0.024,0.001,0.009,0.001,0.038,10,"minP"
"Int-UMAP","Wasserstein",0.001,0.961,0.001,0.395,0.001,0.781,10,"minP"
"Int-UMAP","Centers-Euclidean",0.001,0.001,0.001,0.001,0.001,0.009,10,"minP"
"C-PCA","Int-Euclidean",0.001,0.089,0.001,0.048,0.001,0.001,11,"minP"
"C-PCA","Hausdorff",0.001,0.001,0.001,0.001,0.001,0.001,11,"minP"
"C-PCA","Ichino-Yaguchi",0.001,0.001,0.001,0.001,0.001,0.001,11,"minP"
"C-PCA","Wasserstein",0.001,0.001,0.001,0.001,0.001,0.001,11,"minP"
"C-PCA","Centers-Euclidean",0.001,0.001,0.001,0.001,0.001,0.001,11,"minP"
"V-PCA","Int-Euclidean",0.001,0.137,0.001,0.059,0.001,0.001,11,"minP"
"V-PCA","Hausdorff",0.001,0.001,0.001,0.001,0.001,0.001,11,"minP"
"V-PCA","Ichino-Yaguchi",0.001,0.001,0.001,0.001,0.001,0.001,11,"minP"
"V-PCA","Wasserstein",0.001,0.001,0.001,0.001,0.001,0.001,11,"minP"
"V-PCA","Centers-Euclidean",0.001,0.001,0.001,0.001,0.001,0.001,11,"minP"
"MR-PCA","Int-Euclidean",0.001,0.001,0.001,0.001,0.001,0.001,11,"minP"
"MR-PCA","Hausdorff",0.001,0.001,0.001,0.001,0.001,0.001,11,"minP"
"MR-PCA","Ichino-Yaguchi",0.001,0.001,0.001,0.001,0.001,0.001,11,"minP"
"MR-PCA","Wasserstein",0.001,0.001,0.001,0.001,0.001,0.001,11,"minP"
"MR-PCA","Centers-Euclidean",0.001,0.001,0.001,0.001,0.001,0.001,11,"minP"
"SPCA","Int-Euclidean",0.001,0.149,0.001,0.026,0.001,0.001,11,"minP"
"SPCA","Hausdorff",0.001,0.008,0.001,0.001,0.001,0.001,11,"minP"
"SPCA","Ichino-Yaguchi",0.001,0.001,0.001,0.001,0.001,0.001,11,"minP"
"SPCA","Wasserstein",0.001,0.001,0.001,0.001,0.001,0.001,11,"minP"
"SPCA","Centers-Euclidean",0.001,0.001,0.001,0.001,0.001,0.001,11,"minP"
"IMDS","Int-Euclidean",0.723,0.686,0.93,0.948,0.988,0.926,11,"minP"
"IMDS","Hausdorff",0.001,0.001,0.001,0.001,0.001,0.02,11,"minP"
"IMDS","Ichino-Yaguchi",0.001,0.001,0.001,0.001,0.001,0.495,11,"minP"
"IMDS","Wasserstein",0.001,0.001,0.001,0.001,0.001,0.336,11,"minP"
"IMDS","Centers-Euclidean",1,1,1,1,1,0.94,11,"minP"
"Int-UMAP","Int-Euclidean",0.001,0.026,0.001,0.166,0.001,0.934,11,"minP"
"Int-UMAP","Hausdorff",0.001,1,0.001,1,0.001,0.001,11,"minP"
"Int-UMAP","Ichino-Yaguchi",0.001,0.001,0.001,0.048,0.001,0.001,11,"minP"
"Int-UMAP","Wasserstein",0.001,0.99,0.001,0.851,0.001,0.001,11,"minP"
"Int-UMAP","Centers-Euclidean",0.001,0.001,0.001,0.001,0.001,1,11,"minP"
"C-PCA","Int-Euclidean",0.001,0.178,0.001,0.076,0.001,0.001,12,"minP"
"C-PCA","Hausdorff",0.001,0.009,0.001,0.01,0.001,0.001,12,"minP"
"C-PCA","Ichino-Yaguchi",0.001,0.001,0.001,0.001,0.001,0.001,12,"minP"
"C-PCA","Wasserstein",0.001,0.001,0.001,0.001,0.001,0.001,12,"minP"
"C-PCA","Centers-Euclidean",0.001,0.001,0.001,0.001,0.001,0.001,12,"minP"
"V-PCA","Int-Euclidean",0.001,0.163,0.001,0.038,0.001,0.001,12,"minP"
"V-PCA","Hausdorff",0.001,0.001,0.001,0.001,0.001,0.001,12,"minP"
"V-PCA","Ichino-Yaguchi",0.001,0.001,0.001,0.001,0.001,0.001,12,"minP"
"V-PCA","Wasserstein",0.001,0.001,0.001,0.001,0.001,0.001,12,"minP"
"V-PCA","Centers-Euclidean",0.001,0.001,0.001,0.001,0.001,0.001,12,"minP"
"MR-PCA","Int-Euclidean",0.001,0.001,0.001,0.001,0.001,0.001,12,"minP"
"MR-PCA","Hausdorff",0.001,0.001,0.001,0.001,0.001,0.001,12,"minP"
"MR-PCA","Ichino-Yaguchi",0.001,0.001,0.001,0.001,0.001,0.001,12,"minP"
"MR-PCA","Wasserstein",0.001,0.001,0.001,0.001,0.001,0.001,12,"minP"
"MR-PCA","Centers-Euclidean",0.001,0.001,0.001,0.001,0.001,0.001,12,"minP"
"SPCA","Int-Euclidean",0.001,0.108,0.001,0.023,0.001,0.001,12,"minP"
"SPCA","Hausdorff",0.001,0.001,0.001,0.001,0.001,0.001,12,"minP"
"SPCA","Ichino-Yaguchi",0.001,0.001,0.001,0.001,0.001,0.001,12,"minP"
"SPCA","Wasserstein",0.001,0.001,0.001,0.001,0.001,0.001,12,"minP"
"SPCA","Centers-Euclidean",0.001,0.001,0.001,0.001,0.001,0.001,12,"minP"
"IMDS","Int-Euclidean",1,0.468,1,0.563,1,1,12,"minP"
"IMDS","Hausdorff",0.001,0.001,0.001,0.001,0.001,0.993,12,"minP"
"IMDS","Ichino-Yaguchi",0.001,0.001,0.001,0.001,0.001,0.964,12,"minP"
"IMDS","Wasserstein",0.001,0.001,0.001,0.001,0.018,0.026,12,"minP"
"IMDS","Centers-Euclidean",1,1,1,1,0.967,0.931,12,"minP"
"Int-UMAP","Int-Euclidean",0.001,0.02,0.001,0.401,0.001,0.001,12,"minP"
"Int-UMAP","Hausdorff",0.001,0.992,0.001,1,0.001,0.001,12,"minP"
"Int-UMAP","Ichino-Yaguchi",0.001,0.195,0.001,0.216,0.001,0.001,12,"minP"
"Int-UMAP","Wasserstein",0.001,0.948,0.001,0.673,0.001,0.001,12,"minP"
"Int-UMAP","Centers-Euclidean",0.001,0.001,0.001,0.001,0.001,1,12,"minP"
"C-PCA","Int-Euclidean",0.001,0.296,0.001,0.106,0.001,0.001,13,"minP"
"C-PCA","Hausdorff",0.001,0.025,0.001,0.016,0.001,0.001,13,"minP"
"C-PCA","Ichino-Yaguchi",0.001,0.001,0.001,0.001,0.001,0.001,13,"minP"
"C-PCA","Wasserstein",0.001,0.001,0.001,0.001,0.001,0.001,13,"minP"
"C-PCA","Centers-Euclidean",0.001,0.001,0.001,0.001,0.001,0.001,13,"minP"
"V-PCA","Int-Euclidean",0.001,0.312,0.001,0.083,0.001,0.001,13,"minP"
"V-PCA","Hausdorff",0.001,0.024,0.001,0.008,0.001,0.001,13,"minP"
"V-PCA","Ichino-Yaguchi",0.001,0.001,0.001,0.001,0.001,0.001,13,"minP"
"V-PCA","Wasserstein",0.001,0.001,0.001,0.001,0.001,0.001,13,"minP"
"V-PCA","Centers-Euclidean",0.001,0.001,0.001,0.001,0.001,0.001,13,"minP"
"MR-PCA","Int-Euclidean",0.001,0.001,0.001,0.001,0.001,0.001,13,"minP"
"MR-PCA","Hausdorff",0.001,0.001,0.001,0.001,0.001,0.001,13,"minP"
"MR-PCA","Ichino-Yaguchi",0.001,0.001,0.001,0.001,0.001,0.001,13,"minP"
"MR-PCA","Wasserstein",0.001,0.001,0.001,0.001,0.001,0.001,13,"minP"
"MR-PCA","Centers-Euclidean",0.001,0.001,0.001,0.001,0.001,0.001,13,"minP"
"SPCA","Int-Euclidean",0.001,0.286,0.001,0.117,0.001,0.001,13,"minP"
"SPCA","Hausdorff",0.001,0.001,0.001,0.001,0.001,0.001,13,"minP"
"SPCA","Ichino-Yaguchi",0.001,0.001,0.001,0.001,0.001,0.001,13,"minP"
"SPCA","Wasserstein",0.001,0.001,0.001,0.001,0.001,0.001,13,"minP"
"SPCA","Centers-Euclidean",0.001,0.001,0.001,0.001,0.001,0.001,13,"minP"
"IMDS","Int-Euclidean",0.53,0.235,0.838,0.683,0.978,1,13,"minP"
"IMDS","Hausdorff",0.001,0.001,0.001,0.001,0.001,0.011,13,"minP"
"IMDS","Ichino-Yaguchi",0.001,0.001,0.001,0.001,0.001,0.026,13,"minP"
"IMDS","Wasserstein",0.001,0.001,0.001,0.001,0.001,0.098,13,"minP"
"IMDS","Centers-Euclidean",0.863,0.977,0.98,1,1,0.929,13,"minP"
"Int-UMAP","Int-Euclidean",0.001,0.001,0.001,0.04,0.001,0.675,13,"minP"
"Int-UMAP","Hausdorff",0.001,0.969,0.001,1,0.001,0.001,13,"minP"
"Int-UMAP","Ichino-Yaguchi",0.001,0.219,0.001,0.228,0.001,0.001,13,"minP"
"Int-UMAP","Wasserstein",0.001,0.87,0.001,0.457,0.001,0.001,13,"minP"
"Int-UMAP","Centers-Euclidean",0.001,0.001,0.001,0.001,0.001,0.067,13,"minP"
"C-PCA","Int-Euclidean",0.001,0.497,0.001,0.191,0.001,0.001,14,"minP"
"C-PCA","Hausdorff",0.001,0.018,0.001,0.051,0.001,0.001,14,"minP"
"C-PCA","Ichino-Yaguchi",0.001,0.001,0.001,0.001,0.001,0.001,14,"minP"
"C-PCA","Wasserstein",0.001,0.001,0.001,0.001,0.001,0.001,14,"minP"
"C-PCA","Centers-Euclidean",0.001,0.001,0.001,0.001,0.001,0.001,14,"minP"
"V-PCA","Int-Euclidean",0.001,0.515,0.001,0.257,0.001,0.001,14,"minP"
"V-PCA","Hausdorff",0.001,0.027,0.001,0.051,0.001,0.001,14,"minP"
"V-PCA","Ichino-Yaguchi",0.001,0.001,0.001,0.001,0.001,0.001,14,"minP"
"V-PCA","Wasserstein",0.001,0.001,0.001,0.001,0.001,0.001,14,"minP"
"V-PCA","Centers-Euclidean",0.001,0.001,0.001,0.001,0.001,0.001,14,"minP"
"MR-PCA","Int-Euclidean",0.001,0.001,0.001,0.001,0.001,0.001,14,"minP"
"MR-PCA","Hausdorff",0.001,0.001,0.001,0.001,0.001,0.001,14,"minP"
"MR-PCA","Ichino-Yaguchi",0.001,0.001,0.001,0.001,0.001,0.001,14,"minP"
"MR-PCA","Wasserstein",0.001,0.001,0.001,0.001,0.001,0.001,14,"minP"
"MR-PCA","Centers-Euclidean",0.001,0.001,0.001,0.001,0.001,0.001,14,"minP"
"SPCA","Int-Euclidean",0.001,0.458,0.001,0.224,0.001,0.001,14,"minP"
"SPCA","Hausdorff",0.001,0.031,0.001,0.055,0.001,0.001,14,"minP"
"SPCA","Ichino-Yaguchi",0.001,0.001,0.001,0.001,0.001,0.001,14,"minP"
"SPCA","Wasserstein",0.001,0.001,0.001,0.001,0.001,0.001,14,"minP"
"SPCA","Centers-Euclidean",0.001,0.001,0.001,0.001,0.001,0.001,14,"minP"
"IMDS","Int-Euclidean",0.897,0.304,0.93,0.44,0.89,0.976,14,"minP"
"IMDS","Hausdorff",0.001,0.001,0.001,0.001,0.001,0.167,14,"minP"
"IMDS","Ichino-Yaguchi",0.001,0.001,0.001,0.001,0.001,0.987,14,"minP"
"IMDS","Wasserstein",0.001,0.001,0.001,0.001,0.001,0.937,14,"minP"
"IMDS","Centers-Euclidean",0.463,1,0.502,0.992,0.167,0.974,14,"minP"
"Int-UMAP","Int-Euclidean",0.001,0.01,0.001,0.026,0.001,0.319,14,"minP"
"Int-UMAP","Hausdorff",0.001,0.258,0.001,0.782,0.001,0.006,14,"minP"
"Int-UMAP","Ichino-Yaguchi",0.001,0.944,0.001,0.907,0.001,0.44,14,"minP"
"Int-UMAP","Wasserstein",0.001,0.943,0.001,1,0.001,0.955,14,"minP"
"Int-UMAP","Centers-Euclidean",0.001,0.001,0.001,0.001,0.001,0.995,14,"minP"
"C-PCA","Int-Euclidean",0.001,0.092,0.001,0.025,0.001,0.001,15,"minP"
"C-PCA","Hausdorff",0.001,0.009,0.001,0.025,0.001,0.001,15,"minP"
"C-PCA","Ichino-Yaguchi",0.001,0.001,0.001,0.001,0.001,0.001,15,"minP"
"C-PCA","Wasserstein",0.001,0.001,0.001,0.001,0.001,0.001,15,"minP"
"C-PCA","Centers-Euclidean",0.001,0.001,0.001,0.001,0.001,0.001,15,"minP"
"V-PCA","Int-Euclidean",0.001,0.092,0.001,0.039,0.001,0.001,15,"minP"
"V-PCA","Hausdorff",0.001,0.007,0.001,0.001,0.001,0.001,15,"minP"
"V-PCA","Ichino-Yaguchi",0.001,0.001,0.001,0.001,0.001,0.001,15,"minP"
"V-PCA","Wasserstein",0.001,0.001,0.001,0.001,0.001,0.001,15,"minP"
"V-PCA","Centers-Euclidean",0.001,0.001,0.001,0.001,0.001,0.001,15,"minP"
"MR-PCA","Int-Euclidean",0.001,0.001,0.001,0.001,0.001,0.001,15,"minP"
"MR-PCA","Hausdorff",0.001,0.001,0.001,0.001,0.001,0.001,15,"minP"
"MR-PCA","Ichino-Yaguchi",0.001,0.001,0.001,0.001,0.001,0.001,15,"minP"
"MR-PCA","Wasserstein",0.001,0.001,0.001,0.001,0.001,0.001,15,"minP"
"MR-PCA","Centers-Euclidean",0.001,0.001,0.001,0.001,0.001,0.001,15,"minP"
"SPCA","Int-Euclidean",0.001,0.07,0.001,0.009,0.001,0.001,15,"minP"
"SPCA","Hausdorff",0.001,0.017,0.001,0.016,0.001,0.001,15,"minP"
"SPCA","Ichino-Yaguchi",0.001,0.001,0.001,0.001,0.001,0.001,15,"minP"
"SPCA","Wasserstein",0.001,0.001,0.001,0.001,0.001,0.001,15,"minP"
"SPCA","Centers-Euclidean",0.001,0.001,0.001,0.001,0.001,0.001,15,"minP"
"IMDS","Int-Euclidean",0.99,0.831,1,0.701,1,1,15,"minP"
"IMDS","Hausdorff",0.001,0.001,0.001,0.001,0.001,0.053,15,"minP"
"IMDS","Ichino-Yaguchi",0.001,0.001,0.001,0.001,0.001,0.859,15,"minP"
"IMDS","Wasserstein",0.001,0.001,0.001,0.001,0.001,0.849,15,"minP"
"IMDS","Centers-Euclidean",0.973,1,0.978,1,0.986,0.997,15,"minP"
"Int-UMAP","Int-Euclidean",0.001,0.008,0.001,0.07,0.001,0.333,15,"minP"
"Int-UMAP","Hausdorff",0.001,0.997,0.001,1,0.001,0.001,15,"minP"
"Int-UMAP","Ichino-Yaguchi",0.001,0.026,0.001,0.014,0.001,0.001,15,"minP"
"Int-UMAP","Wasserstein",0.001,0.763,0.001,0.323,0.001,0.001,15,"minP"
"Int-UMAP","Centers-Euclidean",0.001,0.001,0.001,0.001,0.001,1,15,"minP"
"C-PCA","Int-Euclidean",0.001,0.17,0.001,0.113,0.001,0.001,16,"minP"
"C-PCA","Hausdorff",0.001,0.001,0.001,0.001,0.001,0.001,16,"minP"
"C-PCA","Ichino-Yaguchi",0.001,0.001,0.001,0.001,0.001,0.001,16,"minP"
"C-PCA","Wasserstein",0.001,0.001,0.001,0.001,0.001,0.001,16,"minP"
"C-PCA","Centers-Euclidean",0.001,0.001,0.001,0.001,0.001,0.001,16,"minP"
"V-PCA","Int-Euclidean",0.001,0.166,0.001,0.117,0.001,0.001,16,"minP"
"V-PCA","Hausdorff",0.001,0.001,0.001,0.001,0.001,0.001,16,"minP"
"V-PCA","Ichino-Yaguchi",0.001,0.001,0.001,0.001,0.001,0.001,16,"minP"
"V-PCA","Wasserstein",0.001,0.001,0.001,0.001,0.001,0.001,16,"minP"
"V-PCA","Centers-Euclidean",0.001,0.001,0.001,0.001,0.001,0.001,16,"minP"
"MR-PCA","Int-Euclidean",0.001,0.001,0.001,0.001,0.001,0.001,16,"minP"
"MR-PCA","Hausdorff",0.001,0.001,0.001,0.001,0.001,0.001,16,"minP"
"MR-PCA","Ichino-Yaguchi",0.001,0.001,0.001,0.001,0.001,0.001,16,"minP"
"MR-PCA","Wasserstein",0.001,0.001,0.001,0.001,0.001,0.001,16,"minP"
"MR-PCA","Centers-Euclidean",0.001,0.001,0.001,0.001,0.001,0.001,16,"minP"
"SPCA","Int-Euclidean",0.001,0.124,0.001,0.058,0.001,0.001,16,"minP"
"SPCA","Hausdorff",0.001,0.001,0.001,0.001,0.001,0.001,16,"minP"
"SPCA","Ichino-Yaguchi",0.001,0.001,0.001,0.001,0.001,0.001,16,"minP"
"SPCA","Wasserstein",0.001,0.001,0.001,0.001,0.001,0.001,16,"minP"
"SPCA","Centers-Euclidean",0.001,0.001,0.001,0.001,0.001,0.001,16,"minP"
"IMDS","Int-Euclidean",1,0.026,1,0.134,1,1,16,"minP"
"IMDS","Hausdorff",0.001,0.001,0.001,0.001,0.001,1,16,"minP"
"IMDS","Ichino-Yaguchi",0.001,0.001,0.001,0.001,0.001,1,16,"minP"
"IMDS","Wasserstein",0.001,0.001,0.001,0.001,0.001,1,16,"minP"
"IMDS","Centers-Euclidean",1,1,0.999,1,0.689,0.672,16,"minP"
"Int-UMAP","Int-Euclidean",0.001,0.188,0.001,0.363,0.001,0.997,16,"minP"
"Int-UMAP","Hausdorff",0.001,1,0.001,1,0.001,0.001,16,"minP"
"Int-UMAP","Ichino-Yaguchi",0.001,0.017,0.001,0.046,0.001,0.001,16,"minP"
"Int-UMAP","Wasserstein",0.001,0.945,0.001,0.693,0.001,0.001,16,"minP"
"Int-UMAP","Centers-Euclidean",0.001,0.001,0.001,0.001,0.001,1,16,"minP"
"C-PCA","Int-Euclidean",0.001,0.131,0.001,0.043,0.001,0.001,17,"minP"
"C-PCA","Hausdorff",0.001,0.001,0.001,0.02,0.001,0.001,17,"minP"
"C-PCA","Ichino-Yaguchi",0.001,0.001,0.001,0.001,0.001,0.001,17,"minP"
"C-PCA","Wasserstein",0.001,0.001,0.001,0.001,0.001,0.001,17,"minP"
"C-PCA","Centers-Euclidean",0.001,0.001,0.001,0.001,0.001,0.001,17,"minP"
"V-PCA","Int-Euclidean",0.001,0.138,0.001,0.066,0.001,0.001,17,"minP"
"V-PCA","Hausdorff",0.001,0.001,0.001,0.014,0.001,0.001,17,"minP"
"V-PCA","Ichino-Yaguchi",0.001,0.001,0.001,0.001,0.001,0.001,17,"minP"
"V-PCA","Wasserstein",0.001,0.001,0.001,0.001,0.001,0.001,17,"minP"
"V-PCA","Centers-Euclidean",0.001,0.001,0.001,0.001,0.001,0.001,17,"minP"
"MR-PCA","Int-Euclidean",0.001,0.001,0.001,0.001,0.001,0.001,17,"minP"
"MR-PCA","Hausdorff",0.001,0.001,0.001,0.001,0.001,0.001,17,"minP"
"MR-PCA","Ichino-Yaguchi",0.001,0.001,0.001,0.001,0.001,0.001,17,"minP"
"MR-PCA","Wasserstein",0.001,0.001,0.001,0.001,0.001,0.001,17,"minP"
"MR-PCA","Centers-Euclidean",0.001,0.001,0.001,0.001,0.001,0.001,17,"minP"
"SPCA","Int-Euclidean",0.001,0.112,0.001,0.074,0.001,0.001,17,"minP"
"SPCA","Hausdorff",0.001,0.01,0.001,0.019,0.001,0.001,17,"minP"
"SPCA","Ichino-Yaguchi",0.001,0.001,0.001,0.001,0.001,0.001,17,"minP"
"SPCA","Wasserstein",0.001,0.001,0.001,0.001,0.001,0.001,17,"minP"
"SPCA","Centers-Euclidean",0.001,0.001,0.001,0.001,0.001,0.001,17,"minP"
"IMDS","Int-Euclidean",0.991,0.009,1,0.058,0.187,1,17,"minP"
"IMDS","Hausdorff",0.001,0.001,0.001,0.001,0.017,0.703,17,"minP"
"IMDS","Ichino-Yaguchi",0.001,0.032,0.001,0.001,0.017,0.839,17,"minP"
"IMDS","Wasserstein",0.001,0.001,0.001,0.001,0.01,0.313,17,"minP"
"IMDS","Centers-Euclidean",0.15,0.016,0.478,0.035,0.977,0.628,17,"minP"
"Int-UMAP","Int-Euclidean",0.001,0.056,0.001,0.296,0.001,1,17,"minP"
"Int-UMAP","Hausdorff",0.001,1,0.001,0.986,0.001,0.001,17,"minP"
"Int-UMAP","Ichino-Yaguchi",0.001,0.077,0.001,0.054,0.001,0.024,17,"minP"
"Int-UMAP","Wasserstein",0.001,0.707,0.001,0.226,0.001,0.033,17,"minP"
"Int-UMAP","Centers-Euclidean",0.001,0.001,0.001,0.001,0.001,0.001,17,"minP"
"C-PCA","Int-Euclidean",0.001,0.223,0.001,0.078,0.001,0.001,18,"minP"
"C-PCA","Hausdorff",0.001,0.016,0.001,0.031,0.001,0.001,18,"minP"
"C-PCA","Ichino-Yaguchi",0.001,0.001,0.001,0.001,0.001,0.001,18,"minP"
"C-PCA","Wasserstein",0.001,0.001,0.001,0.001,0.001,0.001,18,"minP"
"C-PCA","Centers-Euclidean",0.001,0.001,0.001,0.001,0.001,0.001,18,"minP"
"V-PCA","Int-Euclidean",0.001,0.145,0.001,0.052,0.001,0.001,18,"minP"
"V-PCA","Hausdorff",0.001,0.001,0.001,0.001,0.001,0.001,18,"minP"
"V-PCA","Ichino-Yaguchi",0.001,0.001,0.001,0.001,0.001,0.001,18,"minP"
"V-PCA","Wasserstein",0.001,0.001,0.001,0.001,0.001,0.001,18,"minP"
"V-PCA","Centers-Euclidean",0.001,0.001,0.001,0.001,0.001,0.001,18,"minP"
"MR-PCA","Int-Euclidean",0.001,0.001,0.001,0.001,0.001,0.001,18,"minP"
"MR-PCA","Hausdorff",0.001,0.001,0.001,0.001,0.001,0.001,18,"minP"
"MR-PCA","Ichino-Yaguchi",0.001,0.001,0.001,0.001,0.001,0.001,18,"minP"
"MR-PCA","Wasserstein",0.001,0.001,0.001,0.001,0.001,0.001,18,"minP"
"MR-PCA","Centers-Euclidean",0.001,0.001,0.001,0.001,0.001,0.001,18,"minP"
"SPCA","Int-Euclidean",0.001,0.181,0.001,0.073,0.001,0.001,18,"minP"
"SPCA","Hausdorff",0.001,0.001,0.001,0.009,0.001,0.001,18,"minP"
"SPCA","Ichino-Yaguchi",0.001,0.001,0.001,0.001,0.001,0.001,18,"minP"
"SPCA","Wasserstein",0.001,0.001,0.001,0.001,0.001,0.001,18,"minP"
"SPCA","Centers-Euclidean",0.001,0.001,0.001,0.001,0.001,0.001,18,"minP"
"IMDS","Int-Euclidean",0.344,0.92,0.445,0.837,0.994,0.988,18,"minP"
"IMDS","Hausdorff",0.001,0.001,0.001,0.001,0.001,0.64,18,"minP"
"IMDS","Ichino-Yaguchi",0.001,0.001,0.001,0.001,0.001,0.97,18,"minP"
"IMDS","Wasserstein",0.001,0.001,0.001,0.001,0.001,0.947,18,"minP"
"IMDS","Centers-Euclidean",0.408,0.993,0.47,0.996,0.773,0.858,18,"minP"
"Int-UMAP","Int-Euclidean",0.001,0.564,0.001,0.981,0.001,0.001,18,"minP"
"Int-UMAP","Hausdorff",0.001,1,0.001,0.903,0.001,0.001,18,"minP"
"Int-UMAP","Ichino-Yaguchi",0.001,0.001,0.001,0.001,0.001,0.001,18,"minP"
"Int-UMAP","Wasserstein",0.001,0.56,0.001,0.017,0.001,0.001,18,"minP"
"Int-UMAP","Centers-Euclidean",0.001,0.001,0.001,0.001,0.001,0.001,18,"minP"
"C-PCA","Int-Euclidean",0.001,0.202,0.001,0.048,0.001,0.001,19,"minP"
"C-PCA","Hausdorff",0.001,0.001,0.001,0.001,0.001,0.001,19,"minP"
"C-PCA","Ichino-Yaguchi",0.001,0.001,0.001,0.001,0.001,0.001,19,"minP"
"C-PCA","Wasserstein",0.001,0.001,0.001,0.001,0.001,0.001,19,"minP"
"C-PCA","Centers-Euclidean",0.001,0.001,0.001,0.001,0.001,0.001,19,"minP"
"V-PCA","Int-Euclidean",0.001,0.14,0.001,0.058,0.001,0.001,19,"minP"
"V-PCA","Hausdorff",0.001,0.018,0.001,0.007,0.001,0.001,19,"minP"
"V-PCA","Ichino-Yaguchi",0.001,0.001,0.001,0.001,0.001,0.001,19,"minP"
"V-PCA","Wasserstein",0.001,0.001,0.001,0.001,0.001,0.001,19,"minP"
"V-PCA","Centers-Euclidean",0.001,0.001,0.001,0.001,0.001,0.001,19,"minP"
"MR-PCA","Int-Euclidean",0.001,0.001,0.001,0.001,0.001,0.001,19,"minP"
"MR-PCA","Hausdorff",0.001,0.001,0.001,0.001,0.001,0.001,19,"minP"
"MR-PCA","Ichino-Yaguchi",0.001,0.001,0.001,0.001,0.001,0.001,19,"minP"
"MR-PCA","Wasserstein",0.001,0.001,0.001,0.001,0.001,0.001,19,"minP"
"MR-PCA","Centers-Euclidean",0.001,0.001,0.001,0.001,0.001,0.001,19,"minP"
"SPCA","Int-Euclidean",0.001,0.11,0.001,0.033,0.001,0.001,19,"minP"
"SPCA","Hausdorff",0.001,0.001,0.001,0.001,0.001,0.001,19,"minP"
"SPCA","Ichino-Yaguchi",0.001,0.001,0.001,0.001,0.001,0.001,19,"minP"
"SPCA","Wasserstein",0.001,0.001,0.001,0.001,0.001,0.001,19,"minP"
"SPCA","Centers-Euclidean",0.001,0.001,0.001,0.001,0.001,0.001,19,"minP"
"IMDS","Int-Euclidean",0.127,0.481,0.219,0.835,0.482,0.352,19,"minP"
"IMDS","Hausdorff",0.001,0.001,0.001,0.001,0.001,0.029,19,"minP"
"IMDS","Ichino-Yaguchi",0.001,0.001,0.001,0.001,0.001,0.121,19,"minP"
"IMDS","Wasserstein",0.001,0.001,0.001,0.001,0.001,0.565,19,"minP"
"IMDS","Centers-Euclidean",0.984,0.982,0.95,1,0.479,1,19,"minP"
"Int-UMAP","Int-Euclidean",0.001,0.422,0.001,0.972,0.001,0.01,19,"minP"
"Int-UMAP","Hausdorff",0.001,1,0.001,1,0.001,0.001,19,"minP"
"Int-UMAP","Ichino-Yaguchi",0.001,0.024,0.001,0.008,0.001,0.001,19,"minP"
"Int-UMAP","Wasserstein",0.001,0.975,0.001,0.298,0.001,0.001,19,"minP"
"Int-UMAP","Centers-Euclidean",0.001,0.001,0.001,0.001,0.001,0.227,19,"minP"
"C-PCA","Int-Euclidean",0.001,0.276,0.001,0.008,0.001,0.001,20,"minP"
"C-PCA","Hausdorff",0.001,0.009,0.001,0.021,0.001,0.001,20,"minP"
"C-PCA","Ichino-Yaguchi",0.001,0.001,0.001,0.001,0.001,0.001,20,"minP"
"C-PCA","Wasserstein",0.001,0.001,0.001,0.001,0.001,0.001,20,"minP"
"C-PCA","Centers-Euclidean",0.001,0.001,0.001,0.001,0.001,0.001,20,"minP"
"V-PCA","Int-Euclidean",0.001,0.27,0.001,0.038,0.001,0.001,20,"minP"
"V-PCA","Hausdorff",0.001,0.001,0.001,0.001,0.001,0.001,20,"minP"
"V-PCA","Ichino-Yaguchi",0.001,0.001,0.001,0.001,0.001,0.001,20,"minP"
"V-PCA","Wasserstein",0.001,0.001,0.001,0.001,0.001,0.001,20,"minP"
"V-PCA","Centers-Euclidean",0.001,0.001,0.001,0.001,0.001,0.001,20,"minP"
"MR-PCA","Int-Euclidean",0.001,0.001,0.001,0.001,0.001,0.001,20,"minP"
"MR-PCA","Hausdorff",0.001,0.001,0.001,0.001,0.001,0.001,20,"minP"
"MR-PCA","Ichino-Yaguchi",0.001,0.001,0.001,0.001,0.001,0.001,20,"minP"
"MR-PCA","Wasserstein",0.001,0.001,0.001,0.001,0.001,0.001,20,"minP"
"MR-PCA","Centers-Euclidean",0.001,0.001,0.001,0.001,0.001,0.001,20,"minP"
"SPCA","Int-Euclidean",0.001,0.212,0.001,0.001,0.001,0.001,20,"minP"
"SPCA","Hausdorff",0.001,0.001,0.001,0.001,0.001,0.001,20,"minP"
"SPCA","Ichino-Yaguchi",0.001,0.001,0.001,0.001,0.001,0.001,20,"minP"
"SPCA","Wasserstein",0.001,0.001,0.001,0.001,0.001,0.001,20,"minP"
"SPCA","Centers-Euclidean",0.001,0.001,0.001,0.001,0.001,0.001,20,"minP"
"IMDS","Int-Euclidean",0.001,0.99,0.026,0.991,1,0.522,20,"minP"
"IMDS","Hausdorff",0.001,0.001,0.001,0.001,0.001,0.999,20,"minP"
"IMDS","Ichino-Yaguchi",0.001,0.001,0.001,0.001,0.001,0.999,20,"minP"
"IMDS","Wasserstein",0.001,0.001,0.001,0.001,0.001,1,20,"minP"
"IMDS","Centers-Euclidean",1,1,1,1,0.997,1,20,"minP"
"Int-UMAP","Int-Euclidean",0.001,0.698,0.001,1,0.001,0.051,20,"minP"
"Int-UMAP","Hausdorff",0.001,0.92,0.001,0.842,0.001,0.192,20,"minP"
"Int-UMAP","Ichino-Yaguchi",0.001,0.001,0.001,0.001,0.001,0.001,20,"minP"
"Int-UMAP","Wasserstein",0.001,0.054,0.001,0.053,0.001,0.297,20,"minP"
"Int-UMAP","Centers-Euclidean",0.001,0.001,0.001,0.001,0.001,0.407,20,"minP"
"C-PCA","Int-Euclidean",0.001,0.054,0.001,0.022,0.001,0.001,21,"minP"
"C-PCA","Hausdorff",0.001,0.022,0.001,0.001,0.001,0.001,21,"minP"
"C-PCA","Ichino-Yaguchi",0.001,0.001,0.001,0.001,0.001,0.001,21,"minP"
"C-PCA","Wasserstein",0.001,0.001,0.001,0.001,0.001,0.001,21,"minP"
"C-PCA","Centers-Euclidean",0.001,0.001,0.001,0.001,0.001,0.001,21,"minP"
"V-PCA","Int-Euclidean",0.001,0.057,0.001,0.038,0.001,0.001,21,"minP"
"V-PCA","Hausdorff",0.001,0.001,0.001,0.001,0.001,0.001,21,"minP"
"V-PCA","Ichino-Yaguchi",0.001,0.001,0.001,0.001,0.001,0.001,21,"minP"
"V-PCA","Wasserstein",0.001,0.001,0.001,0.001,0.001,0.001,21,"minP"
"V-PCA","Centers-Euclidean",0.001,0.001,0.001,0.001,0.001,0.001,21,"minP"
"MR-PCA","Int-Euclidean",0.001,0.001,0.001,0.001,0.001,0.001,21,"minP"
"MR-PCA","Hausdorff",0.001,0.001,0.001,0.001,0.001,0.001,21,"minP"
"MR-PCA","Ichino-Yaguchi",0.001,0.001,0.001,0.001,0.001,0.001,21,"minP"
"MR-PCA","Wasserstein",0.001,0.001,0.001,0.001,0.001,0.001,21,"minP"
"MR-PCA","Centers-Euclidean",0.001,0.001,0.001,0.001,0.001,0.001,21,"minP"
"SPCA","Int-Euclidean",0.001,0.113,0.001,0.059,0.001,0.001,21,"minP"
"SPCA","Hausdorff",0.001,0.008,0.001,0.019,0.001,0.001,21,"minP"
"SPCA","Ichino-Yaguchi",0.001,0.001,0.001,0.001,0.001,0.001,21,"minP"
"SPCA","Wasserstein",0.001,0.001,0.001,0.001,0.001,0.001,21,"minP"
"SPCA","Centers-Euclidean",0.001,0.001,0.001,0.001,0.001,0.001,21,"minP"
"IMDS","Int-Euclidean",0.151,0.426,0.279,0.426,0.99,0.973,21,"minP"
"IMDS","Hausdorff",0.001,0.001,0.001,0.001,0.001,0.996,21,"minP"
"IMDS","Ichino-Yaguchi",0.001,0.001,0.001,0.001,0.009,0.999,21,"minP"
"IMDS","Wasserstein",0.001,0.001,0.001,0.001,0.001,1,21,"minP"
"IMDS","Centers-Euclidean",0.961,1,0.969,0.994,1,1,21,"minP"
"Int-UMAP","Int-Euclidean",0.001,0.717,0.001,0.995,0.001,0.117,21,"minP"
"Int-UMAP","Hausdorff",0.001,1,0.001,1,0.001,0.001,21,"minP"
"Int-UMAP","Ichino-Yaguchi",0.001,0.028,0.001,0.027,0.001,0.001,21,"minP"
"Int-UMAP","Wasserstein",0.001,0.956,0.001,0.39,0.001,0.001,21,"minP"
"Int-UMAP","Centers-Euclidean",0.001,0.001,0.001,0.001,0.001,0.027,21,"minP"
"C-PCA","Int-Euclidean",0.001,0.123,0.001,0.061,0.001,0.001,22,"minP"
"C-PCA","Hausdorff",0.001,0.001,0.001,0.001,0.001,0.001,22,"minP"
"C-PCA","Ichino-Yaguchi",0.001,0.001,0.001,0.001,0.001,0.001,22,"minP"
"C-PCA","Wasserstein",0.001,0.001,0.001,0.001,0.001,0.001,22,"minP"
"C-PCA","Centers-Euclidean",0.001,0.001,0.001,0.001,0.001,0.001,22,"minP"
"V-PCA","Int-Euclidean",0.001,0.202,0.001,0.073,0.001,0.001,22,"minP"
"V-PCA","Hausdorff",0.001,0.01,0.001,0.011,0.001,0.001,22,"minP"
"V-PCA","Ichino-Yaguchi",0.001,0.001,0.001,0.001,0.001,0.001,22,"minP"
"V-PCA","Wasserstein",0.001,0.001,0.001,0.001,0.001,0.001,22,"minP"
"V-PCA","Centers-Euclidean",0.001,0.001,0.001,0.001,0.001,0.001,22,"minP"
"MR-PCA","Int-Euclidean",0.001,0.001,0.001,0.001,0.001,0.001,22,"minP"
"MR-PCA","Hausdorff",0.001,0.001,0.001,0.001,0.001,0.001,22,"minP"
"MR-PCA","Ichino-Yaguchi",0.001,0.001,0.001,0.001,0.001,0.001,22,"minP"
"MR-PCA","Wasserstein",0.001,0.001,0.001,0.001,0.001,0.001,22,"minP"
"MR-PCA","Centers-Euclidean",0.001,0.001,0.001,0.001,0.001,0.001,22,"minP"
"SPCA","Int-Euclidean",0.001,0.136,0.001,0.061,0.001,0.001,22,"minP"
"SPCA","Hausdorff",0.001,0.01,0.001,0.009,0.001,0.001,22,"minP"
"SPCA","Ichino-Yaguchi",0.001,0.001,0.001,0.001,0.001,0.001,22,"minP"
"SPCA","Wasserstein",0.001,0.001,0.001,0.001,0.001,0.001,22,"minP"
"SPCA","Centers-Euclidean",0.001,0.001,0.001,0.001,0.001,0.001,22,"minP"
"IMDS","Int-Euclidean",1,0.524,1,0.915,1,0.996,22,"minP"
"IMDS","Hausdorff",0.001,0.001,0.001,0.001,0.001,0.001,22,"minP"
"IMDS","Ichino-Yaguchi",0.001,0.001,0.001,0.001,0.001,0.001,22,"minP"
"IMDS","Wasserstein",0.001,0.001,0.001,0.001,0.001,0.764,22,"minP"
"IMDS","Centers-Euclidean",1,0.971,0.99,1,0.98,1,22,"minP"
"Int-UMAP","Int-Euclidean",0.001,0.001,0.001,0.017,0.001,0.999,22,"minP"
"Int-UMAP","Hausdorff",0.001,0.066,0.001,0.763,0.001,0.999,22,"minP"
"Int-UMAP","Ichino-Yaguchi",0.001,0.992,0.001,0.739,0.001,0.001,22,"minP"
"Int-UMAP","Wasserstein",0.001,0.986,0.001,1,0.001,0.14,22,"minP"
"Int-UMAP","Centers-Euclidean",0.001,0.001,0.001,0.001,0.001,0.791,22,"minP"
"C-PCA","Int-Euclidean",0.001,0.169,0.001,0.044,0.001,0.001,23,"minP"
"C-PCA","Hausdorff",0.001,0.007,0.001,0.008,0.001,0.001,23,"minP"
"C-PCA","Ichino-Yaguchi",0.001,0.001,0.001,0.001,0.001,0.001,23,"minP"
"C-PCA","Wasserstein",0.001,0.001,0.001,0.001,0.001,0.001,23,"minP"
"C-PCA","Centers-Euclidean",0.001,0.001,0.001,0.001,0.001,0.001,23,"minP"
"V-PCA","Int-Euclidean",0.001,0.201,0.001,0.041,0.001,0.001,23,"minP"
"V-PCA","Hausdorff",0.001,0.001,0.001,0.001,0.001,0.001,23,"minP"
"V-PCA","Ichino-Yaguchi",0.001,0.001,0.001,0.001,0.001,0.001,23,"minP"
"V-PCA","Wasserstein",0.001,0.001,0.001,0.001,0.001,0.001,23,"minP"
"V-PCA","Centers-Euclidean",0.001,0.001,0.001,0.001,0.001,0.001,23,"minP"
"MR-PCA","Int-Euclidean",0.001,0.001,0.001,0.001,0.001,0.001,23,"minP"
"MR-PCA","Hausdorff",0.001,0.001,0.001,0.001,0.001,0.001,23,"minP"
"MR-PCA","Ichino-Yaguchi",0.001,0.001,0.001,0.001,0.001,0.001,23,"minP"
"MR-PCA","Wasserstein",0.001,0.001,0.001,0.001,0.001,0.001,23,"minP"
"MR-PCA","Centers-Euclidean",0.001,0.001,0.001,0.001,0.001,0.001,23,"minP"
"SPCA","Int-Euclidean",0.001,0.2,0.001,0.063,0.001,0.001,23,"minP"
"SPCA","Hausdorff",0.001,0.032,0.001,0.022,0.001,0.001,23,"minP"
"SPCA","Ichino-Yaguchi",0.001,0.001,0.001,0.001,0.001,0.001,23,"minP"
"SPCA","Wasserstein",0.001,0.001,0.001,0.001,0.001,0.001,23,"minP"
"SPCA","Centers-Euclidean",0.001,0.001,0.001,0.001,0.001,0.001,23,"minP"
"IMDS","Int-Euclidean",0.327,0.05,0.653,0.149,0.999,0.753,23,"minP"
"IMDS","Hausdorff",0.001,0.001,0.001,0.001,0.197,0.998,23,"minP"
"IMDS","Ichino-Yaguchi",0.001,0.001,0.001,0.001,0.602,0.743,23,"minP"
"IMDS","Wasserstein",0.001,0.001,0.001,0.001,0.225,1,23,"minP"
"IMDS","Centers-Euclidean",1,0.557,1,1,1,0.954,23,"minP"
"Int-UMAP","Int-Euclidean",0.001,0.473,0.001,0.866,0.001,0.875,23,"minP"
"Int-UMAP","Hausdorff",0.001,0.957,0.001,0.796,0.001,0.136,23,"minP"
"Int-UMAP","Ichino-Yaguchi",0.001,0.001,0.001,0.001,0.001,0.001,23,"minP"
"Int-UMAP","Wasserstein",0.001,0.028,0.001,0.001,0.001,0.001,23,"minP"
"Int-UMAP","Centers-Euclidean",0.001,0.001,0.001,0.001,0.001,0.992,23,"minP"
"C-PCA","Int-Euclidean",0.001,0.22,0.001,0.078,0.001,0.001,24,"minP"
"C-PCA","Hausdorff",0.001,0.009,0.001,0.001,0.001,0.001,24,"minP"
"C-PCA","Ichino-Yaguchi",0.001,0.001,0.001,0.001,0.001,0.001,24,"minP"
"C-PCA","Wasserstein",0.001,0.001,0.001,0.001,0.001,0.001,24,"minP"
"C-PCA","Centers-Euclidean",0.001,0.001,0.001,0.001,0.001,0.001,24,"minP"
"V-PCA","Int-Euclidean",0.001,0.219,0.001,0.054,0.001,0.001,24,"minP"
"V-PCA","Hausdorff",0.001,0.017,0.001,0.015,0.001,0.001,24,"minP"
"V-PCA","Ichino-Yaguchi",0.001,0.001,0.001,0.001,0.001,0.001,24,"minP"
"V-PCA","Wasserstein",0.001,0.001,0.001,0.001,0.001,0.001,24,"minP"
"V-PCA","Centers-Euclidean",0.001,0.001,0.001,0.001,0.001,0.001,24,"minP"
"MR-PCA","Int-Euclidean",0.001,0.001,0.001,0.001,0.001,0.001,24,"minP"
"MR-PCA","Hausdorff",0.001,0.001,0.001,0.001,0.001,0.001,24,"minP"
"MR-PCA","Ichino-Yaguchi",0.001,0.001,0.001,0.001,0.001,0.001,24,"minP"
"MR-PCA","Wasserstein",0.001,0.001,0.001,0.001,0.001,0.001,24,"minP"
"MR-PCA","Centers-Euclidean",0.001,0.001,0.001,0.001,0.001,0.001,24,"minP"
"SPCA","Int-Euclidean",0.001,0.21,0.001,0.053,0.001,0.001,24,"minP"
"SPCA","Hausdorff",0.001,0.001,0.001,0.001,0.001,0.001,24,"minP"
"SPCA","Ichino-Yaguchi",0.001,0.001,0.001,0.001,0.001,0.001,24,"minP"
"SPCA","Wasserstein",0.001,0.001,0.001,0.001,0.001,0.001,24,"minP"
"SPCA","Centers-Euclidean",0.001,0.001,0.001,0.001,0.001,0.001,24,"minP"
"IMDS","Int-Euclidean",0.984,0.182,0.996,0.42,1,0.996,24,"minP"
"IMDS","Hausdorff",0.001,0.001,0.001,0.001,0.001,0.337,24,"minP"
"IMDS","Ichino-Yaguchi",0.001,0.001,0.001,0.001,0.001,0.605,24,"minP"
"IMDS","Wasserstein",0.001,0.001,0.001,0.001,0.001,0.024,24,"minP"
"IMDS","Centers-Euclidean",0.922,0.975,0.312,0.976,0.965,0.266,24,"minP"
"Int-UMAP","Int-Euclidean",0.001,0.123,0.001,0.486,0.001,0.284,24,"minP"
"Int-UMAP","Hausdorff",0.001,0.97,0.001,0.949,0.001,0.001,24,"minP"
"Int-UMAP","Ichino-Yaguchi",0.001,0.032,0.001,0.015,0.001,0.001,24,"minP"
"Int-UMAP","Wasserstein",0.001,0.406,0.001,0.104,0.001,0.001,24,"minP"
"Int-UMAP","Centers-Euclidean",0.001,0.001,0.001,0.001,0.001,0.5,24,"minP"
"C-PCA","Int-Euclidean",0.001,0.347,0.001,0.148,0.001,0.001,25,"minP"
"C-PCA","Hausdorff",0.001,0.001,0.001,0.016,0.001,0.001,25,"minP"
"C-PCA","Ichino-Yaguchi",0.001,0.001,0.001,0.001,0.001,0.001,25,"minP"
"C-PCA","Wasserstein",0.001,0.001,0.001,0.001,0.001,0.001,25,"minP"
"C-PCA","Centers-Euclidean",0.001,0.001,0.001,0.001,0.001,0.001,25,"minP"
"V-PCA","Int-Euclidean",0.001,0.226,0.001,0.077,0.001,0.001,25,"minP"
"V-PCA","Hausdorff",0.001,0.001,0.001,0.009,0.001,0.001,25,"minP"
"V-PCA","Ichino-Yaguchi",0.001,0.001,0.001,0.001,0.001,0.001,25,"minP"
"V-PCA","Wasserstein",0.001,0.001,0.001,0.001,0.001,0.001,25,"minP"
"V-PCA","Centers-Euclidean",0.001,0.001,0.001,0.001,0.001,0.001,25,"minP"
"MR-PCA","Int-Euclidean",0.001,0.001,0.001,0.001,0.001,0.001,25,"minP"
"MR-PCA","Hausdorff",0.001,0.001,0.001,0.001,0.001,0.001,25,"minP"
"MR-PCA","Ichino-Yaguchi",0.001,0.001,0.001,0.001,0.001,0.001,25,"minP"
"MR-PCA","Wasserstein",0.001,0.001,0.001,0.001,0.001,0.001,25,"minP"
"MR-PCA","Centers-Euclidean",0.001,0.001,0.001,0.001,0.001,0.001,25,"minP"
"SPCA","Int-Euclidean",0.001,0.286,0.001,0.101,0.001,0.001,25,"minP"
"SPCA","Hausdorff",0.001,0.019,0.001,0.001,0.001,0.001,25,"minP"
"SPCA","Ichino-Yaguchi",0.001,0.001,0.001,0.001,0.001,0.001,25,"minP"
"SPCA","Wasserstein",0.001,0.001,0.001,0.001,0.001,0.001,25,"minP"
"SPCA","Centers-Euclidean",0.001,0.001,0.001,0.001,0.001,0.001,25,"minP"
"IMDS","Int-Euclidean",0.001,0.177,0.06,0.265,0.387,0.883,25,"minP"
"IMDS","Hausdorff",0.001,0.001,0.001,0.001,0.001,1,25,"minP"
"IMDS","Ichino-Yaguchi",0.001,0.001,0.001,0.001,0.001,1,25,"minP"
"IMDS","Wasserstein",0.001,0.001,0.001,0.001,0.001,0.928,25,"minP"
"IMDS","Centers-Euclidean",1,0.999,1,0.984,1,0.957,25,"minP"
"Int-UMAP","Int-Euclidean",0.001,0.322,0.001,0.99,0.001,0.001,25,"minP"
"Int-UMAP","Hausdorff",0.001,0.875,0.001,1,0.001,0.001,25,"minP"
"Int-UMAP","Ichino-Yaguchi",0.001,0.018,0.001,0.035,0.001,0.001,25,"minP"
"Int-UMAP","Wasserstein",0.001,0.59,0.001,0.255,0.001,0.001,25,"minP"
"Int-UMAP","Centers-Euclidean",0.001,0.001,0.001,0.001,0.001,0.495,25,"minP"
