"scenario","replication","Method","Metric","space","anchor","block_id","block_size","candidate_ids","min_within_block_gap","max_within_block_gap","classification"
"ScenarioI",1,"IMDS","Int-Euclidean","low",1,59,2,"133;70",1.617150857669e-12,1.617150857669e-12,"tolerance_near_tie"
"ScenarioI",1,"IMDS","Int-Euclidean","low",1,60,5,"135;168;121;79;115",9.05941988094128e-14,1.96798133345055e-12,"tolerance_near_tie"
"ScenarioI",1,"IMDS","Int-Euclidean","low",1,63,3,"111;163;92",7.087663789207e-13,1.98774330328888e-12,"tolerance_near_tie"
"ScenarioI",1,"IMDS","Int-Euclidean","low",1,65,2,"199;132",1.45261580541955e-12,1.45261580541955e-12,"tolerance_near_tie"
"ScenarioI",1,"IMDS","Int-Euclidean","low",2,53,5,"133;70;121;135;79",1.01807451358127e-13,9.20818976624105e-13,"tolerance_near_tie"
"ScenarioI",1,"IMDS","Int-Euclidean","low",2,57,2,"115;137",2.77888823063677e-13,2.77888823063677e-13,"tolerance_near_tie"
"ScenarioI",1,"IMDS","Int-Euclidean","low",151,68,2,"81;91",1.99840144432528e-15,1.99840144432528e-15,"tolerance_near_tie"
"ScenarioI",1,"IMDS","Int-Euclidean","low",242,36,2,"164;126",2.53824739004926e-14,2.53824739004926e-14,"tolerance_near_tie"
"ScenarioI",1,"IMDS","Int-Euclidean","low",276,67,2,"104;165",6.02903144075739e-15,6.02903144075739e-15,"tolerance_near_tie"
"ScenarioI",1,"IMDS","Int-Euclidean","low",280,68,2,"104;165",4.97345220562551e-15,4.97345220562551e-15,"tolerance_near_tie"
"ScenarioI",1,"IMDS","Hausdorff","low",1,224,2,"96;115",9.50350909079134e-13,9.50350909079134e-13,"tolerance_near_tie"
"ScenarioI",1,"IMDS","Hausdorff","low",1,226,2,"91;81",7.67386154620908e-13,7.67386154620908e-13,"tolerance_near_tie"
"ScenarioI",1,"IMDS","Hausdorff","low",1,227,4,"120;104;165;117",5.00488539501021e-13,1.93089988442807e-12,"tolerance_near_tie"
"ScenarioI",1,"IMDS","Hausdorff","low",1,238,2,"169;118",2.35589325825458e-12,2.35589325825458e-12,"tolerance_near_tie"
"ScenarioI",1,"IMDS","Hausdorff","low",2,229,2,"81;91",6.80566714095221e-14,6.80566714095221e-14,"tolerance_near_tie"
"ScenarioI",1,"IMDS","Hausdorff","low",2,230,4,"120;104;117;165",5.51780843238703e-14,4.88498130835069e-13,"tolerance_near_tie"
"ScenarioI",1,"IMDS","Hausdorff","low",151,237,2,"135;121",2.49245069028348e-14,2.49245069028348e-14,"tolerance_near_tie"
"ScenarioI",1,"IMDS","Hausdorff","low",241,252,2,"94;92",4.06757960647042e-14,4.06757960647042e-14,"tolerance_near_tie"
"ScenarioI",1,"IMDS","Hausdorff","low",242,254,2,"94;92",4.27297086602607e-14,4.27297086602607e-14,"tolerance_near_tie"
"ScenarioI",1,"IMDS","Hausdorff","low",291,172,2,"165;104",2.31585584042904e-15,2.31585584042904e-15,"tolerance_near_tie"
"ScenarioI",1,"IMDS","Hausdorff","low",292,163,2,"165;104",6.1409211049579e-16,6.1409211049579e-16,"tolerance_near_tie"
"ScenarioI",1,"IMDS","Hausdorff","low",300,263,2,"94;92",6.57252030578093e-14,6.57252030578093e-14,"tolerance_near_tie"
"ScenarioI",1,"IMDS","Ichino-Yaguchi","low",1,296,2,"92;183",1.4255263636187e-13,1.4255263636187e-13,"tolerance_near_tie"
"ScenarioI",1,"IMDS","Wasserstein","low",1,174,3,"92;164;187",2.98427949019242e-13,8.68860539071648e-13,"tolerance_near_tie"
"ScenarioI",2,"IMDS","Hausdorff","low",300,246,2,"107;109",1.96109795069788e-12,1.96109795069788e-12,"tolerance_near_tie"
"ScenarioI",2,"IMDS","Hausdorff","low",300,250,2,"90;86",1.4352963262354e-12,1.4352963262354e-12,"tolerance_near_tie"
"ScenarioI",3,"IMDS","Int-Euclidean","low",299,43,2,"287;126",2.08999484385686e-14,2.08999484385686e-14,"tolerance_near_tie"
"ScenarioI",3,"IMDS","Int-Euclidean","low",300,45,2,"126;188",6.18394224716212e-13,6.18394224716212e-13,"tolerance_near_tie"
"ScenarioI",3,"IMDS","Hausdorff","low",1,245,2,"126;83",6.76347866601645e-13,6.76347866601645e-13,"tolerance_near_tie"
"ScenarioI",3,"IMDS","Hausdorff","low",1,247,2,"104;69",1.50501833218186e-12,1.50501833218186e-12,"tolerance_near_tie"
"ScenarioI",3,"IMDS","Hausdorff","low",2,256,2,"70;69",9.68114477473137e-14,9.68114477473137e-14,"tolerance_near_tie"
"ScenarioI",3,"IMDS","Hausdorff","low",152,246,2,"70;69",1.70835567914196e-14,1.70835567914196e-14,"tolerance_near_tie"
"ScenarioI",4,"IMDS","Int-Euclidean","low",1,61,2,"169;91",5.42899059041702e-13,5.42899059041702e-13,"tolerance_near_tie"
"ScenarioI",4,"IMDS","Int-Euclidean","low",2,59,2,"91;70",4.02400335275388e-13,4.02400335275388e-13,"tolerance_near_tie"
"ScenarioI",4,"IMDS","Hausdorff","low",1,245,2,"114;179",3.19744231092045e-13,3.19744231092045e-13,"tolerance_near_tie"
"ScenarioI",5,"IMDS","Hausdorff","low",1,217,2,"131;101",3.18323145620525e-12,3.18323145620525e-12,"tolerance_near_tie"
"ScenarioI",5,"IMDS","Hausdorff","low",1,219,2,"190;167",2.68585154117318e-12,2.68585154117318e-12,"tolerance_near_tie"
"ScenarioI",5,"IMDS","Hausdorff","low",2,219,2,"101;111",7.52842232998319e-13,7.52842232998319e-13,"tolerance_near_tie"
"ScenarioI",5,"IMDS","Hausdorff","low",2,221,2,"95;119",2.31481500634345e-13,2.31481500634345e-13,"tolerance_near_tie"
"ScenarioI",6,"IMDS","Hausdorff","low",300,251,2,"130;91",4.60520510614515e-13,4.60520510614515e-13,"tolerance_near_tie"
"ScenarioI",7,"IMDS","Int-Euclidean","low",300,51,2,"71;130",7.63833440942108e-14,7.63833440942108e-14,"tolerance_near_tie"
"ScenarioI",7,"IMDS","Hausdorff","low",1,255,2,"176;185",1.37223565843669e-13,1.37223565843669e-13,"tolerance_near_tie"
"ScenarioI",7,"IMDS","Hausdorff","low",299,242,2,"130;71",3.23907567434389e-14,3.23907567434389e-14,"tolerance_near_tie"
"ScenarioI",7,"IMDS","Hausdorff","low",300,236,2,"168;91",1.09690034832965e-12,1.09690034832965e-12,"tolerance_near_tie"
"ScenarioI",7,"IMDS","Ichino-Yaguchi","low",1,280,2,"287;107",1.29385391289816e-12,1.29385391289816e-12,"tolerance_near_tie"
"ScenarioI",7,"IMDS","Wasserstein","low",1,172,2,"100;279",2.10720330073855e-13,2.10720330073855e-13,"tolerance_near_tie"
"ScenarioI",7,"IMDS","Wasserstein","low",300,194,2,"297;181",1.01052499701382e-12,1.01052499701382e-12,"tolerance_near_tie"
"ScenarioI",7,"IMDS","Centers-Euclidean","low",1,146,2,"166;176",1.18838272555877e-12,1.18838272555877e-12,"tolerance_near_tie"
"ScenarioI",8,"IMDS","Int-Euclidean","low",300,54,2,"78;70",9.78106484694763e-13,9.78106484694763e-13,"tolerance_near_tie"
"ScenarioI",8,"IMDS","Hausdorff","low",1,221,2,"115;95",3.68594044175552e-14,3.68594044175552e-14,"tolerance_near_tie"
"ScenarioI",8,"IMDS","Hausdorff","low",1,229,2,"177;68",3.25517390820096e-13,3.25517390820096e-13,"tolerance_near_tie"
"ScenarioI",8,"IMDS","Hausdorff","low",1,230,2,"81;88",2.96429547574917e-12,2.96429547574917e-12,"tolerance_near_tie"
"ScenarioI",8,"IMDS","Hausdorff","low",2,229,2,"104;95",5.47895062652515e-13,5.47895062652515e-13,"tolerance_near_tie"
"ScenarioI",8,"IMDS","Hausdorff","low",2,232,2,"82;73",4.91939822211407e-13,4.91939822211407e-13,"tolerance_near_tie"
"ScenarioI",8,"IMDS","Hausdorff","low",2,233,2,"69;68",3.47277762102749e-13,3.47277762102749e-13,"tolerance_near_tie"
"ScenarioI",8,"IMDS","Hausdorff","low",2,234,2,"81;88",2.35589325825458e-13,2.35589325825458e-13,"tolerance_near_tie"
"ScenarioI",8,"IMDS","Hausdorff","low",2,237,2,"100;80",6.08513239797048e-13,6.08513239797048e-13,"tolerance_near_tie"
"ScenarioI",8,"IMDS","Hausdorff","low",300,253,2,"125;163",1.47215573065296e-12,1.47215573065296e-12,"tolerance_near_tie"
"ScenarioI",8,"IMDS","Centers-Euclidean","low",1,147,2,"125;297",1.36779476633819e-13,1.36779476633819e-13,"tolerance_near_tie"
"ScenarioI",8,"IMDS","Centers-Euclidean","low",2,133,2,"297;70",1.20126131264442e-13,1.20126131264442e-13,"tolerance_near_tie"
"ScenarioI",9,"IMDS","Int-Euclidean","low",1,63,4,"110;104;170;85",4.53637127861839e-13,2.57105448042694e-12,"tolerance_near_tie"
"ScenarioI",9,"IMDS","Int-Euclidean","low",1,64,4,"180;113;174;298",4.35873559467836e-13,2.57860399699439e-12,"tolerance_near_tie"
"ScenarioI",9,"IMDS","Int-Euclidean","low",2,53,2,"170;131",4.2765790908561e-13,4.2765790908561e-13,"tolerance_near_tie"
"ScenarioI",9,"IMDS","Int-Euclidean","low",2,55,2,"104;82",7.13873404833976e-14,7.13873404833976e-14,"tolerance_near_tie"
"ScenarioI",9,"IMDS","Int-Euclidean","low",2,56,2,"85;298",1.01307850997046e-13,1.01307850997046e-13,"tolerance_near_tie"
"ScenarioI",9,"IMDS","Int-Euclidean","low",300,30,3,"181;180;114",1.19015908239817e-13,7.10764780365025e-13,"tolerance_near_tie"
"ScenarioI",9,"IMDS","Hausdorff","low",1,239,2,"196;79",7.36743999141254e-13,7.36743999141254e-13,"tolerance_near_tie"
"ScenarioI",9,"IMDS","Hausdorff","low",1,240,4,"174;84;113;83",5.00932628710871e-13,4.55058213333359e-12,"tolerance_near_tie"
"ScenarioI",9,"IMDS","Hausdorff","low",1,241,2,"165;177",3.37463390565063e-12,3.37463390565063e-12,"tolerance_near_tie"
"ScenarioI",9,"IMDS","Hausdorff","low",2,245,3,"79;84;83",4.11448652926083e-13,1.24056320771615e-12,"tolerance_near_tie"
"ScenarioI",9,"IMDS","Hausdorff","low",2,246,2,"177;165",4.89719376162157e-13,4.89719376162157e-13,"tolerance_near_tie"
"ScenarioI",9,"IMDS","Ichino-Yaguchi","low",1,297,2,"174;113",1.15463194561016e-12,1.15463194561016e-12,"tolerance_near_tie"
"ScenarioI",9,"IMDS","Wasserstein","low",1,188,2,"174;113",1.01607611213694e-12,1.01607611213694e-12,"tolerance_near_tie"
"ScenarioI",9,"IMDS","Centers-Euclidean","low",1,165,2,"174;113",7.83817455385361e-13,7.83817455385361e-13,"tolerance_near_tie"
"ScenarioI",10,"IMDS","Int-Euclidean","low",2,46,3,"104;106;116",6.65578703262781e-14,4.64073224293315e-13,"tolerance_near_tie"
"ScenarioI",10,"IMDS","Int-Euclidean","low",300,47,2,"110;72",5.87307980026708e-13,5.87307980026708e-13,"tolerance_near_tie"
"ScenarioI",10,"IMDS","Int-Euclidean","low",300,49,2,"298;64",9.2015284280933e-13,9.2015284280933e-13,"tolerance_near_tie"
"ScenarioI",10,"IMDS","Hausdorff","low",1,236,2,"110;75",2.58815191500616e-12,2.58815191500616e-12,"tolerance_near_tie"
"ScenarioI",10,"IMDS","Hausdorff","low",300,260,2,"137;192",4.60964599824365e-13,4.60964599824365e-13,"tolerance_near_tie"
"ScenarioI",11,"IMDS","Int-Euclidean","low",1,62,2,"185;119",1.49968926166366e-12,1.49968926166366e-12,"tolerance_near_tie"
"ScenarioI",11,"IMDS","Int-Euclidean","low",1,69,2,"170;174",1.04183328630825e-12,1.04183328630825e-12,"tolerance_near_tie"
"ScenarioI",11,"IMDS","Int-Euclidean","low",2,62,2,"170;174",2.84772205816353e-14,2.84772205816353e-14,"tolerance_near_tie"
"ScenarioI",11,"IMDS","Hausdorff","low",1,242,2,"72;169",6.76347866601645e-13,6.76347866601645e-13,"tolerance_near_tie"
"ScenarioI",11,"IMDS","Hausdorff","low",2,243,2,"122;106",5.85753667792233e-13,5.85753667792233e-13,"tolerance_near_tie"
"ScenarioI",11,"IMDS","Hausdorff","low",300,265,2,"191;185",1.40554234917545e-12,1.40554234917545e-12,"tolerance_near_tie"
"ScenarioI",12,"IMDS","Int-Euclidean","low",1,61,2,"288;183",1.56608059853625e-12,1.56608059853625e-12,"tolerance_near_tie"
"ScenarioI",12,"IMDS","Int-Euclidean","low",300,55,2,"162;105",8.39328606616618e-13,8.39328606616618e-13,"tolerance_near_tie"
"ScenarioI",12,"IMDS","Int-Euclidean","low",300,58,2,"164;274",7.7982065249671e-13,7.7982065249671e-13,"tolerance_near_tie"
"ScenarioI",12,"IMDS","Ichino-Yaguchi","low",1,291,2,"289;298",3.02424751907893e-13,3.02424751907893e-13,"tolerance_near_tie"
"ScenarioI",13,"IMDS","Int-Euclidean","low",1,66,4,"133;74;185;94",6.3504757008559e-14,9.80771019953863e-13,"tolerance_near_tie"
"ScenarioI",13,"IMDS","Int-Euclidean","low",2,60,2,"134;185",7.19424519957101e-14,7.19424519957101e-14,"tolerance_near_tie"
"ScenarioI",13,"IMDS","Int-Euclidean","low",2,61,4,"88;133;74;94",2.42472708578134e-13,9.25481913327530e-13,"tolerance_near_tie"
"ScenarioI",13,"IMDS","Hausdorff","low",1,243,2,"98;67",1.14530607220331e-12,1.14530607220331e-12,"tolerance_near_tie"
"ScenarioI",13,"IMDS","Hausdorff","low",1,244,3,"72;297;93",3.09086090055644e-13,7.72715225139109e-13,"tolerance_near_tie"
"ScenarioI",13,"IMDS","Hausdorff","low",1,249,2,"115;80",2.63433719283057e-12,2.63433719283057e-12,"tolerance_near_tie"
"ScenarioI",13,"IMDS","Hausdorff","low",2,244,2,"67;98",6.93223256575948e-13,6.93223256575948e-13,"tolerance_near_tie"
"ScenarioI",13,"IMDS","Hausdorff","low",2,245,2,"72;93",1.40998324127395e-13,1.40998324127395e-13,"tolerance_near_tie"
"ScenarioI",13,"IMDS","Hausdorff","low",2,247,2,"119;73",5.22470955388599e-13,5.22470955388599e-13,"tolerance_near_tie"
"ScenarioI",14,"IMDS","Int-Euclidean","low",2,56,2,"104;89",2.81941137103559e-13,2.81941137103559e-13,"tolerance_near_tie"
"ScenarioI",14,"IMDS","Int-Euclidean","low",2,59,2,"175;99",4.42312853010662e-13,4.42312853010662e-13,"tolerance_near_tie"
"ScenarioI",14,"IMDS","Hausdorff","low",1,235,2,"66;286",3.57003315798465e-12,3.57003315798465e-12,"tolerance_near_tie"
"ScenarioI",14,"IMDS","Hausdorff","low",1,236,2,"95;83",1.35003119794419e-12,1.35003119794419e-12,"tolerance_near_tie"
"ScenarioI",14,"IMDS","Hausdorff","low",2,240,3,"83;95;87",3.73034936274053e-14,6.83786360866634e-13,"tolerance_near_tie"
"ScenarioI",15,"IMDS","Int-Euclidean","low",1,58,2,"105;166",9.43023437116608e-13,9.43023437116608e-13,"tolerance_near_tie"
"ScenarioI",15,"IMDS","Int-Euclidean","low",2,50,2,"166;105",1.45439216225896e-13,1.45439216225896e-13,"tolerance_near_tie"
"ScenarioI",15,"IMDS","Int-Euclidean","low",2,55,3,"286;116;167",1.7036372312873e-13,4.00346422679831e-13,"tolerance_near_tie"
"ScenarioI",15,"IMDS","Hausdorff","low",1,242,2,"104;171",3.10329539843224e-12,3.10329539843224e-12,"tolerance_near_tie"
"ScenarioI",15,"IMDS","Hausdorff","low",1,250,2,"81;194",2.57571741713036e-13,2.57571741713036e-13,"tolerance_near_tie"
"ScenarioI",15,"IMDS","Hausdorff","low",2,248,2,"98;106",4.51083614905201e-13,4.51083614905201e-13,"tolerance_near_tie"
"ScenarioI",16,"IMDS","Int-Euclidean","low",201,48,2,"68;73",8.48279779752659e-15,8.48279779752659e-15,"tolerance_near_tie"
"ScenarioI",16,"IMDS","Int-Euclidean","low",300,55,2,"84;89",8.74855743404623e-14,8.74855743404623e-14,"tolerance_near_tie"
"ScenarioI",16,"IMDS","Hausdorff","low",205,230,2,"73;68",3.41740524767431e-14,3.41740524767431e-14,"tolerance_near_tie"
"ScenarioI",16,"IMDS","Hausdorff","low",300,248,2,"73;68",1.05249142734465e-13,1.05249142734465e-13,"tolerance_near_tie"
"ScenarioI",17,"IMDS","Hausdorff","low",1,242,2,"135;100",2.03881356242164e-12,2.03881356242164e-12,"tolerance_near_tie"
"ScenarioI",17,"IMDS","Hausdorff","low",2,243,4,"100;135;85;72",3.65818486613989e-13,1.94588789526051e-12,"tolerance_near_tie"
"ScenarioI",17,"Int-UMAP","Hausdorff","low",161,255,2,"284;300",1.59730006998871e-11,1.59730006998871e-11,"tolerance_near_tie"
"ScenarioI",18,"IMDS","Int-Euclidean","low",2,52,2,"66;106",2.9876101592663e-13,2.9876101592663e-13,"tolerance_near_tie"
"ScenarioI",18,"IMDS","Ichino-Yaguchi","low",300,284,2,"187;138",8.92397267193701e-13,8.92397267193701e-13,"tolerance_near_tie"
"ScenarioI",18,"IMDS","Wasserstein","low",2,196,2,"114;294",3.90742993516824e-13,3.90742993516824e-13,"tolerance_near_tie"
"ScenarioI",19,"IMDS","Int-Euclidean","low",1,54,2,"124;181",1.70796710108334e-12,1.70796710108334e-12,"tolerance_near_tie"
"ScenarioI",19,"IMDS","Int-Euclidean","low",1,58,2,"102;88",1.40176759089172e-12,1.40176759089172e-12,"tolerance_near_tie"
"ScenarioI",19,"IMDS","Int-Euclidean","low",1,59,2,"101;192",1.36357591884462e-12,1.36357591884462e-12,"tolerance_near_tie"
"ScenarioI",19,"IMDS","Int-Euclidean","low",2,58,2,"102;88",4.05231403988182e-13,4.05231403988182e-13,"tolerance_near_tie"
"ScenarioI",19,"IMDS","Int-Euclidean","low",225,33,2,"87;88",7.18175519054398e-15,7.18175519054398e-15,"tolerance_near_tie"
"ScenarioI",19,"IMDS","Int-Euclidean","low",229,32,2,"87;88",9.14893161230168e-15,9.14893161230168e-15,"tolerance_near_tie"
"ScenarioI",19,"IMDS","Int-Euclidean","low",300,27,2,"87;88",1.68753899743024e-14,1.68753899743024e-14,"tolerance_near_tie"
"ScenarioI",19,"IMDS","Hausdorff","low",1,237,4,"101;192;88;125",1.22124532708767e-12,5.88862292261183e-12,"tolerance_near_tie"
"ScenarioI",19,"IMDS","Hausdorff","low",2,240,2,"88;125",6.72795152922845e-13,6.72795152922845e-13,"tolerance_near_tie"
"ScenarioI",19,"IMDS","Hausdorff","low",2,241,2,"105;74",5.65436586441592e-13,5.65436586441592e-13,"tolerance_near_tie"
"ScenarioI",19,"IMDS","Hausdorff","low",219,230,2,"88;87",1.07431424867244e-14,1.07431424867244e-14,"tolerance_near_tie"
"ScenarioI",19,"IMDS","Hausdorff","low",223,250,2,"88;87",1.31353261600964e-14,1.31353261600964e-14,"tolerance_near_tie"
"ScenarioI",19,"IMDS","Hausdorff","low",227,250,2,"88;87",1.57547586088214e-14,1.57547586088214e-14,"tolerance_near_tie"
"ScenarioI",19,"IMDS","Hausdorff","low",228,253,2,"88;87",1.70800873444676e-14,1.70800873444676e-14,"tolerance_near_tie"
"ScenarioI",19,"IMDS","Hausdorff","low",230,263,2,"88;87",1.97203364749043e-14,1.97203364749043e-14,"tolerance_near_tie"
"ScenarioI",19,"IMDS","Hausdorff","low",231,266,2,"88;87",2.00672811700997e-14,2.00672811700997e-14,"tolerance_near_tie"
"ScenarioI",19,"IMDS","Hausdorff","low",299,269,2,"88;87",3.40838468559923e-14,3.40838468559923e-14,"tolerance_near_tie"
"ScenarioI",19,"IMDS","Hausdorff","low",300,275,2,"101;88",7.30526750203353e-13,7.30526750203353e-13,"tolerance_near_tie"
"ScenarioI",19,"IMDS","Ichino-Yaguchi","low",1,296,2,"101;192",6.7124084068837e-13,6.7124084068837e-13,"tolerance_near_tie"
"ScenarioI",20,"IMDS","Hausdorff","low",1,200,2,"128;177",9.69446745102687e-13,9.69446745102687e-13,"tolerance_near_tie"
"ScenarioI",20,"IMDS","Hausdorff","low",216,209,2,"127;132",7.15573433840433e-15,7.15573433840433e-15,"tolerance_near_tie"
"ScenarioI",21,"IMDS","Int-Euclidean","low",2,54,2,"75;89",3.88300502862649e-13,3.88300502862649e-13,"tolerance_near_tie"
"ScenarioI",21,"IMDS","Int-Euclidean","low",227,47,2,"71;124",4.03756889033602e-15,4.03756889033602e-15,"tolerance_near_tie"
"ScenarioI",21,"IMDS","Int-Euclidean","low",300,30,2,"67;71",9.72555369571637e-14,9.72555369571637e-14,"tolerance_near_tie"
"ScenarioI",21,"IMDS","Hausdorff","low",1,237,7,"71;117;102;74;67;72;122",8.61533067109121e-14,6.30517860145119e-12,"tolerance_near_tie"
"ScenarioI",21,"IMDS","Hausdorff","low",2,239,2,"76;90",8.29225577092529e-13,8.29225577092529e-13,"tolerance_near_tie"
"ScenarioI",21,"IMDS","Hausdorff","low",2,240,6,"117;102;74;72;122;67",7.54951656745106e-14,1.10955689081038e-12,"tolerance_near_tie"
"ScenarioI",21,"IMDS","Hausdorff","low",226,246,2,"124;71",1.79856129989275e-14,1.79856129989275e-14,"tolerance_near_tie"
"ScenarioI",21,"IMDS","Hausdorff","low",250,219,2,"72;122",1.91929805382074e-14,1.91929805382074e-14,"tolerance_near_tie"
"ScenarioI",21,"IMDS","Hausdorff","low",300,251,3,"71;124;67",1.45661260830821e-13,1.39843692181785e-12,"tolerance_near_tie"
"ScenarioI",21,"IMDS","Ichino-Yaguchi","low",2,296,2,"71;67",3.75199871172072e-13,3.75199871172072e-13,"tolerance_near_tie"
"ScenarioI",21,"IMDS","Ichino-Yaguchi","low",216,265,2,"71;67",2.41039826986977e-15,2.41039826986977e-15,"tolerance_near_tie"
"ScenarioI",21,"IMDS","Ichino-Yaguchi","low",300,297,2,"71;67",7.99360577730113e-13,7.99360577730113e-13,"tolerance_near_tie"
"ScenarioI",21,"IMDS","Wasserstein","low",300,201,2,"71;67",7.8248518775581e-13,7.8248518775581e-13,"tolerance_near_tie"
"ScenarioI",21,"IMDS","Centers-Euclidean","low",2,145,2,"100;89",6.72240041410532e-14,6.72240041410532e-14,"tolerance_near_tie"
"ScenarioI",21,"IMDS","Centers-Euclidean","low",300,132,2,"71;67",6.32160990221564e-13,6.32160990221564e-13,"tolerance_near_tie"
"ScenarioI",22,"IMDS","Int-Euclidean","low",1,52,2,"75;183",1.2481127242836e-12,1.2481127242836e-12,"tolerance_near_tie"
"ScenarioI",22,"IMDS","Int-Euclidean","low",1,53,2,"104;87",1.41686662402662e-12,1.41686662402662e-12,"tolerance_near_tie"
"ScenarioI",22,"IMDS","Int-Euclidean","low",2,47,2,"183;105",2.97983859809392e-13,2.97983859809392e-13,"tolerance_near_tie"
"ScenarioI",22,"IMDS","Int-Euclidean","low",2,49,3,"75;104;87",1.66144875635155e-13,5.49948975248071e-13,"tolerance_near_tie"
"ScenarioI",22,"IMDS","Int-Euclidean","low",3,40,2,"73;179",1.56255217098611e-15,1.56255217098611e-15,"tolerance_near_tie"
"ScenarioI",22,"IMDS","Int-Euclidean","low",300,58,2,"181;102",1.66533453693773e-13,1.66533453693773e-13,"tolerance_near_tie"
"ScenarioI",22,"IMDS","Hausdorff","low",2,241,2,"66;67",5.1103565823496e-13,5.1103565823496e-13,"tolerance_near_tie"
"ScenarioI",22,"IMDS","Hausdorff","low",300,250,2,"100;125",4.54303261676614e-13,4.54303261676614e-13,"tolerance_near_tie"
"ScenarioI",22,"IMDS","Hausdorff","low",300,251,2,"77;135",4.9960036108132e-13,4.9960036108132e-13,"tolerance_near_tie"
"ScenarioI",22,"IMDS","Ichino-Yaguchi","low",300,268,2,"290;162",2.25153229393982e-13,2.25153229393982e-13,"tolerance_near_tie"
"ScenarioI",23,"IMDS","Int-Euclidean","low",1,67,6,"85;120;167;91;71;173",2.79776202205539e-14,1.54720680711762e-12,"tolerance_near_tie"
"ScenarioI",23,"IMDS","Int-Euclidean","low",2,61,5,"120;85;167;71;91",1.32671651442706e-14,1.57651669496772e-13,"tolerance_near_tie"
"ScenarioI",23,"IMDS","Int-Euclidean","low",241,41,3,"85;135;192",2.09970929532233e-14,4.37844205336546e-14,"tolerance_near_tie"
"ScenarioI",23,"IMDS","Int-Euclidean","low",300,31,5,"78;134;85;135;194",3.99680288865056e-15,1.15196741035106e-12,"tolerance_near_tie"
"ScenarioI",23,"IMDS","Hausdorff","low",1,228,2,"83;85",8.30446822419617e-13,8.30446822419617e-13,"tolerance_near_tie"
"ScenarioI",23,"IMDS","Hausdorff","low",2,232,2,"85;83",7.97140131680862e-14,7.97140131680862e-14,"tolerance_near_tie"
"ScenarioI",23,"IMDS","Hausdorff","low",53,230,2,"71;167",9.61730695081542e-15,9.61730695081542e-15,"tolerance_near_tie"
"ScenarioI",23,"IMDS","Hausdorff","low",151,230,2,"85;83",2.3786528302594e-14,2.3786528302594e-14,"tolerance_near_tie"
"ScenarioI",23,"IMDS","Hausdorff","low",237,189,2,"297;124",9.10729824887824e-15,9.10729824887824e-15,"tolerance_near_tie"
"ScenarioI",23,"IMDS","Hausdorff","low",299,262,2,"135;85",4.88498130835069e-15,4.88498130835069e-15,"tolerance_near_tie"
"ScenarioI",24,"IMDS","Int-Euclidean","low",1,53,3,"92;90;89",2.35589325825458e-13,2.01749728034883e-12,"tolerance_near_tie"
"ScenarioI",24,"IMDS","Int-Euclidean","low",2,49,2,"175;112",3.78030939884866e-13,3.78030939884866e-13,"tolerance_near_tie"
"ScenarioI",24,"IMDS","Int-Euclidean","low",2,50,3,"92;89;90",1.18793863634892e-14,1.73305814143987e-13,"tolerance_near_tie"
"ScenarioI",24,"IMDS","Int-Euclidean","low",253,43,2,"90;92",3.24046345312468e-15,3.24046345312468e-15,"tolerance_near_tie"
"ScenarioI",24,"IMDS","Hausdorff","low",1,207,2,"101;105",2.02726724296554e-12,2.02726724296554e-12,"tolerance_near_tie"
"ScenarioI",24,"IMDS","Hausdorff","low",1,219,2,"87;167",2.64366306623742e-12,2.64366306623742e-12,"tolerance_near_tie"
"ScenarioI",24,"IMDS","Hausdorff","low",1,228,4,"77;91;173;90",3.5527136788005e-15,3.08908454371704e-12,"tolerance_near_tie"
"ScenarioI",24,"IMDS","Hausdorff","low",2,239,5,"104;90;77;91;173",5.12923037376822e-14,6.15063555642337e-13,"tolerance_near_tie"
"ScenarioI",24,"IMDS","Hausdorff","low",106,158,2,"91;173",2.2215302514228e-16,2.2215302514228e-16,"tolerance_near_tie"
"ScenarioI",24,"IMDS","Hausdorff","low",151,234,2,"90;77",5.51642065360625e-15,5.51642065360625e-15,"tolerance_near_tie"
"ScenarioI",24,"IMDS","Hausdorff","low",151,235,2,"91;173",4.96894192458797e-14,4.96894192458797e-14,"tolerance_near_tie"
"ScenarioI",24,"IMDS","Hausdorff","low",154,235,2,"91;173",3.12805337188138e-14,3.12805337188138e-14,"tolerance_near_tie"
"ScenarioI",24,"IMDS","Hausdorff","low",184,223,2,"91;173",2.56045185054177e-15,2.56045185054177e-15,"tolerance_near_tie"
"ScenarioI",24,"IMDS","Hausdorff","low",219,253,2,"117;90",1.27148291895196e-13,1.27148291895196e-13,"tolerance_near_tie"
"ScenarioI",24,"IMDS","Hausdorff","low",255,221,2,"90;92",5.235395450498e-15,5.235395450498e-15,"tolerance_near_tie"
"ScenarioI",24,"IMDS","Hausdorff","low",274,235,2,"90;92",2.45775622076394e-14,2.45775622076394e-14,"tolerance_near_tie"
"ScenarioI",24,"IMDS","Hausdorff","low",300,261,3,"110;117;90",2.02948768901479e-13,1.34514621663584e-12,"tolerance_near_tie"
"ScenarioI",24,"IMDS","Wasserstein","low",300,196,2,"90;173",6.89226453687297e-13,6.89226453687297e-13,"tolerance_near_tie"
"ScenarioI",24,"IMDS","Centers-Euclidean","low",2,146,2,"167;295",7.63278329429795e-14,7.63278329429795e-14,"tolerance_near_tie"
"ScenarioI",25,"IMDS","Int-Euclidean","low",1,43,2,"75;76",1.26698651570223e-12,1.26698651570223e-12,"tolerance_near_tie"
"ScenarioI",25,"IMDS","Int-Euclidean","low",2,40,4,"71;75;76;86",2.68451927354363e-13,9.20707954321642e-13,"tolerance_near_tie"
"ScenarioI",25,"IMDS","Hausdorff","low",1,241,2,"84;95",1.69020353268934e-12,1.69020353268934e-12,"tolerance_near_tie"
"ScenarioI",25,"IMDS","Hausdorff","low",1,244,2,"80;114",2.26485497023532e-13,2.26485497023532e-13,"tolerance_near_tie"
"ScenarioI",25,"IMDS","Hausdorff","low",2,248,2,"80;114",6.82898182446934e-13,6.82898182446934e-13,"tolerance_near_tie"
"ScenarioI",25,"IMDS","Ichino-Yaguchi","low",1,296,2,"175;171",5.63549207299729e-13,5.63549207299729e-13,"tolerance_near_tie"
"ScenarioI",26,"IMDS","Int-Euclidean","low",1,60,2,"138;66",2.09832151654155e-13,2.09832151654155e-13,"tolerance_near_tie"
"ScenarioI",26,"IMDS","Int-Euclidean","low",1,63,2,"173;78",1.65223390524716e-12,1.65223390524716e-12,"tolerance_near_tie"
"ScenarioI",26,"IMDS","Int-Euclidean","low",1,69,2,"95;291",1.12221343329111e-12,1.12221343329111e-12,"tolerance_near_tie"
"ScenarioI",26,"IMDS","Hausdorff","low",1,136,2,"75;11",9.59232693276135e-14,9.59232693276135e-14,"tolerance_near_tie"
"ScenarioI",26,"IMDS","Hausdorff","low",1,239,2,"94;132",1.50901513507051e-12,1.50901513507051e-12,"tolerance_near_tie"
"ScenarioI",26,"IMDS","Hausdorff","low",1,240,2,"104;105",2.57260879266141e-12,2.57260879266141e-12,"tolerance_near_tie"
"ScenarioI",26,"IMDS","Hausdorff","low",2,247,2,"104;105",2.98983060531555e-13,2.98983060531555e-13,"tolerance_near_tie"
"ScenarioI",26,"IMDS","Wasserstein","low",2,197,2,"140;117",3.11417558407356e-14,3.11417558407356e-14,"tolerance_near_tie"
"ScenarioI",28,"IMDS","Int-Euclidean","low",300,50,2,"130;119",4.84945417156268e-13,4.84945417156268e-13,"tolerance_near_tie"
"ScenarioI",28,"IMDS","Ichino-Yaguchi","low",1,288,2,"265;194",3.02868841117743e-13,3.02868841117743e-13,"tolerance_near_tie"
"ScenarioI",29,"IMDS","Int-Euclidean","low",1,58,4,"82;199;72;79",8.13127343235465e-13,3.53783669027052e-12,"tolerance_near_tie"
"ScenarioI",29,"IMDS","Int-Euclidean","low",2,52,3,"82;72;79",2.67841304690819e-13,6.85618228857265e-13,"tolerance_near_tie"
"ScenarioI",29,"IMDS","Int-Euclidean","low",257,53,2,"93;71",5.68295410730002e-15,5.68295410730002e-15,"tolerance_near_tie"
"ScenarioI",29,"IMDS","Int-Euclidean","low",276,57,2,"93;71",7.49400541621981e-15,7.49400541621981e-15,"tolerance_near_tie"
"ScenarioI",29,"IMDS","Int-Euclidean","low",300,44,2,"190;77",1.01318953227292e-12,1.01318953227292e-12,"tolerance_near_tie"
"ScenarioI",29,"IMDS","Hausdorff","low",1,228,2,"119;89",1.61071156412618e-12,1.61071156412618e-12,"tolerance_near_tie"
"ScenarioI",29,"IMDS","Hausdorff","low",1,242,2,"87;172",1.44462219964225e-12,1.44462219964225e-12,"tolerance_near_tie"
"ScenarioI",29,"IMDS","Hausdorff","low",1,243,3,"71;79;93",6.08402217494586e-14,1.47881706880071e-13,"tolerance_near_tie"
"ScenarioI",29,"IMDS","Hausdorff","low",1,245,2,"77;103",3.84448028967199e-12,3.84448028967199e-12,"tolerance_near_tie"
"ScenarioI",29,"IMDS","Hausdorff","low",2,243,2,"76;107",2.88657986402541e-13,2.88657986402541e-13,"tolerance_near_tie"
"ScenarioI",29,"IMDS","Hausdorff","low",2,248,3,"87;70;79",5.38791233850588e-13,1.15907283770866e-12,"tolerance_near_tie"
"ScenarioI",29,"IMDS","Hausdorff","low",2,249,2,"71;93",1.11910480882216e-13,1.11910480882216e-13,"tolerance_near_tie"
"ScenarioI",29,"IMDS","Hausdorff","low",2,250,2,"103;85",7.36188887628941e-13,7.36188887628941e-13,"tolerance_near_tie"
"ScenarioI",29,"IMDS","Hausdorff","low",251,215,2,"93;71",2.56739074444567e-15,2.56739074444567e-15,"tolerance_near_tie"
"ScenarioI",29,"IMDS","Hausdorff","low",252,208,2,"93;71",6.94756752128711e-15,6.94756752128711e-15,"tolerance_near_tie"
"ScenarioI",29,"IMDS","Hausdorff","low",253,193,2,"71;93",2.9542340795885e-15,2.9542340795885e-15,"tolerance_near_tie"
"ScenarioI",29,"IMDS","Wasserstein","low",1,168,2,"77;121",3.42392780794398e-13,3.42392780794398e-13,"tolerance_near_tie"
"ScenarioI",30,"IMDS","Int-Euclidean","low",1,70,3,"122;107;84",6.06181771445335e-14,2.36477504245158e-13,"tolerance_near_tie"
"ScenarioI",30,"IMDS","Int-Euclidean","low",1,76,2,"168;183",1.21502807814977e-12,1.21502807814977e-12,"tolerance_near_tie"
"ScenarioI",30,"IMDS","Int-Euclidean","low",2,63,5,"117;71;122;107;84",7.60502771868232e-15,2.93598478862123e-13,"tolerance_near_tie"
"ScenarioI",30,"IMDS","Int-Euclidean","low",2,65,3,"70;139;82",1.13575815419154e-13,2.77000644643977e-13,"tolerance_near_tie"
"ScenarioI",30,"IMDS","Int-Euclidean","low",2,69,2,"168;183",3.72313291308046e-13,3.72313291308046e-13,"tolerance_near_tie"
"ScenarioI",30,"IMDS","Int-Euclidean","low",151,62,2,"184;183",3.994027331089e-14,3.994027331089e-14,"tolerance_near_tie"
"ScenarioI",30,"IMDS","Hausdorff","low",1,230,2,"83;168",2.1005419625908e-12,2.1005419625908e-12,"tolerance_near_tie"
"ScenarioI",30,"IMDS","Hausdorff","low",1,232,6,"166;139;184;183;170;138",3.15303338993544e-14,7.19024839668236e-12,"tolerance_near_tie"
"ScenarioI",30,"IMDS","Hausdorff","low",2,227,2,"167;115",1.01141317543352e-13,1.01141317543352e-13,"tolerance_near_tie"
"ScenarioI",30,"IMDS","Hausdorff","low",2,231,3,"139;101;166",6.89448498292222e-14,6.94888591112885e-13,"tolerance_near_tie"
"ScenarioI",30,"IMDS","Hausdorff","low",2,232,2,"183;184",8.77076189453874e-14,8.77076189453874e-14,"tolerance_near_tie"
"ScenarioI",30,"IMDS","Hausdorff","low",40,56,2,"122;107",2.54462249882348e-16,2.54462249882348e-16,"tolerance_near_tie"
"ScenarioI",30,"IMDS","Hausdorff","low",53,225,2,"84;107",8.45851166886291e-15,8.45851166886291e-15,"tolerance_near_tie"
"ScenarioI",30,"IMDS","Hausdorff","low",151,229,3,"84;107;122",3.87190279838023e-14,1.10328413072125e-13,"tolerance_near_tie"
"ScenarioI",30,"IMDS","Wasserstein","low",220,152,2,"139;168",5.07406616723216e-16,5.07406616723216e-16,"tolerance_near_tie"
"ScenarioI",31,"IMDS","Int-Euclidean","low",1,63,2,"99;187",3.07975867031018e-13,3.07975867031018e-13,"tolerance_near_tie"
"ScenarioI",31,"IMDS","Int-Euclidean","low",1,64,7,"81;90;164;165;109;85;88",3.35287353436797e-14,3.24384963334978e-12,"tolerance_near_tie"
"ScenarioI",31,"IMDS","Int-Euclidean","low",1,65,2,"163;113",1.33471012020436e-12,1.33471012020436e-12,"tolerance_near_tie"
"ScenarioI",31,"IMDS","Int-Euclidean","low",2,62,7,"99;164;81;187;85;109;88",5.77315972805081e-15,8.02802269106451e-13,"tolerance_near_tie"
"ScenarioI",31,"IMDS","Int-Euclidean","low",152,63,2,"81;164",1.07032438467769e-14,1.07032438467769e-14,"tolerance_near_tie"
"ScenarioI",31,"IMDS","Int-Euclidean","low",300,30,2,"274;82",1.05582209641852e-12,1.05582209641852e-12,"tolerance_near_tie"
"ScenarioI",31,"IMDS","Int-Euclidean","low",300,31,2,"90;167",1.01629815674187e-12,1.01629815674187e-12,"tolerance_near_tie"
"ScenarioI",31,"IMDS","Hausdorff","low",1,238,2,"183;163",2.27462493285202e-12,2.27462493285202e-12,"tolerance_near_tie"
"ScenarioI",31,"IMDS","Hausdorff","low",2,229,2,"130;86",3.90243393155743e-13,3.90243393155743e-13,"tolerance_near_tie"
"ScenarioI",31,"IMDS","Hausdorff","low",154,224,2,"85;109",9.73179870022989e-15,9.73179870022989e-15,"tolerance_near_tie"
"ScenarioI",31,"IMDS","Ichino-Yaguchi","low",1,291,2,"91;297",1.00497388189069e-12,1.00497388189069e-12,"tolerance_near_tie"
"ScenarioI",31,"IMDS","Wasserstein","low",300,216,2,"91;96",1.35669253609194e-13,1.35669253609194e-13,"tolerance_near_tie"
"ScenarioI",32,"IMDS","Int-Euclidean","low",1,76,2,"106;123",1.31761268562514e-12,1.31761268562514e-12,"tolerance_near_tie"
"ScenarioI",32,"IMDS","Int-Euclidean","low",1,78,2,"170;129",6.49702514010642e-13,6.49702514010642e-13,"tolerance_near_tie"
"ScenarioI",32,"IMDS","Int-Euclidean","low",2,74,2,"123;122",1.21236354289067e-13,1.21236354289067e-13,"tolerance_near_tie"
"ScenarioI",32,"IMDS","Hausdorff","low",1,229,2,"110;298",3.5242919693701e-12,3.5242919693701e-12,"tolerance_near_tie"
"ScenarioI",32,"IMDS","Hausdorff","low",1,233,2,"82;101",2.30704344517108e-12,2.30704344517108e-12,"tolerance_near_tie"
"ScenarioI",32,"IMDS","Hausdorff","low",1,236,3,"184;123;78",4.64961402713016e-13,1.10755848936606e-12,"tolerance_near_tie"
"ScenarioI",32,"IMDS","Hausdorff","low",1,237,3,"166;198;270",5.07149877648772e-13,1.03916875104915e-12,"tolerance_near_tie"
"ScenarioI",32,"IMDS","Hausdorff","low",2,236,2,"101;184",7.25752791197465e-13,7.25752791197465e-13,"tolerance_near_tie"
"ScenarioI",32,"IMDS","Hausdorff","low",2,238,2,"123;70",2.69562150378988e-13,2.69562150378988e-13,"tolerance_near_tie"
"ScenarioI",32,"IMDS","Hausdorff","low",2,239,2,"109;78",8.12239164815765e-13,8.12239164815765e-13,"tolerance_near_tie"
"ScenarioI",32,"IMDS","Hausdorff","low",2,240,2,"166;270",4.37316849399849e-13,4.37316849399849e-13,"tolerance_near_tie"
"ScenarioI",32,"IMDS","Centers-Euclidean","low",1,151,2,"290;123",4.09450251481758e-13,4.09450251481758e-13,"tolerance_near_tie"
"ScenarioI",33,"IMDS","Int-Euclidean","low",1,59,2,"133;91",1.74527059471075e-12,1.74527059471075e-12,"tolerance_near_tie"
"ScenarioI",33,"IMDS","Int-Euclidean","low",1,62,3,"191;75;112",1.15418785640031e-12,2.46824782834665e-12,"tolerance_near_tie"
"ScenarioI",33,"IMDS","Int-Euclidean","low",1,63,2,"188;74",1.22479804076647e-12,1.22479804076647e-12,"tolerance_near_tie"
"ScenarioI",33,"IMDS","Int-Euclidean","low",2,57,3,"75;112;74",7.39963645912667e-14,3.08697511997025e-13,"tolerance_near_tie"
"ScenarioI",33,"IMDS","Hausdorff","low",3,217,2,"75;112",9.64506252643105e-16,9.64506252643105e-16,"tolerance_near_tie"
"ScenarioI",34,"IMDS","Int-Euclidean","low",2,59,4,"114;87;94;79",3.33066907387547e-16,4.18554080283684e-14,"tolerance_near_tie"
"ScenarioI",34,"IMDS","Int-Euclidean","low",300,28,2,"189;143",1.21014309684142e-12,1.21014309684142e-12,"tolerance_near_tie"
"ScenarioI",34,"IMDS","Hausdorff","low",1,228,4,"129;189;108;181",2.08721928629529e-13,2.98738811466137e-12,"tolerance_near_tie"
"ScenarioI",34,"IMDS","Hausdorff","low",2,234,4,"189;129;108;181",1.0946799022804e-13,1.12265752250096e-12,"tolerance_near_tie"
"ScenarioI",34,"IMDS","Hausdorff","low",53,230,2,"87;114",2.46330733588707e-15,2.46330733588707e-15,"tolerance_near_tie"
"ScenarioI",34,"IMDS","Hausdorff","low",151,231,3,"94;114;87",4.413136522885e-15,5.66491298314986e-14,"tolerance_near_tie"
"ScenarioI",34,"IMDS","Hausdorff","low",152,228,2,"114;94",1.29618538124987e-14,1.29618538124987e-14,"tolerance_near_tie"
"ScenarioI",35,"IMDS","Int-Euclidean","low",300,54,2,"166;115",3.49276163547074e-13,3.49276163547074e-13,"tolerance_near_tie"
"ScenarioI",36,"IMDS","Int-Euclidean","low",300,62,2,"164;114",1.7874590696465e-13,1.7874590696465e-13,"tolerance_near_tie"
"ScenarioI",36,"IMDS","Hausdorff","low",1,258,2,"179;114",2.68540745196333e-12,2.68540745196333e-12,"tolerance_near_tie"
"ScenarioI",36,"IMDS","Hausdorff","low",300,258,2,"115;114",8.35331803727968e-13,8.35331803727968e-13,"tolerance_near_tie"
"ScenarioI",36,"IMDS","Ichino-Yaguchi","low",1,297,2,"92;164",3.50830475781549e-14,3.50830475781549e-14,"tolerance_near_tie"
"ScenarioI",37,"IMDS","Int-Euclidean","low",1,51,7,"98;100;108;80;192;122;112",2.57349697108111e-13,3.99480448720624e-12,"tolerance_near_tie"
"ScenarioI",37,"IMDS","Int-Euclidean","low",1,69,2,"164;106",1.43196565716153e-12,1.43196565716153e-12,"tolerance_near_tie"
"ScenarioI",37,"IMDS","Int-Euclidean","low",2,45,5,"103;98;80;100;108",4.6074255521944e-15,4.68403094089354e-13,"tolerance_near_tie"
"ScenarioI",37,"IMDS","Int-Euclidean","low",2,46,2,"122;112",1.29896093881143e-14,1.29896093881143e-14,"tolerance_near_tie"
"ScenarioI",37,"IMDS","Int-Euclidean","low",300,31,2,"81;70",1.11666231816798e-12,1.11666231816798e-12,"tolerance_near_tie"
"ScenarioI",37,"IMDS","Hausdorff","low",1,214,2,"107;85",3.32756044940652e-12,3.32756044940652e-12,"tolerance_near_tie"
"ScenarioI",37,"IMDS","Hausdorff","low",1,215,2,"176;111",1.69109171110904e-12,1.69109171110904e-12,"tolerance_near_tie"
"ScenarioI",37,"IMDS","Hausdorff","low",1,217,3,"66;165;97",5.87530024631633e-13,1.20481402632322e-12,"tolerance_near_tie"
"ScenarioI",37,"IMDS","Hausdorff","low",1,219,2,"71;175",8.58424442640171e-13,8.58424442640171e-13,"tolerance_near_tie"
"ScenarioI",37,"IMDS","Hausdorff","low",1,222,2,"77;105",3.24984483768276e-12,3.24984483768276e-12,"tolerance_near_tie"
"ScenarioI",37,"IMDS","Hausdorff","low",2,215,2,"97;176",6.14730488734949e-13,6.14730488734949e-13,"tolerance_near_tie"
"ScenarioI",37,"IMDS","Hausdorff","low",2,219,3,"77;111;133",4.16222611931971e-13,9.13602526964041e-13,"tolerance_near_tie"
"ScenarioI",37,"IMDS","Hausdorff","low",2,220,3,"175;72;71",2.16937579011756e-13,1.00341956965622e-12,"tolerance_near_tie"
"ScenarioI",37,"IMDS","Hausdorff","low",2,221,2,"86;66",1.52544643583497e-13,1.52544643583497e-13,"tolerance_near_tie"
"ScenarioI",37,"IMDS","Hausdorff","low",151,219,2,"68;72",3.55757090453324e-14,3.55757090453324e-14,"tolerance_near_tie"
"ScenarioI",37,"IMDS","Centers-Euclidean","low",300,156,2,"165;97",6.15063555642337e-14,6.15063555642337e-14,"tolerance_near_tie"
"ScenarioI",38,"IMDS","Int-Euclidean","low",1,54,3,"171;166;170",1.35247368859837e-12,2.88391532876631e-12,"tolerance_near_tie"
"ScenarioI",38,"IMDS","Int-Euclidean","low",1,70,2,"101;296",1.07469588783715e-13,1.07469588783715e-13,"tolerance_near_tie"
"ScenarioI",38,"IMDS","Hausdorff","low",300,240,2,"166;298",1.64179780881568e-12,1.64179780881568e-12,"tolerance_near_tie"
"ScenarioI",38,"IMDS","Ichino-Yaguchi","low",1,291,2,"286;290",1.19482201910159e-12,1.19482201910159e-12,"tolerance_near_tie"
"ScenarioI",38,"IMDS","Ichino-Yaguchi","low",300,290,2,"290;161",1.09312559004593e-12,1.09312559004593e-12,"tolerance_near_tie"
"ScenarioI",38,"IMDS","Centers-Euclidean","low",1,143,2,"171;109",1.96065386148803e-13,1.96065386148803e-13,"tolerance_near_tie"
"ScenarioI",39,"IMDS","Int-Euclidean","low",1,66,2,"96;168",1.05337960576435e-12,1.05337960576435e-12,"tolerance_near_tie"
"ScenarioI",39,"IMDS","Int-Euclidean","low",1,67,3,"95;94;124",1.90958360235527e-14,1.25810473150523e-12,"tolerance_near_tie"
"ScenarioI",39,"IMDS","Int-Euclidean","low",2,66,4,"96;95;94;124",3.28070903776734e-14,6.46260822634304e-13,"tolerance_near_tie"
"ScenarioI",39,"IMDS","Int-Euclidean","low",203,63,2,"163;141",3.34281213820731e-15,3.34281213820731e-15,"tolerance_near_tie"
"ScenarioI",39,"IMDS","Hausdorff","low",1,211,2,"116;111",7.087663789207e-13,7.087663789207e-13,"tolerance_near_tie"
"ScenarioI",39,"IMDS","Hausdorff","low",1,217,3,"91;190;123",1.34114941374719e-12,4.58211246723295e-12,"tolerance_near_tie"
"ScenarioI",39,"IMDS","Hausdorff","low",1,219,2,"94;67",1.15196741035106e-12,1.15196741035106e-12,"tolerance_near_tie"
"ScenarioI",39,"IMDS","Hausdorff","low",1,221,2,"163;179",4.46753745109163e-13,4.46753745109163e-13,"tolerance_near_tie"
"ScenarioI",39,"IMDS","Hausdorff","low",1,223,2,"165;169",2.22222240608971e-12,2.22222240608971e-12,"tolerance_near_tie"
"ScenarioI",39,"IMDS","Hausdorff","low",2,217,2,"190;101",8.57203197313083e-13,8.57203197313083e-13,"tolerance_near_tie"
"ScenarioI",39,"IMDS","Hausdorff","low",2,222,2,"109;67",4.88609153137531e-13,4.88609153137531e-13,"tolerance_near_tie"
"ScenarioI",40,"IMDS","Int-Euclidean","low",1,49,2,"73;89",1.30917499063798e-12,1.30917499063798e-12,"tolerance_near_tie"
"ScenarioI",40,"IMDS","Int-Euclidean","low",1,50,3,"91;72;79",4.57189841540639e-13,1.40998324127395e-12,"tolerance_near_tie"
"ScenarioI",40,"IMDS","Int-Euclidean","low",1,51,2,"142;80",1.68975944347949e-12,1.68975944347949e-12,"tolerance_near_tie"
"ScenarioI",40,"IMDS","Int-Euclidean","low",2,47,5,"73;72;89;91;80",3.08642000845794e-14,8.52429238307195e-13,"tolerance_near_tie"
"ScenarioI",40,"IMDS","Hausdorff","low",1,223,2,"126;67",8.96172025477426e-13,8.96172025477426e-13,"tolerance_near_tie"
"ScenarioI",40,"IMDS","Hausdorff","low",1,228,2,"100;99",2.69562150378988e-13,2.69562150378988e-13,"tolerance_near_tie"
"ScenarioI",41,"IMDS","Int-Euclidean","low",1,53,5,"114;104;101;73;71",9.45910016980633e-14,2.50999221407255e-12,"tolerance_near_tie"
"ScenarioI",41,"IMDS","Int-Euclidean","low",2,46,6,"139;114;104;73;101;71",5.93969318174459e-15,7.90478793533111e-13,"tolerance_near_tie"
"ScenarioI",41,"IMDS","Int-Euclidean","low",53,47,2,"104;73",4.75661177112841e-15,4.75661177112841e-15,"tolerance_near_tie"
"ScenarioI",41,"IMDS","Int-Euclidean","low",300,53,2,"168;297",5.46895861930352e-13,5.46895861930352e-13,"tolerance_near_tie"
"ScenarioI",41,"IMDS","Hausdorff","low",1,202,2,"296;291",5.14699394216223e-13,5.14699394216223e-13,"tolerance_near_tie"
"ScenarioI",41,"IMDS","Hausdorff","low",1,218,2,"89;68",1.38333788868295e-12,1.38333788868295e-12,"tolerance_near_tie"
"ScenarioI",41,"IMDS","Hausdorff","low",1,220,6,"108;99;97;67;122;90",2.93098878501041e-14,7.50599582488576e-12,"tolerance_near_tie"
"ScenarioI",41,"IMDS","Hausdorff","low",1,221,3,"169;144;140",2.54907206453936e-13,1.23678844943242e-12,"tolerance_near_tie"
"ScenarioI",41,"IMDS","Hausdorff","low",2,228,2,"70;67",3.13082892944294e-14,3.13082892944294e-14,"tolerance_near_tie"
"ScenarioI",41,"IMDS","Hausdorff","low",2,229,6,"91;108;99;97;122;90",6.55031584528842e-15,1.64024349658121e-12,"tolerance_near_tie"
"ScenarioI",41,"IMDS","Hausdorff","low",53,226,2,"122;90",6.54337695138452e-15,6.54337695138452e-15,"tolerance_near_tie"
"ScenarioI",41,"IMDS","Hausdorff","low",152,245,2,"104;73",9.05178709764698e-15,9.05178709764698e-15,"tolerance_near_tie"
"ScenarioI",41,"IMDS","Hausdorff","low",155,229,2,"122;90",1.55847557081756e-14,1.55847557081756e-14,"tolerance_near_tie"
"ScenarioI",41,"IMDS","Hausdorff","low",221,217,2,"122;90",1.44120826384153e-14,1.44120826384153e-14,"tolerance_near_tie"
"ScenarioI",41,"IMDS","Ichino-Yaguchi","low",300,296,2,"198;140",6.83453293959246e-13,6.83453293959246e-13,"tolerance_near_tie"
"ScenarioI",41,"IMDS","Centers-Euclidean","low",1,138,2,"292;191",1.18816068095384e-12,1.18816068095384e-12,"tolerance_near_tie"
"ScenarioI",42,"IMDS","Int-Euclidean","low",1,68,2,"185;77",8.97060203897126e-14,8.97060203897126e-14,"tolerance_near_tie"
"ScenarioI",42,"IMDS","Int-Euclidean","low",2,61,2,"69;77",8.39883718128931e-14,8.39883718128931e-14,"tolerance_near_tie"
"ScenarioI",42,"IMDS","Int-Euclidean","low",151,150,2,"73;185",1.42524880786254e-14,1.42524880786254e-14,"tolerance_near_tie"
"ScenarioI",42,"IMDS","Int-Euclidean","low",252,50,2,"167;194",5.01682029252493e-15,5.01682029252493e-15,"tolerance_near_tie"
"ScenarioI",42,"IMDS","Int-Euclidean","low",300,37,2,"69;185",8.1645801230934e-13,8.1645801230934e-13,"tolerance_near_tie"
"ScenarioI",42,"IMDS","Hausdorff","low",1,191,2,"193;297",7.02993219192649e-13,7.02993219192649e-13,"tolerance_near_tie"
"ScenarioI",42,"IMDS","Hausdorff","low",1,233,4,"69;167;78;70",1.82076576038526e-14,1.99840144432528e-12,"tolerance_near_tie"
"ScenarioI",42,"IMDS","Hausdorff","low",1,234,3,"146;85;66",8.4776630160377e-13,2.30615526675138e-12,"tolerance_near_tie"
"ScenarioI",42,"IMDS","Hausdorff","low",2,237,2,"69;78",1.97841742988203e-13,1.97841742988203e-13,"tolerance_near_tie"
"ScenarioI",42,"IMDS","Hausdorff","low",2,238,3,"167;85;146",5.55111512312578e-15,2.07611705604904e-14,"tolerance_near_tie"
"ScenarioI",42,"IMDS","Hausdorff","low",3,206,2,"69;77",1.51701567974172e-15,1.51701567974172e-15,"tolerance_near_tie"
"ScenarioI",42,"IMDS","Wasserstein","low",300,216,2,"69;172",6.7479355436717e-13,6.7479355436717e-13,"tolerance_near_tie"
"ScenarioI",42,"IMDS","Centers-Euclidean","low",1,152,2,"73;74",5.15143483426073e-13,5.15143483426073e-13,"tolerance_near_tie"
"ScenarioI",43,"IMDS","Int-Euclidean","low",1,50,2,"74;66",1.64712687933388e-12,1.64712687933388e-12,"tolerance_near_tie"
"ScenarioI",43,"IMDS","Int-Euclidean","low",1,51,4,"124;178;82;168",9.01501095995627e-14,6.89448498292222e-13,"tolerance_near_tie"
"ScenarioI",43,"IMDS","Int-Euclidean","low",2,49,5,"124;82;178;81;168",4.03566069451244e-14,8.38495939348149e-13,"tolerance_near_tie"
"ScenarioI",43,"IMDS","Int-Euclidean","low",153,37,2,"110;75",2.48553348042302e-16,2.48553348042302e-16,"tolerance_near_tie"
"ScenarioI",43,"IMDS","Hausdorff","low",1,241,3,"67;68;168",6.59472476627343e-13,2.20756746216466e-12,"tolerance_near_tie"
"ScenarioI",43,"IMDS","Hausdorff","low",1,242,2,"75;116",3.02335934065923e-12,3.02335934065923e-12,"tolerance_near_tie"
"ScenarioI",43,"IMDS","Hausdorff","low",2,247,4,"96;67;68;168",2.55351295663786e-13,1.30040422874345e-12,"tolerance_near_tie"
"ScenarioI",43,"IMDS","Hausdorff","low",211,204,2,"172;134",3.31852600954363e-15,3.31852600954363e-15,"tolerance_near_tie"
"ScenarioI",43,"IMDS","Hausdorff","low",300,240,2,"299;288",3.48165940522449e-13,3.48165940522449e-13,"tolerance_near_tie"
"ScenarioI",43,"IMDS","Wasserstein","low",1,167,2,"168;176",2.06901162869144e-12,2.06901162869144e-12,"tolerance_near_tie"
"ScenarioI",43,"IMDS","Centers-Euclidean","low",1,151,2,"175;149",9.09494701772928e-13,9.09494701772928e-13,"tolerance_near_tie"
"ScenarioI",43,"IMDS","Centers-Euclidean","low",2,142,2,"100;129",3.92741394961149e-13,3.92741394961149e-13,"tolerance_near_tie"
"ScenarioI",44,"IMDS","Int-Euclidean","low",1,38,6,"83;72;183;109;70;103",7.90478793533111e-14,2.77178280327917e-12,"tolerance_near_tie"
"ScenarioI",44,"IMDS","Int-Euclidean","low",2,35,5,"70;83;183;72;103",3.5527136788005e-14,3.09918757324112e-13,"tolerance_near_tie"
"ScenarioI",44,"IMDS","Int-Euclidean","low",2,36,2,"109;85",7.43294314986542e-14,7.43294314986542e-14,"tolerance_near_tie"
"ScenarioI",44,"IMDS","Int-Euclidean","low",300,38,2,"126;135",7.87592213669086e-13,7.87592213669086e-13,"tolerance_near_tie"
"ScenarioI",44,"IMDS","Int-Euclidean","low",300,39,4,"124;193;109;66",6.27942142727989e-13,2.47024622979097e-12,"tolerance_near_tie"
"ScenarioI",44,"IMDS","Hausdorff","low",1,227,4,"67;82;109;98",5.77315972805081e-13,3.43636230581978e-12,"tolerance_near_tie"
"ScenarioI",44,"IMDS","Hausdorff","low",2,237,3,"82;98;67",1.33004718350094e-13,8.76076988731711e-13,"tolerance_near_tie"
"ScenarioI",44,"IMDS","Wasserstein","low",1,154,2,"87;109",1.90958360235527e-12,1.90958360235527e-12,"tolerance_near_tie"
"ScenarioI",45,"IMDS","Int-Euclidean","low",1,57,4,"143;137;181;73",5.32907051820075e-15,9.01279051390702e-13,"tolerance_near_tie"
"ScenarioI",45,"IMDS","Int-Euclidean","low",1,59,2,"142;196",9.38360500413182e-13,9.38360500413182e-13,"tolerance_near_tie"
"ScenarioI",45,"IMDS","Int-Euclidean","low",1,66,2,"131;77",5.36681810103801e-13,5.36681810103801e-13,"tolerance_near_tie"
"ScenarioI",45,"IMDS","Int-Euclidean","low",2,57,4,"143;137;73;181",1.62092561595273e-14,2.28039809258007e-13,"tolerance_near_tie"
"ScenarioI",45,"IMDS","Int-Euclidean","low",155,55,2,"137;73",2.42861286636753e-14,2.42861286636753e-14,"tolerance_near_tie"
"ScenarioI",45,"IMDS","Hausdorff","low",1,241,2,"67;118",2.35811370430383e-13,2.35811370430383e-13,"tolerance_near_tie"
"ScenarioI",45,"IMDS","Hausdorff","low",151,235,3,"181;73;137",3.78169717762944e-14,1.28133614829551e-13,"tolerance_near_tie"
"ScenarioI",45,"IMDS","Hausdorff","low",220,151,2,"73;181",9.92478668693231e-16,9.92478668693231e-16,"tolerance_near_tie"
"ScenarioI",46,"IMDS","Int-Euclidean","low",1,56,5,"104;87;86;114;290",3.10862446895044e-14,1.99040783854798e-12,"tolerance_near_tie"
"ScenarioI",46,"IMDS","Int-Euclidean","low",1,57,2,"89;291",1.13775655563586e-12,1.13775655563586e-12,"tolerance_near_tie"
"ScenarioI",46,"IMDS","Int-Euclidean","low",1,59,2,"69;294",3.05977465586693e-13,3.05977465586693e-13,"tolerance_near_tie"
"ScenarioI",46,"IMDS","Int-Euclidean","low",2,53,4,"97;75;104;87",5.37903055430888e-14,3.49720252756924e-13,"tolerance_near_tie"
"ScenarioI",46,"IMDS","Int-Euclidean","low",2,54,4,"89;71;86;114",1.25621735236336e-13,7.29138971422572e-13,"tolerance_near_tie"
"ScenarioI",46,"IMDS","Int-Euclidean","low",188,51,2,"104;110",3.92394450265954e-15,3.92394450265954e-15,"tolerance_near_tie"
"ScenarioI",46,"IMDS","Int-Euclidean","low",204,50,2,"120;86",2.4754504002189e-15,2.4754504002189e-15,"tolerance_near_tie"
"ScenarioI",46,"IMDS","Int-Euclidean","low",211,52,2,"114;86",4.84595003014121e-15,4.84595003014121e-15,"tolerance_near_tie"
"ScenarioI",46,"IMDS","Int-Euclidean","low",300,27,2,"70;289",8.72413252750448e-13,8.72413252750448e-13,"tolerance_near_tie"
"ScenarioI",46,"IMDS","Hausdorff","low",1,235,2,"120;86",3.86357612569554e-13,3.86357612569554e-13,"tolerance_near_tie"
"ScenarioI",46,"IMDS","Hausdorff","low",272,233,2,"87;86",9.54097911787244e-16,9.54097911787244e-16,"tolerance_near_tie"
"ScenarioI",46,"IMDS","Hausdorff","low",275,217,2,"86;87",9.41434430412613e-15,9.41434430412613e-15,"tolerance_near_tie"
"ScenarioI",46,"IMDS","Ichino-Yaguchi","low",107,80,2,"86;291",3.90312782094782e-17,3.90312782094782e-17,"tolerance_near_tie"
"ScenarioI",46,"IMDS","Wasserstein","low",1,173,2,"293;294",2.01172412062078e-13,2.01172412062078e-13,"tolerance_near_tie"
"ScenarioI",46,"IMDS","Wasserstein","low",1,174,2,"291;86",1.31894495325469e-13,1.31894495325469e-13,"tolerance_near_tie"
"ScenarioI",46,"IMDS","Wasserstein","low",2,187,2,"291;86",3.36064509554035e-13,3.36064509554035e-13,"tolerance_near_tie"
"ScenarioI",46,"IMDS","Centers-Euclidean","low",1,144,2,"291;294",1.36179956200522e-12,1.36179956200522e-12,"tolerance_near_tie"
"ScenarioI",47,"IMDS","Int-Euclidean","low",1,51,2,"89;107",8.41549052665869e-13,8.41549052665869e-13,"tolerance_near_tie"
"ScenarioI",47,"IMDS","Int-Euclidean","low",1,54,2,"284;71",7.74047492768659e-13,7.74047492768659e-13,"tolerance_near_tie"
"ScenarioI",47,"IMDS","Int-Euclidean","low",1,57,3,"135;130;84",1.02495789633394e-12,2.53863596810788e-12,"tolerance_near_tie"
"ScenarioI",47,"IMDS","Int-Euclidean","low",1,58,2,"95;73",4.72288874675542e-13,4.72288874675542e-13,"tolerance_near_tie"
"ScenarioI",47,"IMDS","Int-Euclidean","low",2,46,3,"75;135;130",2.70838906857307e-13,6.81343870212459e-13,"tolerance_near_tie"
"ScenarioI",47,"IMDS","Int-Euclidean","low",2,47,3,"73;84;95",3.05311331771918e-14,2.06779038336435e-13,"tolerance_near_tie"
"ScenarioI",47,"IMDS","Int-Euclidean","low",253,49,2,"284;71",1.95590071916385e-15,1.95590071916385e-15,"tolerance_near_tie"
"ScenarioI",47,"IMDS","Hausdorff","low",1,235,3,"85;131;287",8.58868531850021e-13,1.84652293455656e-12,"tolerance_near_tie"
"ScenarioI",47,"IMDS","Hausdorff","low",2,245,2,"93;165",2.49578135935735e-13,2.49578135935735e-13,"tolerance_near_tie"
"ScenarioI",47,"IMDS","Ichino-Yaguchi","low",300,293,2,"179;284",2.27151630838307e-13,2.27151630838307e-13,"tolerance_near_tie"
"ScenarioI",48,"IMDS","Int-Euclidean","low",1,51,3,"113;114;109",7.21644966006352e-14,1.14619425062301e-12,"tolerance_near_tie"
"ScenarioI",48,"IMDS","Int-Euclidean","low",1,52,2,"101;70",1.03472785895065e-12,1.03472785895065e-12,"tolerance_near_tie"
"ScenarioI",48,"IMDS","Int-Euclidean","low",2,51,4,"70;113;114;109",8.73745520379998e-14,5.40900657597376e-13,"tolerance_near_tie"
"ScenarioI",48,"IMDS","Hausdorff","low",1,218,2,"127;110",2.54107845876206e-12,2.54107845876206e-12,"tolerance_near_tie"
"ScenarioI",48,"IMDS","Hausdorff","low",2,217,2,"127;110",2.8688162956314e-13,2.8688162956314e-13,"tolerance_near_tie"
"ScenarioI",48,"IMDS","Hausdorff","low",2,218,2,"123;112",8.28670465580217e-13,8.28670465580217e-13,"tolerance_near_tie"
"ScenarioI",49,"IMDS","Int-Euclidean","low",300,54,3,"132;185;131",2.59570143157362e-13,1.0449419107772e-12,"tolerance_near_tie"
"ScenarioI",49,"IMDS","Int-Euclidean","low",300,55,2,"182;74",5.87307980026708e-13,5.87307980026708e-13,"tolerance_near_tie"
"ScenarioI",50,"IMDS","Int-Euclidean","low",1,72,2,"121;105",4.88498130835069e-15,4.88498130835069e-15,"tolerance_near_tie"
"ScenarioI",50,"IMDS","Int-Euclidean","low",1,81,2,"173;93",6.83675338564171e-13,6.83675338564171e-13,"tolerance_near_tie"
"ScenarioI",50,"IMDS","Int-Euclidean","low",2,64,2,"121;112",3.20521387209283e-13,3.20521387209283e-13,"tolerance_near_tie"
"ScenarioI",50,"IMDS","Int-Euclidean","low",300,55,2,"120;105",5.02264896340421e-13,5.02264896340421e-13,"tolerance_near_tie"
"ScenarioI",50,"IMDS","Hausdorff","low",300,253,2,"78;85",2.22710738739806e-12,2.22710738739806e-12,"tolerance_near_tie"
"ScenarioI",50,"IMDS","Centers-Euclidean","low",1,167,2,"101;173",1.20570220474292e-13,1.20570220474292e-13,"tolerance_near_tie"
"ScenarioI",51,"IMDS","Int-Euclidean","low",1,51,4,"94;122;105;117",6.32160990221564e-13,3.25717230964528e-12,"tolerance_near_tie"
"ScenarioI",51,"IMDS","Int-Euclidean","low",2,45,2,"95;94",1.71418435002124e-13,1.71418435002124e-13,"tolerance_near_tie"
"ScenarioI",51,"IMDS","Int-Euclidean","low",300,58,2,"126;122",2.02948768901479e-13,2.02948768901479e-13,"tolerance_near_tie"
"ScenarioI",51,"IMDS","Int-Euclidean","low",300,59,2,"105;112",5.60662627435704e-13,5.60662627435704e-13,"tolerance_near_tie"
"ScenarioI",51,"IMDS","Hausdorff","low",1,249,5,"119;117;102;129;116",7.34079463882154e-13,5.88507020893303e-12,"tolerance_near_tie"
"ScenarioI",51,"IMDS","Hausdorff","low",2,253,2,"117;111",5.33462163332388e-13,5.33462163332388e-13,"tolerance_near_tie"
"ScenarioI",51,"IMDS","Hausdorff","low",2,255,5,"96;129;116;102;119",2.24265050974282e-14,3.12527781431982e-13,"tolerance_near_tie"
"ScenarioI",51,"IMDS","Hausdorff","low",155,248,2,"105;117",6.18810558350447e-14,6.18810558350447e-14,"tolerance_near_tie"
"ScenarioI",51,"IMDS","Hausdorff","low",256,244,2,"117;94",1.03597685985335e-14,1.03597685985335e-14,"tolerance_near_tie"
"ScenarioI",51,"IMDS","Hausdorff","low",300,228,2,"273;173",4.07673894642357e-13,4.07673894642357e-13,"tolerance_near_tie"
"ScenarioI",51,"IMDS","Hausdorff","low",300,247,2,"69;266",2.02060590481778e-12,2.02060590481778e-12,"tolerance_near_tie"
"ScenarioI",51,"IMDS","Wasserstein","low",1,178,2,"294;126",1.95621296938953e-12,1.95621296938953e-12,"tolerance_near_tie"
"ScenarioI",51,"IMDS","Centers-Euclidean","low",2,149,3,"122;105;117",5.1458837191376e-14,1.32283073384087e-13,"tolerance_near_tie"
"ScenarioI",52,"IMDS","Int-Euclidean","low",2,38,2,"82;75",2.22710738739806e-13,2.22710738739806e-13,"tolerance_near_tie"
"ScenarioI",52,"IMDS","Int-Euclidean","low",299,49,2,"93;124",5.21804821573824e-14,5.21804821573824e-14,"tolerance_near_tie"
"ScenarioI",52,"IMDS","Int-Euclidean","low",300,56,6,"92;83;87;90;84;81",3.29736238313671e-13,2.1334045641197e-12,"tolerance_near_tie"
"ScenarioI",52,"IMDS","Hausdorff","low",1,255,2,"72;82",2.52153853352866e-12,2.52153853352866e-12,"tolerance_near_tie"
"ScenarioI",52,"IMDS","Hausdorff","low",171,214,2,"93;124",3.29458682557515e-14,3.29458682557515e-14,"tolerance_near_tie"
"ScenarioI",52,"IMDS","Hausdorff","low",300,228,2,"72;66",2.05480077397624e-12,2.05480077397624e-12,"tolerance_near_tie"
"ScenarioI",52,"IMDS","Hausdorff","low",300,229,2,"88;99",1.97886151909188e-12,1.97886151909188e-12,"tolerance_near_tie"
"ScenarioI",52,"IMDS","Hausdorff","low",300,230,7,"82;78;73;124;93;81;79",9.9475983006414e-14,7.40207894978084e-12,"tolerance_near_tie"
"ScenarioI",52,"IMDS","Hausdorff","low",300,240,2,"65;144",1.40110145707695e-12,1.40110145707695e-12,"tolerance_near_tie"
"ScenarioI",52,"IMDS","Ichino-Yaguchi","low",1,295,2,"82;75",1.79767312147305e-12,1.79767312147305e-12,"tolerance_near_tie"
"ScenarioI",52,"IMDS","Centers-Euclidean","low",1,151,2,"72;81",6.17950135506362e-13,6.17950135506362e-13,"tolerance_near_tie"
"ScenarioI",52,"IMDS","Centers-Euclidean","low",2,158,2,"72;81",1.68753899743024e-13,1.68753899743024e-13,"tolerance_near_tie"
"ScenarioI",53,"IMDS","Int-Euclidean","low",1,49,4,"171;74;137;76",1.83408843668076e-13,1.14197540312944e-12,"tolerance_near_tie"
"ScenarioI",53,"IMDS","Int-Euclidean","low",2,44,2,"171;80",6.96109836439973e-14,6.96109836439973e-14,"tolerance_near_tie"
"ScenarioI",53,"IMDS","Int-Euclidean","low",2,45,3,"76;74;137",5.02931030155196e-14,2.85049761572509e-13,"tolerance_near_tie"
"ScenarioI",53,"IMDS","Int-Euclidean","low",213,26,2,"76;137",1.87350135405495e-14,1.87350135405495e-14,"tolerance_near_tie"
"ScenarioI",53,"IMDS","Int-Euclidean","low",300,50,4,"73;74;137;75",8.65973959207622e-14,6.58140208997793e-13,"tolerance_near_tie"
"ScenarioI",53,"IMDS","Hausdorff","low",1,254,3,"179;74;137",3.01980662698043e-13,1.12310161171081e-12,"tolerance_near_tie"
"ScenarioI",53,"IMDS","Hausdorff","low",2,258,2,"92;96",3.22741833258533e-13,3.22741833258533e-13,"tolerance_near_tie"
"ScenarioI",53,"IMDS","Hausdorff","low",2,261,3,"179;74;137",4.08562073062058e-14,8.47655279301307e-13,"tolerance_near_tie"
"ScenarioI",53,"IMDS","Hausdorff","low",151,259,2,"74;137",5.27494714575028e-14,5.27494714575028e-14,"tolerance_near_tie"
"ScenarioI",53,"IMDS","Hausdorff","low",300,255,2,"74;137",7.31414928623053e-13,7.31414928623053e-13,"tolerance_near_tie"
"ScenarioI",53,"IMDS","Ichino-Yaguchi","low",1,298,2,"137;74",3.26405569239796e-14,3.26405569239796e-14,"tolerance_near_tie"
"ScenarioI",53,"IMDS","Ichino-Yaguchi","low",2,296,2,"137;74",2.98094882111855e-14,2.98094882111855e-14,"tolerance_near_tie"
"ScenarioI",53,"IMDS","Ichino-Yaguchi","low",213,291,2,"137;74",3.15233950054505e-14,3.15233950054505e-14,"tolerance_near_tie"
"ScenarioI",53,"IMDS","Ichino-Yaguchi","low",214,294,2,"137;74",3.10446113260809e-14,3.10446113260809e-14,"tolerance_near_tie"
"ScenarioI",53,"IMDS","Ichino-Yaguchi","low",237,229,2,"137;74",8.19830314746639e-15,8.19830314746639e-15,"tolerance_near_tie"
"ScenarioI",53,"IMDS","Ichino-Yaguchi","low",300,297,2,"137;74",1.90958360235527e-14,1.90958360235527e-14,"tolerance_near_tie"
"ScenarioI",53,"IMDS","Wasserstein","low",1,185,2,"74;137",2.91322521661641e-13,2.91322521661641e-13,"tolerance_near_tie"
"ScenarioI",53,"IMDS","Wasserstein","low",2,210,2,"74;137",5.35127497869325e-14,5.35127497869325e-14,"tolerance_near_tie"
"ScenarioI",53,"IMDS","Wasserstein","low",300,207,2,"74;137",5.93081139754759e-13,5.93081139754759e-13,"tolerance_near_tie"
"ScenarioI",53,"IMDS","Centers-Euclidean","low",1,160,2,"74;137",3.512745649914e-13,3.512745649914e-13,"tolerance_near_tie"
"ScenarioI",53,"IMDS","Centers-Euclidean","low",2,160,2,"74;137",7.38853422888042e-14,7.38853422888042e-14,"tolerance_near_tie"
"ScenarioI",53,"IMDS","Centers-Euclidean","low",300,149,2,"74;137",7.50732809251531e-13,7.50732809251531e-13,"tolerance_near_tie"
"ScenarioI",54,"IMDS","Int-Euclidean","low",300,51,2,"121;120",5.24913446042774e-13,5.24913446042774e-13,"tolerance_near_tie"
"ScenarioI",55,"IMDS","Int-Euclidean","low",300,48,2,"99;112",1.05870867628255e-12,1.05870867628255e-12,"tolerance_near_tie"
"ScenarioI",55,"IMDS","Int-Euclidean","low",300,50,2,"105;94",1.16129328375791e-13,1.16129328375791e-13,"tolerance_near_tie"
"ScenarioI",55,"IMDS","Hausdorff","low",201,223,2,"81;78",3.45140582780346e-14,3.45140582780346e-14,"tolerance_near_tie"
"ScenarioI",55,"IMDS","Hausdorff","low",300,242,2,"105;178",6.81676937119846e-13,6.81676937119846e-13,"tolerance_near_tie"
"ScenarioI",57,"IMDS","Int-Euclidean","low",1,58,2,"298;293",4.37205827097387e-13,4.37205827097387e-13,"tolerance_near_tie"
"ScenarioI",57,"IMDS","Hausdorff","low",1,233,2,"292;298",6.22168982999938e-13,6.22168982999938e-13,"tolerance_near_tie"
"ScenarioI",57,"IMDS","Hausdorff","low",2,232,2,"298;120",2.50577336657898e-13,2.50577336657898e-13,"tolerance_near_tie"
"ScenarioI",57,"IMDS","Hausdorff","low",300,269,2,"298;295",1.0600409439121e-12,1.0600409439121e-12,"tolerance_near_tie"
"ScenarioI",57,"IMDS","Centers-Euclidean","low",300,157,2,"191;291",2.52020626589911e-13,2.52020626589911e-13,"tolerance_near_tie"
"ScenarioI",59,"IMDS","Int-Euclidean","low",1,55,2,"74;89",1.36424205265939e-12,1.36424205265939e-12,"tolerance_near_tie"
"ScenarioI",59,"IMDS","Int-Euclidean","low",1,57,3,"132;91;65",1.55320201145059e-12,3.22875060021488e-12,"tolerance_near_tie"
"ScenarioI",59,"IMDS","Int-Euclidean","low",2,44,2,"73;74",2.12607709215717e-14,2.12607709215717e-14,"tolerance_near_tie"
"ScenarioI",59,"IMDS","Hausdorff","low",1,247,3,"181;132;89",1.50546242139171e-13,8.58424442640171e-13,"tolerance_near_tie"
"ScenarioI",59,"IMDS","Hausdorff","low",1,248,2,"177;68",2.67474931092693e-12,2.67474931092693e-12,"tolerance_near_tie"
"ScenarioI",59,"IMDS","Hausdorff","low",2,249,3,"70;89;181",1.68531855138099e-13,3.76587649952853e-13,"tolerance_near_tie"
"ScenarioI",60,"IMDS","Int-Euclidean","low",300,46,3,"87;86;108",2.92654789291191e-13,1.33471012020436e-12,"tolerance_near_tie"
"ScenarioI",60,"IMDS","Hausdorff","low",300,242,3,"185;124;186",2.08588701866574e-12,4.20596890648994e-12,"tolerance_near_tie"
"ScenarioI",60,"IMDS","Ichino-Yaguchi","low",1,284,2,"168;182",2.18713935851156e-13,2.18713935851156e-13,"tolerance_near_tie"
"ScenarioI",60,"IMDS","Ichino-Yaguchi","low",2,288,2,"184;292",1.64313007644523e-13,1.64313007644523e-13,"tolerance_near_tie"
"ScenarioI",60,"IMDS","Wasserstein","low",1,191,2,"182;196",6.69242439244044e-13,6.69242439244044e-13,"tolerance_near_tie"
"ScenarioI",60,"IMDS","Wasserstein","low",1,193,2,"167;286",9.45910016980633e-13,9.45910016980633e-13,"tolerance_near_tie"
"ScenarioI",60,"IMDS","Centers-Euclidean","low",1,162,2,"195;296",1.60715885044738e-12,1.60715885044738e-12,"tolerance_near_tie"
"ScenarioI",60,"IMDS","Centers-Euclidean","low",2,164,2,"185;287",3.17690318496489e-13,3.17690318496489e-13,"tolerance_near_tie"
"ScenarioI",60,"IMDS","Centers-Euclidean","low",300,144,2,"185;195",5.39568389967826e-14,5.39568389967826e-14,"tolerance_near_tie"
"ScenarioI",61,"IMDS","Int-Euclidean","low",1,44,2,"65;104",1.34670052887031e-12,1.34670052887031e-12,"tolerance_near_tie"
"ScenarioI",61,"IMDS","Int-Euclidean","low",300,58,2,"124;88",8.01358979174438e-13,8.01358979174438e-13,"tolerance_near_tie"
"ScenarioI",61,"IMDS","Hausdorff","low",1,246,2,"132;134",1.81765713591631e-12,1.81765713591631e-12,"tolerance_near_tie"
"ScenarioI",61,"IMDS","Hausdorff","low",1,250,2,"104;84",3.46034312315169e-12,3.46034312315169e-12,"tolerance_near_tie"
"ScenarioI",61,"IMDS","Hausdorff","low",2,252,2,"84;168",5.04707386994596e-13,5.04707386994596e-13,"tolerance_near_tie"
"ScenarioI",61,"IMDS","Hausdorff","low",300,253,2,"109;134",1.15640830244956e-12,1.15640830244956e-12,"tolerance_near_tie"
"ScenarioI",61,"IMDS","Ichino-Yaguchi","low",300,296,2,"65;167",1.90958360235527e-13,1.90958360235527e-13,"tolerance_near_tie"
"ScenarioI",61,"IMDS","Centers-Euclidean","low",2,141,2,"293;134",2.9259927813996e-13,2.9259927813996e-13,"tolerance_near_tie"
"ScenarioI",62,"IMDS","Int-Euclidean","low",299,35,2,"134;119",2.47440956613332e-14,2.47440956613332e-14,"tolerance_near_tie"
"ScenarioI",62,"IMDS","Int-Euclidean","low",300,54,2,"195;190",1.08735243031788e-12,1.08735243031788e-12,"tolerance_near_tie"
"ScenarioI",62,"IMDS","Hausdorff","low",213,253,2,"119;134",8.07132138902489e-14,8.07132138902489e-14,"tolerance_near_tie"
"ScenarioI",62,"IMDS","Hausdorff","low",214,253,2,"119;134",8.04911692853238e-14,8.04911692853238e-14,"tolerance_near_tie"
"ScenarioI",62,"IMDS","Hausdorff","low",249,224,2,"184;85",2.48655263046516e-14,2.48655263046516e-14,"tolerance_near_tie"
"ScenarioI",62,"IMDS","Hausdorff","low",249,225,2,"119;134",1.43808576158477e-14,1.43808576158477e-14,"tolerance_near_tie"
"ScenarioI",62,"IMDS","Hausdorff","low",300,252,2,"183;118",2.18713935851156e-12,2.18713935851156e-12,"tolerance_near_tie"
"ScenarioI",62,"IMDS","Hausdorff","low",300,253,4,"184;85;119;134",5.28466159721575e-14,3.36530803224377e-12,"tolerance_near_tie"
"ScenarioI",63,"IMDS","Hausdorff","low",1,246,2,"189;286",3.08109093793973e-12,3.08109093793973e-12,"tolerance_near_tie"
"ScenarioI",63,"IMDS","Hausdorff","low",300,246,2,"189;101",1.78967951569575e-12,1.78967951569575e-12,"tolerance_near_tie"
"ScenarioI",64,"IMDS","Int-Euclidean","low",151,53,2,"73;107",1.90264470845136e-14,1.90264470845136e-14,"tolerance_near_tie"
"ScenarioI",64,"IMDS","Hausdorff","low",1,235,2,"138;93",3.530509218308e-13,3.530509218308e-13,"tolerance_near_tie"
"ScenarioI",64,"IMDS","Hausdorff","low",1,236,3,"147;107;73",6.34159391665889e-13,3.75566244770198e-12,"tolerance_near_tie"
"ScenarioI",64,"IMDS","Hausdorff","low",2,238,7,"78;138;72;93;147;73;107",4.06341627012807e-14,2.18058904266627e-12,"tolerance_near_tie"
"ScenarioI",64,"IMDS","Hausdorff","low",3,211,2,"73;107",1.64668625957098e-15,1.64668625957098e-15,"tolerance_near_tie"
"ScenarioI",65,"IMDS","Int-Euclidean","low",1,67,2,"117;77",1.26632038188745e-12,1.26632038188745e-12,"tolerance_near_tie"
"ScenarioI",65,"IMDS","Int-Euclidean","low",1,68,3,"164;83;119",8.56426041195846e-13,1.86051174466684e-12,"tolerance_near_tie"
"ScenarioI",65,"IMDS","Int-Euclidean","low",2,70,3,"164;83;119",2.00617300549766e-13,6.16284800969424e-13,"tolerance_near_tie"
"ScenarioI",65,"IMDS","Hausdorff","low",1,236,3,"104;115;85",2.92299517923311e-12,5.96678262354544e-12,"tolerance_near_tie"
"ScenarioI",65,"IMDS","Hausdorff","low",2,239,2,"115;85",2.95430346852754e-13,2.95430346852754e-13,"tolerance_near_tie"
"ScenarioI",66,"IMDS","Int-Euclidean","low",1,49,2,"176;136",2.50466314355435e-13,2.50466314355435e-13,"tolerance_near_tie"
"ScenarioI",66,"IMDS","Hausdorff","low",300,239,2,"67;119",8.13571432445315e-13,8.13571432445315e-13,"tolerance_near_tie"
"ScenarioI",66,"IMDS","Hausdorff","low",300,242,2,"171;108",1.68753899743024e-14,1.68753899743024e-14,"tolerance_near_tie"
"ScenarioI",66,"IMDS","Ichino-Yaguchi","low",1,298,2,"176;111",9.69446745102687e-13,9.69446745102687e-13,"tolerance_near_tie"
"ScenarioI",66,"IMDS","Ichino-Yaguchi","low",300,297,2,"176;111",2.86659584958215e-13,2.86659584958215e-13,"tolerance_near_tie"
"ScenarioI",67,"IMDS","Int-Euclidean","low",1,70,2,"69;168",1.53632662147629e-12,1.53632662147629e-12,"tolerance_near_tie"
"ScenarioI",67,"IMDS","Hausdorff","low",1,227,3,"77;69;84",4.31210622764411e-13,1.63913327355658e-12,"tolerance_near_tie"
"ScenarioI",67,"IMDS","Hausdorff","low",2,226,3,"77;84;69",1.53432822003197e-13,5.29354338141275e-13,"tolerance_near_tie"
"ScenarioI",68,"IMDS","Int-Euclidean","low",1,54,2,"72;93",2.88435941797616e-13,2.88435941797616e-13,"tolerance_near_tie"
"ScenarioI",68,"IMDS","Int-Euclidean","low",1,67,2,"296;277",3.83693077310454e-13,3.83693077310454e-13,"tolerance_near_tie"
"ScenarioI",68,"IMDS","Int-Euclidean","low",2,39,2,"93;91",2.86104473445903e-13,2.86104473445903e-13,"tolerance_near_tie"
"ScenarioI",68,"IMDS","Int-Euclidean","low",300,52,2,"72;88",1.10156328503308e-12,1.10156328503308e-12,"tolerance_near_tie"
"ScenarioI",68,"IMDS","Int-Euclidean","low",300,57,2,"168;141",4.24327240011735e-13,4.24327240011735e-13,"tolerance_near_tie"
"ScenarioI",68,"IMDS","Int-Euclidean","low",300,58,2,"65;269",6.81676937119846e-14,6.81676937119846e-14,"tolerance_near_tie"
"ScenarioI",68,"IMDS","Hausdorff","low",1,253,2,"103;72",1.74793512996985e-12,1.74793512996985e-12,"tolerance_near_tie"
"ScenarioI",68,"IMDS","Hausdorff","low",2,261,2,"65;72",4.06119582407882e-13,4.06119582407882e-13,"tolerance_near_tie"
"ScenarioI",68,"IMDS","Hausdorff","low",2,266,2,"115;106",7.35522753814166e-13,7.35522753814166e-13,"tolerance_near_tie"
"ScenarioI",68,"IMDS","Hausdorff","low",151,257,2,"138;65",1.15574216863479e-13,1.15574216863479e-13,"tolerance_near_tie"
"ScenarioI",68,"IMDS","Hausdorff","low",299,223,2,"268;187",9.94482274307984e-14,9.94482274307984e-14,"tolerance_near_tie"
"ScenarioI",68,"IMDS","Wasserstein","low",2,216,2,"103;67",4.52693438290908e-13,4.52693438290908e-13,"tolerance_near_tie"
"ScenarioI",68,"IMDS","Centers-Euclidean","low",151,162,2,"272;269",4.77812234223052e-14,4.77812234223052e-14,"tolerance_near_tie"
"ScenarioI",69,"IMDS","Int-Euclidean","low",1,74,3,"162;140;128",1.48747680839278e-12,3.12572190352967e-12,"tolerance_near_tie"
"ScenarioI",69,"IMDS","Int-Euclidean","low",1,76,2,"123;68",1.53388413082212e-12,1.53388413082212e-12,"tolerance_near_tie"
"ScenarioI",69,"IMDS","Int-Euclidean","low",2,70,2,"77;109",3.18689519218651e-13,3.18689519218651e-13,"tolerance_near_tie"
"ScenarioI",69,"IMDS","Int-Euclidean","low",2,72,2,"140;88",1.13298259662997e-13,1.13298259662997e-13,"tolerance_near_tie"
"ScenarioI",69,"IMDS","Int-Euclidean","low",2,77,2,"169;196",2.13051798425568e-13,2.13051798425568e-13,"tolerance_near_tie"
"ScenarioI",69,"IMDS","Hausdorff","low",1,228,8,"69;133;130;89;172;164;136;108",3.48610029732299e-13,1.15725207194828e-11,"tolerance_near_tie"
"ScenarioI",69,"IMDS","Hausdorff","low",2,235,7,"133;69;130;172;136;89;164",4.44089209850063e-16,1.73550063209404e-12,"tolerance_near_tie"
"ScenarioI",69,"IMDS","Hausdorff","low",151,231,2,"133;69",9.26342336171615e-14,9.26342336171615e-14,"tolerance_near_tie"
"ScenarioI",71,"IMDS","Int-Euclidean","low",1,75,3,"86;174;70",5.80202552669107e-13,1.67821312402339e-12,"tolerance_near_tie"
"ScenarioI",71,"IMDS","Int-Euclidean","low",2,73,2,"92;174",6.60027588139656e-14,6.60027588139656e-14,"tolerance_near_tie"
"ScenarioI",71,"IMDS","Hausdorff","low",1,221,2,"176;189",5.20472553944273e-13,5.20472553944273e-13,"tolerance_near_tie"
"ScenarioI",71,"IMDS","Hausdorff","low",1,227,5,"171;167;118;101;78",6.31494856406789e-13,8.41726688349809e-12,"tolerance_near_tie"
"ScenarioI",71,"IMDS","Hausdorff","low",1,228,2,"123;168",2.91056068135731e-12,2.91056068135731e-12,"tolerance_near_tie"
"ScenarioI",71,"IMDS","Hausdorff","low",1,234,2,"87;275",2.71960232112178e-12,2.71960232112178e-12,"tolerance_near_tie"
"ScenarioI",71,"IMDS","Hausdorff","low",2,229,2,"171;167",2.3081536681957e-13,2.3081536681957e-13,"tolerance_near_tie"
"ScenarioI",72,"IMDS","Int-Euclidean","low",1,63,2,"179;81",1.33781874467331e-12,1.33781874467331e-12,"tolerance_near_tie"
"ScenarioI",72,"IMDS","Int-Euclidean","low",1,65,2,"84;192",1.30695454458873e-12,1.30695454458873e-12,"tolerance_near_tie"
"ScenarioI",72,"IMDS","Int-Euclidean","low",1,75,2,"175;295",1.01696429055664e-12,1.01696429055664e-12,"tolerance_near_tie"
"ScenarioI",72,"IMDS","Int-Euclidean","low",2,58,3,"81;111;84",9.67559365960824e-14,2.8066438062524e-13,"tolerance_near_tie"
"ScenarioI",72,"IMDS","Int-Euclidean","low",272,56,2,"106;166",2.18228213277882e-15,2.18228213277882e-15,"tolerance_near_tie"
"ScenarioI",72,"IMDS","Hausdorff","low",1,231,2,"190;174",1.07203135257805e-12,1.07203135257805e-12,"tolerance_near_tie"
"ScenarioI",72,"IMDS","Hausdorff","low",1,235,2,"108;71",2.08677519708544e-12,2.08677519708544e-12,"tolerance_near_tie"
"ScenarioI",72,"IMDS","Hausdorff","low",1,236,3,"167;106;133",4.32542890393961e-13,1.19060317160802e-12,"tolerance_near_tie"
"ScenarioI",72,"IMDS","Hausdorff","low",2,239,2,"108;71",1.15352172258554e-13,1.15352172258554e-13,"tolerance_near_tie"
"ScenarioI",72,"IMDS","Hausdorff","low",2,240,3,"106;133;76",3.29847260616134e-13,7.55950857467269e-13,"tolerance_near_tie"
"ScenarioI",72,"IMDS","Ichino-Yaguchi","low",36,228,2,"167;192",1.64907150435045e-16,1.64907150435045e-16,"tolerance_near_tie"
"ScenarioI",72,"IMDS","Wasserstein","low",300,172,2,"191;127",2.33368879776208e-13,2.33368879776208e-13,"tolerance_near_tie"
"ScenarioI",73,"IMDS","Int-Euclidean","low",2,73,3,"87;143;90",1.15074616502397e-13,3.85025344940004e-13,"tolerance_near_tie"
"ScenarioI",73,"IMDS","Int-Euclidean","low",152,71,2,"116;67",3.21409565628983e-14,3.21409565628983e-14,"tolerance_near_tie"
"ScenarioI",73,"IMDS","Hausdorff","low",1,233,2,"133;85",2.64543942307682e-12,2.64543942307682e-12,"tolerance_near_tie"
"ScenarioI",73,"IMDS","Hausdorff","low",2,238,2,"94;135",4.37871960912162e-13,4.37871960912162e-13,"tolerance_near_tie"
"ScenarioI",74,"IMDS","Int-Euclidean","low",1,58,2,"70;71",1.56785695537565e-12,1.56785695537565e-12,"tolerance_near_tie"
"ScenarioI",74,"IMDS","Int-Euclidean","low",1,60,4,"93;72;193;132",7.00772773143399e-13,4.11404244005098e-12,"tolerance_near_tie"
"ScenarioI",74,"IMDS","Int-Euclidean","low",1,62,2,"75;90",3.23296944770846e-13,3.23296944770846e-13,"tolerance_near_tie"
"ScenarioI",74,"IMDS","Int-Euclidean","low",1,65,2,"88;69",1.82653892011331e-12,1.82653892011331e-12,"tolerance_near_tie"
"ScenarioI",74,"IMDS","Int-Euclidean","low",1,66,2,"292;293",7.53619389115556e-13,7.53619389115556e-13,"tolerance_near_tie"
"ScenarioI",74,"IMDS","Int-Euclidean","low",1,71,2,"94;65",4.73399097700167e-13,4.73399097700167e-13,"tolerance_near_tie"
"ScenarioI",74,"IMDS","Int-Euclidean","low",2,54,3,"93;70;79",4.91273688396632e-14,4.2588155224621e-13,"tolerance_near_tie"
"ScenarioI",74,"IMDS","Int-Euclidean","low",2,56,3,"84;132;90",4.64628335805628e-14,4.02955446787701e-13,"tolerance_near_tie"
"ScenarioI",74,"IMDS","Int-Euclidean","low",2,59,2,"88;193",3.93296506473462e-13,3.93296506473462e-13,"tolerance_near_tie"
"ScenarioI",74,"IMDS","Hausdorff","low",1,243,4,"67;72;195;187",4.80948614267618e-13,5.61195534487524e-12,"tolerance_near_tie"
"ScenarioI",74,"IMDS","Hausdorff","low",1,244,2,"169;66",2.17603712826531e-14,2.17603712826531e-14,"tolerance_near_tie"
"ScenarioI",74,"IMDS","Hausdorff","low",2,237,2,"293;292",3.90021348550817e-13,3.90021348550817e-13,"tolerance_near_tie"
"ScenarioI",74,"IMDS","Hausdorff","low",2,246,4,"195;66;67;187",1.72750702631674e-13,1.21069820835373e-12,"tolerance_near_tie"
"ScenarioI",74,"IMDS","Hausdorff","low",284,208,2,"187;144",7.52176099183544e-15,7.52176099183544e-15,"tolerance_near_tie"
"ScenarioI",74,"IMDS","Centers-Euclidean","low",2,155,2,"99;69",7.9658502016855e-14,7.9658502016855e-14,"tolerance_near_tie"
"ScenarioI",75,"IMDS","Int-Euclidean","low",300,62,3,"109;70;136",6.83675338564171e-13,1.74082970261225e-12,"tolerance_near_tie"
"ScenarioI",75,"IMDS","Int-Euclidean","low",300,63,2,"73;88",1.54321000422897e-13,1.54321000422897e-13,"tolerance_near_tie"
"ScenarioI",75,"IMDS","Int-Euclidean","low",300,71,2,"74;191",1.68753899743024e-13,1.68753899743024e-13,"tolerance_near_tie"
"ScenarioI",75,"IMDS","Hausdorff","low",300,243,2,"103;81",1.66755498298699e-12,1.66755498298699e-12,"tolerance_near_tie"
"ScenarioI",75,"IMDS","Hausdorff","low",300,245,2,"77;292",1.76214598468505e-12,1.76214598468505e-12,"tolerance_near_tie"
"ScenarioI",75,"IMDS","Wasserstein","low",300,198,2,"175;162",5.78426195829707e-13,5.78426195829707e-13,"tolerance_near_tie"
"ScenarioI",76,"IMDS","Hausdorff","low",1,231,3,"100;69;119",2.96207502969992e-13,1.63735691671718e-12,"tolerance_near_tie"
"ScenarioI",76,"IMDS","Hausdorff","low",2,232,3,"69;100;119",3.1685765122802e-13,7.52509166090931e-13,"tolerance_near_tie"
"ScenarioI",76,"IMDS","Hausdorff","low",154,227,2,"69;100",7.07420233503342e-15,7.07420233503342e-15,"tolerance_near_tie"
"ScenarioI",76,"IMDS","Wasserstein","low",1,167,2,"188;66",1.34581235045061e-12,1.34581235045061e-12,"tolerance_near_tie"
"ScenarioI",77,"IMDS","Int-Euclidean","low",2,67,2,"136;114",1.44884104713583e-14,1.44884104713583e-14,"tolerance_near_tie"
"ScenarioI",77,"IMDS","Int-Euclidean","low",300,38,2,"114;291",8.92619311798626e-14,8.92619311798626e-14,"tolerance_near_tie"
"ScenarioI",77,"IMDS","Hausdorff","low",230,250,2,"291;114",2.18713935851156e-14,2.18713935851156e-14,"tolerance_near_tie"
"ScenarioI",78,"IMDS","Int-Euclidean","low",1,54,2,"77;102",1.70530256582424e-12,1.70530256582424e-12,"tolerance_near_tie"
"ScenarioI",78,"IMDS","Int-Euclidean","low",1,55,2,"76;71",1.51545442861334e-12,1.51545442861334e-12,"tolerance_near_tie"
"ScenarioI",78,"IMDS","Int-Euclidean","low",2,45,2,"90;102",3.7908565175826e-13,3.7908565175826e-13,"tolerance_near_tie"
"ScenarioI",78,"IMDS","Int-Euclidean","low",2,55,2,"105;173",2.12496686913255e-13,2.12496686913255e-13,"tolerance_near_tie"
"ScenarioI",78,"IMDS","Int-Euclidean","low",218,49,2,"165;77",7.84650122653829e-14,7.84650122653829e-14,"tolerance_near_tie"
"ScenarioI",78,"IMDS","Int-Euclidean","low",300,52,2,"117;83",1.57429624891847e-13,1.57429624891847e-13,"tolerance_near_tie"
"ScenarioI",78,"IMDS","Hausdorff","low",1,244,2,"126;165",1.22124532708767e-12,1.22124532708767e-12,"tolerance_near_tie"
"ScenarioI",78,"IMDS","Hausdorff","low",1,246,2,"95;81",2.04680716819894e-12,2.04680716819894e-12,"tolerance_near_tie"
"ScenarioI",78,"IMDS","Hausdorff","low",1,247,2,"166;70",3.12194714524594e-13,3.12194714524594e-13,"tolerance_near_tie"
"ScenarioI",78,"IMDS","Hausdorff","low",2,249,3,"103;95;81",1.2534417948018e-13,8.10351785673902e-13,"tolerance_near_tie"
"ScenarioI",78,"IMDS","Hausdorff","low",2,251,2,"80;97",6.15729689457112e-13,6.15729689457112e-13,"tolerance_near_tie"
"ScenarioI",78,"IMDS","Hausdorff","low",218,245,2,"83;117",2.42611486456212e-13,2.42611486456212e-13,"tolerance_near_tie"
"ScenarioI",78,"IMDS","Ichino-Yaguchi","low",2,292,2,"76;165",4.37261338248618e-13,4.37261338248618e-13,"tolerance_near_tie"
"ScenarioI",78,"IMDS","Ichino-Yaguchi","low",218,293,2,"165;76",1.02695629777827e-15,1.02695629777827e-15,"tolerance_near_tie"
"ScenarioI",78,"IMDS","Wasserstein","low",1,177,2,"77;99",1.34248168137674e-12,1.34248168137674e-12,"tolerance_near_tie"
"ScenarioI",78,"IMDS","Wasserstein","low",300,204,2,"76;69",8.06688049692639e-13,8.06688049692639e-13,"tolerance_near_tie"
"ScenarioI",79,"IMDS","Int-Euclidean","low",1,69,2,"81;89",1.32027722088424e-12,1.32027722088424e-12,"tolerance_near_tie"
"ScenarioI",79,"IMDS","Int-Euclidean","low",1,70,2,"76;133",1.50390810915724e-12,1.50390810915724e-12,"tolerance_near_tie"
"ScenarioI",79,"IMDS","Int-Euclidean","low",2,62,4,"81;133;76;96",4.32986979603811e-15,4.68181049484429e-13,"tolerance_near_tie"
"ScenarioI",79,"IMDS","Hausdorff","low",1,239,2,"77;72",3.46433992604034e-12,3.46433992604034e-12,"tolerance_near_tie"
"ScenarioI",80,"IMDS","Int-Euclidean","low",1,70,9,"110;100;94;88;112;183;168;109;72",1.77191594730175e-13,4.41180425525545e-12,"tolerance_near_tie"
"ScenarioI",80,"IMDS","Int-Euclidean","low",1,71,2,"124;143",9.59676782485985e-13,9.59676782485985e-13,"tolerance_near_tie"
"ScenarioI",80,"IMDS","Int-Euclidean","low",2,66,2,"144;85",5.37903055430888e-14,5.37903055430888e-14,"tolerance_near_tie"
"ScenarioI",80,"IMDS","Int-Euclidean","low",2,67,7,"110;100;94;112;109;72;183",2.2815083156047e-14,1.04843911330477e-12,"tolerance_near_tie"
"ScenarioI",80,"IMDS","Int-Euclidean","low",2,70,2,"89;88",4.18554080283684e-13,4.18554080283684e-13,"tolerance_near_tie"
"ScenarioI",80,"IMDS","Int-Euclidean","low",300,30,3,"114;88;177",2.04947170345804e-13,6.89892587502072e-13,"tolerance_near_tie"
"ScenarioI",80,"IMDS","Hausdorff","low",1,228,2,"64;182",1.54587453948807e-12,1.54587453948807e-12,"tolerance_near_tie"
"ScenarioI",80,"IMDS","Hausdorff","low",1,233,2,"71;108",2.51754173064000e-12,2.51754173064000e-12,"tolerance_near_tie"
"ScenarioI",80,"IMDS","Hausdorff","low",2,228,2,"188;83",5.07816011463547e-13,5.07816011463547e-13,"tolerance_near_tie"
"ScenarioI",80,"IMDS","Hausdorff","low",2,232,2,"71;108",4.87609952415369e-13,4.87609952415369e-13,"tolerance_near_tie"
"ScenarioI",80,"IMDS","Hausdorff","low",300,268,2,"139;141",4.9427129056312e-13,4.9427129056312e-13,"tolerance_near_tie"
"ScenarioI",80,"IMDS","Wasserstein","low",300,236,2,"84;122",3.25961480029946e-13,3.25961480029946e-13,"tolerance_near_tie"
"ScenarioI",80,"IMDS","Centers-Euclidean","low",1,153,2,"139;88",1.70086167372574e-12,1.70086167372574e-12,"tolerance_near_tie"
"ScenarioI",80,"IMDS","Centers-Euclidean","low",2,152,2,"139;88",2.639000129534e-13,2.639000129534e-13,"tolerance_near_tie"
"ScenarioI",81,"IMDS","Int-Euclidean","low",1,57,2,"104;86",3.68594044175552e-13,3.68594044175552e-13,"tolerance_near_tie"
"ScenarioI",81,"IMDS","Int-Euclidean","low",2,53,3,"109;105;104",1.77691195091256e-13,3.78086451036097e-13,"tolerance_near_tie"
"ScenarioI",81,"IMDS","Int-Euclidean","low",2,59,2,"93;86",3.85858012208473e-13,3.85858012208473e-13,"tolerance_near_tie"
"ScenarioI",81,"IMDS","Int-Euclidean","low",300,50,2,"185;267",6.96553925649823e-13,6.96553925649823e-13,"tolerance_near_tie"
"ScenarioI",81,"IMDS","Hausdorff","low",2,266,3,"112;146;90",4.88387108532606e-13,1.10300657496509e-12,"tolerance_near_tie"
"ScenarioI",81,"IMDS","Hausdorff","low",300,244,2,"83;191",6.10178574333986e-13,6.10178574333986e-13,"tolerance_near_tie"
"ScenarioI",81,"IMDS","Wasserstein","low",1,183,2,"146;86",1.22390986234677e-12,1.22390986234677e-12,"tolerance_near_tie"
"ScenarioI",82,"IMDS","Int-Euclidean","low",1,62,2,"123;168",1.2738698984549e-12,1.2738698984549e-12,"tolerance_near_tie"
"ScenarioI",82,"IMDS","Int-Euclidean","low",2,58,3,"168;71;123",3.04700709108374e-13,7.00328683933549e-13,"tolerance_near_tie"
"ScenarioI",82,"IMDS","Int-Euclidean","low",300,33,2,"106;113",2.63122856836162e-13,2.63122856836162e-13,"tolerance_near_tie"
"ScenarioI",83,"IMDS","Hausdorff","low",1,235,2,"86;93",2.21422880031241e-12,2.21422880031241e-12,"tolerance_near_tie"
"ScenarioI",83,"IMDS","Hausdorff","low",1,236,2,"78;113",2.12496686913255e-12,2.12496686913255e-12,"tolerance_near_tie"
"ScenarioI",83,"IMDS","Hausdorff","low",1,238,3,"67;82;132",1.04360964314765e-13,7.66942065411058e-13,"tolerance_near_tie"
"ScenarioI",83,"IMDS","Hausdorff","low",2,243,5,"113;78;105;82;132",1.78523862359725e-13,2.13118411807045e-12,"tolerance_near_tie"
"ScenarioI",84,"IMDS","Int-Euclidean","low",1,53,2,"78;95",5.27133892092024e-13,5.27133892092024e-13,"tolerance_near_tie"
"ScenarioI",84,"IMDS","Int-Euclidean","low",2,48,4,"78;95;108;67",6.67799149312032e-14,3.06588088250237e-13,"tolerance_near_tie"
"ScenarioI",84,"IMDS","Int-Euclidean","low",2,49,2,"92;195",3.37507799486048e-13,3.37507799486048e-13,"tolerance_near_tie"
"ScenarioI",84,"IMDS","Hausdorff","low",1,244,2,"195;115",1.86961557346876e-12,1.86961557346876e-12,"tolerance_near_tie"
"ScenarioI",84,"IMDS","Hausdorff","low",2,241,2,"79;81",8.05466804365551e-13,8.05466804365551e-13,"tolerance_near_tie"
"ScenarioI",84,"IMDS","Hausdorff","low",2,244,2,"77;115",6.65134614052931e-13,6.65134614052931e-13,"tolerance_near_tie"
"ScenarioI",84,"IMDS","Hausdorff","low",300,255,2,"87;121",9.9120711638534e-13,9.9120711638534e-13,"tolerance_near_tie"
"ScenarioI",84,"IMDS","Centers-Euclidean","low",2,145,2,"297;66",9.53126466640697e-14,9.53126466640697e-14,"tolerance_near_tie"
"ScenarioI",85,"IMDS","Int-Euclidean","low",2,54,3,"73;108;119",1.4299672557172e-13,3.08253422787175e-13,"tolerance_near_tie"
"ScenarioI",85,"IMDS","Int-Euclidean","low",154,48,2,"73;192",1.75172376604138e-14,1.75172376604138e-14,"tolerance_near_tie"
"ScenarioI",85,"IMDS","Hausdorff","low",1,237,4,"164;130;104;110",7.28750393363953e-13,4.66826577394386e-12,"tolerance_near_tie"
"ScenarioI",85,"IMDS","Hausdorff","low",1,238,2,"74;114",1.49613654798486e-12,1.49613654798486e-12,"tolerance_near_tie"
"ScenarioI",85,"IMDS","Hausdorff","low",1,239,2,"115;120",1.38022926421399e-12,1.38022926421399e-12,"tolerance_near_tie"
"ScenarioI",85,"IMDS","Hausdorff","low",2,236,5,"130;104;110;74;114",5.20694598549198e-14,8.7074791821351e-13,"tolerance_near_tie"
"ScenarioI",85,"IMDS","Hausdorff","low",2,237,2,"115;120",3.46389583683049e-13,3.46389583683049e-13,"tolerance_near_tie"
"ScenarioI",85,"IMDS","Hausdorff","low",16,176,2,"82;129",1.159445803256e-15,1.159445803256e-15,"tolerance_near_tie"
"ScenarioI",85,"IMDS","Hausdorff","low",280,230,2,"192;165",5.27702881392145e-15,5.27702881392145e-15,"tolerance_near_tie"
"ScenarioI",86,"IMDS","Int-Euclidean","low",1,58,2,"177;190",9.72111280361787e-13,9.72111280361787e-13,"tolerance_near_tie"
"ScenarioI",86,"IMDS","Hausdorff","low",1,253,2,"78;82",4.64961402713016e-13,4.64961402713016e-13,"tolerance_near_tie"
"ScenarioI",87,"IMDS","Int-Euclidean","low",1,61,2,"112;127",1.67621472257906e-12,1.67621472257906e-12,"tolerance_near_tie"
"ScenarioI",87,"IMDS","Int-Euclidean","low",1,63,2,"178;109",1.63424829224823e-12,1.63424829224823e-12,"tolerance_near_tie"
"ScenarioI",87,"IMDS","Int-Euclidean","low",1,73,2,"111;165",5.04041253179821e-13,5.04041253179821e-13,"tolerance_near_tie"
"ScenarioI",87,"IMDS","Hausdorff","low",1,237,2,"178;131",1.01341157687784e-12,1.01341157687784e-12,"tolerance_near_tie"
"ScenarioI",87,"IMDS","Hausdorff","low",1,240,2,"119;186",9.70779012732237e-13,9.70779012732237e-13,"tolerance_near_tie"
"ScenarioI",87,"IMDS","Hausdorff","low",2,238,2,"129;123",6.196154700433e-13,6.196154700433e-13,"tolerance_near_tie"
"ScenarioI",87,"IMDS","Hausdorff","low",2,240,2,"110;119",6.86117829218347e-13,6.86117829218347e-13,"tolerance_near_tie"
"ScenarioI",87,"IMDS","Hausdorff","low",230,197,2,"186;119",1.28091981466127e-14,1.28091981466127e-14,"tolerance_near_tie"
"ScenarioI",87,"IMDS","Ichino-Yaguchi","low",1,295,2,"82;122",2.60902410786912e-13,2.60902410786912e-13,"tolerance_near_tie"
"ScenarioI",87,"IMDS","Centers-Euclidean","low",1,152,2,"172;178",4.76729766774042e-13,4.76729766774042e-13,"tolerance_near_tie"
"ScenarioI",88,"IMDS","Int-Euclidean","low",2,45,2,"80;67",3.78974629455797e-13,3.78974629455797e-13,"tolerance_near_tie"
"ScenarioI",88,"IMDS","Int-Euclidean","low",2,46,4,"74;73;82;72",4.89053242347381e-14,5.51558798633778e-13,"tolerance_near_tie"
"ScenarioI",88,"IMDS","Int-Euclidean","low",154,48,2,"76;87",4.23272528138341e-16,4.23272528138341e-16,"tolerance_near_tie"
"ScenarioI",88,"IMDS","Hausdorff","low",1,246,2,"87;76",3.78364006792253e-13,3.78364006792253e-13,"tolerance_near_tie"
"ScenarioI",88,"IMDS","Hausdorff","low",2,249,3,"78;76;87",2.84994250421278e-13,9.90652004873027e-13,"tolerance_near_tie"
"ScenarioI",88,"IMDS","Hausdorff","low",83,138,2,"71;72",7.70596694094072e-17,7.70596694094072e-17,"tolerance_near_tie"
"ScenarioI",88,"IMDS","Hausdorff","low",300,253,3,"85;116;103",4.44533299059913e-13,1.12310161171081e-12,"tolerance_near_tie"
"ScenarioI",89,"IMDS","Int-Euclidean","low",1,49,7,"73;82;68;109;70;94;90",2.29372076887557e-13,5.45341549695877e-12,"tolerance_near_tie"
"ScenarioI",89,"IMDS","Int-Euclidean","low",2,45,5,"82;73;109;70;90",8.1601392309949e-14,5.17641485231479e-13,"tolerance_near_tie"
"ScenarioI",89,"IMDS","Int-Euclidean","low",222,131,2,"179;77",6.8889338677991e-14,6.8889338677991e-14,"tolerance_near_tie"
"ScenarioI",89,"IMDS","Hausdorff","low",1,235,4,"107;68;142;83",2.8421709430404e-14,2.84794410276845e-12,"tolerance_near_tie"
"ScenarioI",89,"IMDS","Hausdorff","low",1,237,3,"102;179;77",1.08801856413265e-13,1.45705669751806e-12,"tolerance_near_tie"
"ScenarioI",89,"IMDS","Hausdorff","low",2,236,2,"142;77",2.11608508493555e-13,2.11608508493555e-13,"tolerance_near_tie"
"ScenarioI",89,"IMDS","Hausdorff","low",2,237,3,"107;83;69",7.51065876158918e-13,1.59505741947896e-12,"tolerance_near_tie"
"ScenarioI",89,"IMDS","Hausdorff","low",2,241,2,"91;179",4.36872760189999e-13,4.36872760189999e-13,"tolerance_near_tie"
"ScenarioI",89,"IMDS","Hausdorff","low",155,248,2,"73;82",5.93414206662146e-14,5.93414206662146e-14,"tolerance_near_tie"
"ScenarioI",89,"IMDS","Hausdorff","low",300,259,2,"68;193",1.0476064460363e-12,1.0476064460363e-12,"tolerance_near_tie"
"ScenarioI",90,"IMDS","Int-Euclidean","low",1,71,2,"181;180",1.33604238783391e-12,1.33604238783391e-12,"tolerance_near_tie"
"ScenarioI",90,"IMDS","Int-Euclidean","low",1,76,2,"122;172",7.88258347483861e-13,7.88258347483861e-13,"tolerance_near_tie"
"ScenarioI",90,"IMDS","Int-Euclidean","low",2,65,2,"113;181",1.50324197534246e-13,1.50324197534246e-13,"tolerance_near_tie"
"ScenarioI",90,"IMDS","Int-Euclidean","low",2,77,2,"68;167",1.67588165567167e-13,1.67588165567167e-13,"tolerance_near_tie"
"ScenarioI",90,"IMDS","Int-Euclidean","low",299,24,2,"119;80",2.53824739004926e-14,2.53824739004926e-14,"tolerance_near_tie"
"ScenarioI",90,"IMDS","Hausdorff","low",1,233,2,"119;80",6.57252030578093e-13,6.57252030578093e-13,"tolerance_near_tie"
"ScenarioI",90,"IMDS","Hausdorff","low",1,235,2,"78;182",9.07274255723678e-13,9.07274255723678e-13,"tolerance_near_tie"
"ScenarioI",90,"IMDS","Hausdorff","low",240,238,2,"68;119",3.04183761512533e-15,3.04183761512533e-15,"tolerance_near_tie"
"ScenarioI",90,"IMDS","Hausdorff","low",300,268,3,"119;80;68",8.59756710269721e-13,1.96243021832743e-12,"tolerance_near_tie"
"ScenarioI",91,"IMDS","Int-Euclidean","low",1,51,3,"183;69;91",1.85185200507476e-13,5.3446136405455e-13,"tolerance_near_tie"
"ScenarioI",91,"IMDS","Int-Euclidean","low",1,52,2,"116;122",2.1094237467878e-13,2.1094237467878e-13,"tolerance_near_tie"
"ScenarioI",91,"IMDS","Int-Euclidean","low",1,54,2,"79;92",1.05004893669047e-12,1.05004893669047e-12,"tolerance_near_tie"
"ScenarioI",91,"IMDS","Int-Euclidean","low",2,46,5,"183;98;69;79;91",1.23234755733392e-14,4.87554441264137e-13,"tolerance_near_tie"
"ScenarioI",91,"IMDS","Int-Euclidean","low",2,47,2,"116;122",1.18793863634892e-14,1.18793863634892e-14,"tolerance_near_tie"
"ScenarioI",91,"IMDS","Int-Euclidean","low",300,46,2,"127;96",4.48530101948563e-14,4.48530101948563e-14,"tolerance_near_tie"
"ScenarioI",91,"IMDS","Int-Euclidean","low",300,47,2,"126;183",2.34923192010683e-13,2.34923192010683e-13,"tolerance_near_tie"
"ScenarioI",91,"IMDS","Hausdorff","low",1,240,2,"94;87",1.59161572810262e-12,1.59161572810262e-12,"tolerance_near_tie"
"ScenarioI",91,"IMDS","Hausdorff","low",2,238,3,"94;73;115",4.23105994684647e-13,8.55648885078608e-13,"tolerance_near_tie"
"ScenarioI",91,"IMDS","Hausdorff","low",2,239,3,"87;83;90",3.32067706665384e-13,1.04705133452399e-12,"tolerance_near_tie"
"ScenarioI",91,"IMDS","Hausdorff","low",2,240,3,"93;89;75",6.15063555642337e-13,1.37689859514012e-12,"tolerance_near_tie"
"ScenarioI",91,"IMDS","Hausdorff","low",151,243,2,"122;116",3.87745391350336e-14,3.87745391350336e-14,"tolerance_near_tie"
"ScenarioI",91,"IMDS","Hausdorff","low",219,255,2,"96;127",1.10217390769662e-13,1.10217390769662e-13,"tolerance_near_tie"
"ScenarioI",91,"IMDS","Hausdorff","low",299,250,2,"96;127",8.64863736182997e-14,8.64863736182997e-14,"tolerance_near_tie"
"ScenarioI",91,"IMDS","Centers-Euclidean","low",2,138,2,"96;183",1.13797860024079e-14,1.13797860024079e-14,"tolerance_near_tie"
"ScenarioI",92,"IMDS","Int-Euclidean","low",1,46,3,"100;113;103",2.89324120217316e-13,2.1191937094045e-12,"tolerance_near_tie"
"ScenarioI",92,"IMDS","Int-Euclidean","low",2,46,2,"100;113",9.20929998926567e-14,9.20929998926567e-14,"tolerance_near_tie"
"ScenarioI",92,"IMDS","Hausdorff","low",2,245,2,"90;117",4.55191440096314e-13,4.55191440096314e-13,"tolerance_near_tie"
"ScenarioI",92,"IMDS","Hausdorff","low",2,250,2,"71;97",7.64943663966733e-13,7.64943663966733e-13,"tolerance_near_tie"
"ScenarioI",92,"IMDS","Hausdorff","low",12,202,2,"113;100",3.17996497189998e-16,3.17996497189998e-16,"tolerance_near_tie"
"ScenarioI",92,"IMDS","Ichino-Yaguchi","low",300,296,2,"164;72",7.28972437968878e-13,7.28972437968878e-13,"tolerance_near_tie"
"ScenarioI",92,"IMDS","Centers-Euclidean","low",1,145,2,"72;103",1.10067510661338e-12,1.10067510661338e-12,"tolerance_near_tie"
"ScenarioI",92,"IMDS","Centers-Euclidean","low",2,145,2,"72;103",3.45168338355961e-13,3.45168338355961e-13,"tolerance_near_tie"
"ScenarioI",93,"IMDS","Int-Euclidean","low",1,51,3,"193;120;135",4.9471537977297e-13,1.17195142479432e-12,"tolerance_near_tie"
"ScenarioI",93,"IMDS","Int-Euclidean","low",1,58,2,"295;122",1.73749903353837e-12,1.73749903353837e-12,"tolerance_near_tie"
"ScenarioI",93,"IMDS","Int-Euclidean","low",151,71,2,"138;79",2.39808173319034e-14,2.39808173319034e-14,"tolerance_near_tie"
"ScenarioI",93,"IMDS","Hausdorff","low",1,225,2,"70;138",1.69597669241739e-12,1.69597669241739e-12,"tolerance_near_tie"
"ScenarioI",93,"IMDS","Hausdorff","low",1,228,6,"89;106;139;110;295;137",3.94351218346856e-13,8.96571705766291e-12,"tolerance_near_tie"
"ScenarioI",93,"IMDS","Hausdorff","low",1,230,2,"167;124",3.11928260998684e-12,3.11928260998684e-12,"tolerance_near_tie"
"ScenarioI",93,"IMDS","Hausdorff","low",2,224,2,"71;135",1.92068583260152e-13,1.92068583260152e-13,"tolerance_near_tie"
"ScenarioI",93,"IMDS","Hausdorff","low",2,228,6,"88;89;106;139;110;137",1.34892097491957e-13,1.89837034980656e-12,"tolerance_near_tie"
"ScenarioI",94,"IMDS","Hausdorff","low",300,254,3,"96;94;101",3.10418357685194e-13,2.51176857091195e-12,"tolerance_near_tie"
"ScenarioI",95,"IMDS","Int-Euclidean","low",1,66,4,"89;127;135;166",4.88498130835069e-14,8.57980353430321e-13,"tolerance_near_tie"
"ScenarioI",95,"IMDS","Int-Euclidean","low",2,58,3,"89;127;135",3.68594044175552e-14,1.03195230138908e-13,"tolerance_near_tie"
"ScenarioI",95,"IMDS","Int-Euclidean","low",2,64,2,"70;77",2.8066438062524e-13,2.8066438062524e-13,"tolerance_near_tie"
"ScenarioI",95,"IMDS","Hausdorff","low",1,237,2,"88;167",2.89768209427166e-12,2.89768209427166e-12,"tolerance_near_tie"
"ScenarioI",95,"IMDS","Hausdorff","low",151,230,2,"98;93",2.63782051757033e-14,2.63782051757033e-14,"tolerance_near_tie"
"ScenarioI",95,"IMDS","Hausdorff","low",300,250,2,"166;167",2.096989248912e-12,2.096989248912e-12,"tolerance_near_tie"
"ScenarioI",95,"IMDS","Ichino-Yaguchi","low",1,298,2,"166;167",7.60724816473157e-13,7.60724816473157e-13,"tolerance_near_tie"
"ScenarioI",95,"IMDS","Wasserstein","low",1,171,2,"167;98",2.23376872554581e-13,2.23376872554581e-13,"tolerance_near_tie"
"ScenarioI",95,"IMDS","Wasserstein","low",300,198,2,"166;167",2.79110068390764e-13,2.79110068390764e-13,"tolerance_near_tie"
"ScenarioI",96,"IMDS","Int-Euclidean","low",1,65,7,"178;118;66;68;80;107;92",3.41948691584548e-14,3.22653015416563e-12,"tolerance_near_tie"
"ScenarioI",96,"IMDS","Int-Euclidean","low",1,66,3,"108;106;117",6.3726801613484e-14,1.28652644093563e-12,"tolerance_near_tie"
"ScenarioI",96,"IMDS","Int-Euclidean","low",2,61,2,"66;178",1.46660461552983e-13,1.46660461552983e-13,"tolerance_near_tie"
"ScenarioI",96,"IMDS","Int-Euclidean","low",2,63,5,"118;80;68;107;117",1.34336985979644e-13,1.07297504214898e-12,"tolerance_near_tie"
"ScenarioI",96,"IMDS","Int-Euclidean","low",2,64,2,"96;85",2.84383627757734e-13,2.84383627757734e-13,"tolerance_near_tie"
"ScenarioI",96,"IMDS","Int-Euclidean","low",300,31,3,"83;107;106",4.19664303308309e-14,2.99760216648792e-13,"tolerance_near_tie"
"ScenarioI",96,"IMDS","Hausdorff","low",1,235,2,"92;106",8.33999536098418e-13,8.33999536098418e-13,"tolerance_near_tie"
"ScenarioI",96,"IMDS","Hausdorff","low",1,236,2,"109;267",1.7430501486615e-12,1.7430501486615e-12,"tolerance_near_tie"
"ScenarioI",96,"IMDS","Hausdorff","low",1,237,2,"99;105",1.3846701563125e-12,1.3846701563125e-12,"tolerance_near_tie"
"ScenarioI",96,"IMDS","Hausdorff","low",1,238,3,"108;107;81",2.25153229393982e-13,3.54516416223305e-12,"tolerance_near_tie"
"ScenarioI",96,"IMDS","Hausdorff","low",1,240,2,"72;71",2.25819363208757e-12,2.25819363208757e-12,"tolerance_near_tie"
"ScenarioI",96,"IMDS","Hausdorff","low",2,233,2,"106;75",5.87307980026708e-13,5.87307980026708e-13,"tolerance_near_tie"
"ScenarioI",96,"IMDS","Hausdorff","low",2,238,3,"99;105;107",6.0063065632221e-14,2.79554157600614e-13,"tolerance_near_tie"
"ScenarioI",96,"IMDS","Hausdorff","low",2,240,2,"114;71",2.19047002758543e-13,2.19047002758543e-13,"tolerance_near_tie"
"ScenarioI",96,"IMDS","Hausdorff","low",292,224,2,"108;68",1.6826817716975e-15,1.6826817716975e-15,"tolerance_near_tie"
"ScenarioI",96,"IMDS","Hausdorff","low",300,263,4,"107;108;109;170",8.30446822419617e-13,3.83693077310454e-12,"tolerance_near_tie"
"ScenarioI",96,"IMDS","Wasserstein","low",1,175,2,"107;108",1.45794487593776e-12,1.45794487593776e-12,"tolerance_near_tie"
"ScenarioI",96,"IMDS","Wasserstein","low",151,177,2,"92;106",2.43971509661378e-14,2.43971509661378e-14,"tolerance_near_tie"
"ScenarioI",96,"IMDS","Wasserstein","low",152,153,2,"106;92",1.51354623278976e-16,1.51354623278976e-16,"tolerance_near_tie"
"ScenarioI",97,"IMDS","Int-Euclidean","low",1,76,2,"173;77",3.10862446895044e-14,3.10862446895044e-14,"tolerance_near_tie"
"ScenarioI",97,"IMDS","Int-Euclidean","low",2,62,3,"112;173;78",1.78246306603569e-13,5.76039216326762e-13,"tolerance_near_tie"
"ScenarioI",97,"IMDS","Int-Euclidean","low",2,70,2,"169;137",6.57807142090405e-14,6.57807142090405e-14,"tolerance_near_tie"
"ScenarioI",97,"IMDS","Int-Euclidean","low",300,46,2,"143;171",4.74731365329717e-13,4.74731365329717e-13,"tolerance_near_tie"
"ScenarioI",97,"IMDS","Hausdorff","low",1,239,2,"108;98",3.80584452841504e-13,3.80584452841504e-13,"tolerance_near_tie"
"ScenarioI",97,"IMDS","Hausdorff","low",300,268,2,"169;76",4.48530101948563e-14,4.48530101948563e-14,"tolerance_near_tie"
"ScenarioI",97,"IMDS","Wasserstein","low",1,193,2,"169;298",6.84785561588797e-13,6.84785561588797e-13,"tolerance_near_tie"
"ScenarioI",97,"IMDS","Centers-Euclidean","low",300,153,2,"73;76",7.67386154620908e-13,7.67386154620908e-13,"tolerance_near_tie"
"ScenarioI",98,"IMDS","Int-Euclidean","low",1,55,2,"164;279",5.48450174164827e-13,5.48450174164827e-13,"tolerance_near_tie"
"ScenarioI",98,"IMDS","Int-Euclidean","low",1,57,2,"167;104",2.92654789291191e-13,2.92654789291191e-13,"tolerance_near_tie"
"ScenarioI",98,"IMDS","Int-Euclidean","low",1,58,2,"90;83",4.01234601099532e-13,4.01234601099532e-13,"tolerance_near_tie"
"ScenarioI",98,"IMDS","Int-Euclidean","low",2,49,2,"104;90",1.22568621918617e-13,1.22568621918617e-13,"tolerance_near_tie"
"ScenarioI",98,"IMDS","Int-Euclidean","low",2,50,2,"97;167",3.20465876058051e-13,3.20465876058051e-13,"tolerance_near_tie"
"ScenarioI",98,"IMDS","Int-Euclidean","low",300,30,2,"91;83",6.59472476627343e-13,6.59472476627343e-13,"tolerance_near_tie"
"ScenarioI",98,"IMDS","Hausdorff","low",1,243,2,"81;70",2.18580709088201e-12,2.18580709088201e-12,"tolerance_near_tie"
"ScenarioI",98,"IMDS","Hausdorff","low",1,247,2,"181;93",3.36219940777482e-12,3.36219940777482e-12,"tolerance_near_tie"
"ScenarioI",98,"IMDS","Hausdorff","low",2,246,3,"82;81;70",6.61692922676593e-14,4.85167461761193e-13,"tolerance_near_tie"
"ScenarioI",98,"IMDS","Hausdorff","low",300,268,2,"142;167",2.24575913421177e-12,2.24575913421177e-12,"tolerance_near_tie"
"ScenarioI",98,"IMDS","Wasserstein","low",1,178,2,"83;167",1.91713311892272e-12,1.91713311892272e-12,"tolerance_near_tie"
"ScenarioI",98,"IMDS","Centers-Euclidean","low",1,149,2,"83;167",2.07833750209829e-13,2.07833750209829e-13,"tolerance_near_tie"
"ScenarioI",99,"IMDS","Int-Euclidean","low",1,54,2,"173;85",7.02993219192649e-13,7.02993219192649e-13,"tolerance_near_tie"
"ScenarioI",99,"IMDS","Hausdorff","low",300,240,2,"68;298",1.95488070175998e-12,1.95488070175998e-12,"tolerance_near_tie"
"ScenarioI",99,"IMDS","Centers-Euclidean","low",2,152,2,"100;68",1.61703983536654e-13,1.61703983536654e-13,"tolerance_near_tie"
"ScenarioI",100,"IMDS","Int-Euclidean","low",1,73,2,"168;112",1.41953115928573e-12,1.41953115928573e-12,"tolerance_near_tie"
"ScenarioI",100,"IMDS","Int-Euclidean","low",1,80,2,"87;167",5.02042851735496e-13,5.02042851735496e-13,"tolerance_near_tie"
"ScenarioI",100,"IMDS","Int-Euclidean","low",1,81,2,"77;68",6.08180172889661e-13,6.08180172889661e-13,"tolerance_near_tie"
"ScenarioI",100,"IMDS","Int-Euclidean","low",1,83,2,"195;118",1.66133773404908e-12,1.66133773404908e-12,"tolerance_near_tie"
"ScenarioI",100,"IMDS","Int-Euclidean","low",2,72,3,"129;87;77",1.62647673107585e-13,4.2899017671516e-13,"tolerance_near_tie"
"ScenarioI",100,"IMDS","Int-Euclidean","low",300,39,2,"125;68",3.23074900165921e-13,3.23074900165921e-13,"tolerance_near_tie"
"ScenarioI",100,"IMDS","Int-Euclidean","low",300,40,2,"122;167",1.00519592649562e-12,1.00519592649562e-12,"tolerance_near_tie"
"ScenarioI",100,"IMDS","Hausdorff","low",1,230,5,"69;109;121;106;124",5.77315972805081e-14,2.32081021067643e-12,"tolerance_near_tie"
"ScenarioI",100,"IMDS","Hausdorff","low",2,234,2,"147;78",3.76809694557778e-13,3.76809694557778e-13,"tolerance_near_tie"
"ScenarioI",100,"IMDS","Hausdorff","low",2,235,4,"109;121;106;124",2.08721928629529e-14,1.40110145707695e-13,"tolerance_near_tie"
"ScenarioI",100,"IMDS","Hausdorff","low",16,178,2,"106;121",3.33175327604796e-16,3.33175327604796e-16,"tolerance_near_tie"
"ScenarioI",100,"IMDS","Hausdorff","low",151,231,2,"121;106",2.6624535909292e-14,2.6624535909292e-14,"tolerance_near_tie"
"ScenarioI",100,"IMDS","Hausdorff","low",155,231,2,"121;106",3.28834182106164e-14,3.28834182106164e-14,"tolerance_near_tie"
