"scenario","replication","Method","Metric","pre_Q_TC","pre_B_TC","pre_Q_RE","pre_B_RE","pre_Q_LC","pre_B_LC","post_Q_TC","post_B_TC","post_Q_RE","post_B_RE","post_Q_LC","post_B_LC","max_abs_mean_delta","pre_max_spread","post_max_spread","replication_fidelity"
"ScenarioI",1,"IMDS","Int-Euclidean",0.573021089630932,-0.0401980082015231,0.560341501169126,-0.0361288121313332,0.045,-0.00133333333333333,0.573020972466315,-0.0401982425307557,0.560341686543566,-0.0361284413824528,0.045,-0.00133333333333333,3.70748880464122e-07,0,5.85823081433734e-06,4.44089209850063e-16
"ScenarioI",1,"IMDS","Hausdorff",0.607840656121851,-0.0744253075571177,0.610110500821097,-0.0946675426472515,0.0646666666666667,-0.00266666666666666,0.607840656121851,-0.0744253075571177,0.610110500821097,-0.0946675426472515,0.0646666666666667,-0.00266666666666666,0,0,0,4.44089209850063e-16
"ScenarioI",1,"IMDS","Ichino-Yaguchi",0.594813122437024,-0.0672618629173989,0.598300283718843,-0.0847153930483126,0.0613333333333333,-0.00866666666666667,0.594813122437024,-0.0672618629173989,0.598300283718843,-0.0847153930483126,0.0613333333333333,-0.00866666666666667,0,0,0,2.77555756156289e-17
"ScenarioI",1,"IMDS","Wasserstein",0.588415934387815,-0.0756367896895138,0.592325130495162,-0.091129370173644,0.0563333333333333,-0.00266666666666667,0.588415934387815,-0.0756367896895138,0.592325130495162,-0.091129370173644,0.0563333333333333,-0.00266666666666667,0,0,0,3.33066907387547e-16
"ScenarioI",2,"IMDS","Hausdorff",0.591366725248975,-0.100973637961336,0.59217088821453,-0.116562488534034,0.063,-0.000333333333333335,0.591366725248975,-0.100973637961336,0.59217088821453,-0.116562488534034,0.063,-0.000333333333333335,0,0,0,3.33066907387547e-16
"ScenarioI",3,"IMDS","Int-Euclidean",0.517517867603984,-0.0775547744581137,0.502090208499038,-0.0659576259360257,0.034,0.00133333333333333,0.517517867603984,-0.0775547744581137,0.502090208499038,-0.0659576259360257,0.034,0.00133333333333333,0,0,0,4.44089209850063e-16
"ScenarioI",3,"IMDS","Hausdorff",0.585106033977739,-0.107693028705331,0.589978127351243,-0.122642708766545,0.0553333333333333,0.00133333333333333,0.585106303456356,-0.107692489748096,0.589978275650795,-0.122642412167441,0.0553333333333333,0.00133333333333333,5.38957234924586e-07,0,1.17164616286747e-06,4.44089209850063e-16
"ScenarioI",4,"IMDS","Int-Euclidean",0.506558875219684,-0.0661862917398945,0.494767561944615,-0.0609485706057085,0.0263333333333333,-0.00333333333333333,0.506559191564148,-0.0661856590509666,0.494767711165283,-0.0609482721643736,0.0263333333333333,-0.00333333333333333,6.32688927942882e-07,0,1.17164616286747e-06,4.44089209850063e-16
"ScenarioI",4,"IMDS","Hausdorff",0.578091974223784,-0.0941101347393087,0.581642994772825,-0.124153437532959,0.0523333333333333,-0.00533333333333333,0.578091974223784,-0.0941101347393087,0.581642994772825,-0.124153437532959,0.0523333333333333,-0.00533333333333333,0,0,0,4.44089209850063e-16
"ScenarioI",5,"IMDS","Hausdorff",0.582123608670182,-0.11202460456942,0.585742583909376,-0.134250794807305,0.0476666666666667,-0.00233333333333334,0.582123608670182,-0.11202460456942,0.585742583909376,-0.134250794807305,0.0476666666666667,-0.00233333333333334,0,0,0,3.33066907387547e-16
"ScenarioI",6,"IMDS","Hausdorff",0.571011716461629,-0.0695711775043937,0.571831959259687,-0.101057260667781,0.0526666666666667,-0.00166666666666667,0.571011716461629,-0.0695711775043937,0.571831959259687,-0.101057260667781,0.0526666666666667,-0.00166666666666667,0,0,0,4.44089209850063e-16
"ScenarioI",7,"IMDS","Int-Euclidean",0.458562975981254,-0.131694200351494,0.44807208893429,-0.114825457107271,0.0286666666666667,-0.00266666666666667,0.458562975981254,-0.131694200351494,0.44807208893429,-0.114825457107271,0.0286666666666667,-0.00266666666666667,0,0,0,3.88578058618805e-16
"ScenarioI",7,"IMDS","Hausdorff",0.548504979496192,-0.0477445811364967,0.554813900181506,-0.0729262218938958,0.0413333333333333,-0.000333333333333335,0.548504979496192,-0.0477445811364967,0.554813900181506,-0.0729262218938958,0.0413333333333333,-0.000333333333333335,0,0,0,2.22044604925031e-16
"ScenarioI",7,"IMDS","Ichino-Yaguchi",0.542759226713532,-0.0346736965436438,0.548526072857451,-0.0478904357995732,0.046,-0.004,0.542759226713532,-0.0346736965436438,0.548526072857451,-0.0478904357995732,0.046,-0.004,0,0,0,4.44089209850063e-16
"ScenarioI",7,"IMDS","Wasserstein",0.53232396016403,-0.0236332747510252,0.539557694282776,-0.0378626227251716,0.0406666666666667,-0.00766666666666667,0.53232396016403,-0.0236332747510252,0.539557694282776,-0.0378626227251716,0.0406666666666667,-0.00766666666666667,0,0,0,3.33066907387547e-16
"ScenarioI",7,"IMDS","Centers-Euclidean",0.504942003514938,-0.00259871118922095,0.498378765806913,0.0119241329580709,0.0253333333333333,-0.001,0.504942003514938,-0.00259871118922095,0.498378765806913,0.0119241329580709,0.0253333333333333,-0.001,0,0,0,4.44089209850063e-16
"ScenarioI",8,"IMDS","Int-Euclidean",0.491731693028705,-0.075428236672525,0.483795621110303,-0.069237118548912,0.0316666666666667,-0.000333333333333333,0.491732009373169,-0.075427603983597,0.483795882246471,-0.0692365962765759,0.0316666666666667,-0.000333333333333333,6.32688927942882e-07,0,1.17164616286747e-06,3.33066907387547e-16
"ScenarioI",8,"IMDS","Hausdorff",0.581318101933216,-0.0944815465729351,0.58504787189375,-0.111475878371646,0.0563333333333333,-0.003,0.581318101933216,-0.0944815465729351,0.58504787189375,-0.111475878371646,0.0563333333333333,-0.003,0,0,0,3.46944695195361e-16
"ScenarioI",8,"IMDS","Centers-Euclidean",0.505140597539543,-0.00177270064440538,0.500754602927949,-0.00866981135406553,0.0273333333333333,0.000666666666666666,0.505140597539543,-0.00177270064440538,0.500754602927949,-0.00866981135406553,0.0273333333333333,0.000666666666666666,0,0,0,1.11022302462516e-16
"ScenarioI",9,"IMDS","Int-Euclidean",0.52211482132396,-0.0329607498535442,0.510754939902604,-0.0142059364955527,0.0196666666666667,-0.003,0.52211482132396,-0.0329607498535442,0.510754939902604,-0.0142059364955527,0.0196666666666667,-0.003,0,0,0,3.33066907387547e-16
"ScenarioI",9,"IMDS","Hausdorff",0.59136086701816,-0.0793919156414762,0.597201965107234,-0.111067386794554,0.055,-0.00366666666666667,0.59136086701816,-0.0793919156414762,0.597201965107234,-0.111067386794554,0.055,-0.00366666666666667,0,0,0,4.44089209850063e-16
"ScenarioI",9,"IMDS","Ichino-Yaguchi",0.581638547158758,-0.065758640890451,0.582238470439033,-0.0946066507897105,0.052,-0.00733333333333333,0.581638547158758,-0.065758640890451,0.582238470439033,-0.0946066507897105,0.052,-0.00733333333333333,0,0,0,3.33066907387547e-16
"ScenarioI",9,"IMDS","Wasserstein",0.57684827182191,-0.0652677211482133,0.580884569984263,-0.0946500245707488,0.052,-0.00566666666666667,0.57684827182191,-0.0652677211482133,0.580884569984263,-0.0946500245707488,0.052,-0.00566666666666667,0,0,0,2.22044604925031e-16
"ScenarioI",9,"IMDS","Centers-Euclidean",0.5090820152314,-0.0165213825424722,0.507052669982988,-0.0260716922406635,0.0356666666666667,-0.000333333333333335,0.5090820152314,-0.0165213825424722,0.507052669982988,-0.0260716922406635,0.0356666666666667,-0.000333333333333335,0,0,0,4.44089209850063e-16
"ScenarioI",10,"IMDS","Int-Euclidean",0.527754540128881,-0.0864428822495606,0.515420905140022,-0.0886803151380836,0.0386666666666667,-0.00133333333333334,0.527754586994728,-0.0864427885178676,0.515421868012477,-0.0886783893931739,0.0386666666666667,-0.00133333333333334,1.92574490974484e-06,0,5.50212831362806e-06,4.44089209850063e-16
"ScenarioI",10,"IMDS","Hausdorff",0.573031634446397,-0.0789279437609841,0.576230082610219,-0.103650892414816,0.053,-0.00833333333333333,0.573031634446397,-0.0789279437609841,0.576230082610219,-0.103650892414816,0.053,-0.00833333333333333,0,0,0,4.44089209850063e-16
"ScenarioI",11,"IMDS","Int-Euclidean",0.525031634446397,-0.0411517281780902,0.510738325286624,-0.0275774976461668,0.034,-0.00366666666666667,0.525031634446397,-0.0411517281780902,0.510738325286624,-0.0275774976461668,0.034,-0.00366666666666667,0,0,0,2.22044604925031e-16
"ScenarioI",11,"IMDS","Hausdorff",0.583267135325132,-0.100350322202695,0.585076457169754,-0.11691467080186,0.0523333333333333,-0.00966666666666667,0.583267135325132,-0.100350322202695,0.585076457169754,-0.11691467080186,0.0523333333333333,-0.00966666666666667,0,0,0,2.22044604925031e-16
"ScenarioI",12,"IMDS","Int-Euclidean",0.454045694200351,-0.0474540128881078,0.455285841246097,-0.0504706361513472,0.0303333333333333,-0.000333333333333333,0.454045694200351,-0.0474540128881078,0.455285841246097,-0.0504706361513472,0.0303333333333333,-0.000333333333333333,0,0,0,4.44089209850063e-16
"ScenarioI",12,"IMDS","Ichino-Yaguchi",0.553836555360281,-0.081461042765085,0.558067265360863,-0.105800591141051,0.049,0.003,0.553836555360281,-0.081461042765085,0.558067265360863,-0.105800591141051,0.049,0.003,0,0,0,4.44089209850063e-16
"ScenarioI",13,"IMDS","Int-Euclidean",0.531988869361453,-0.0605518453427065,0.515720255308579,-0.0468876744496298,0.0346666666666667,-0.000666666666666666,0.531990673696544,-0.0605482366725249,0.515724123992549,-0.046879937081689,0.0346666666666667,-0.000666666666666666,7.7373679407966e-06,0,1.54747358817042e-05,1.11022302462516e-16
"ScenarioI",13,"IMDS","Hausdorff",0.574355008787346,-0.0864815465729351,0.582718806701359,-0.121348445149814,0.0516666666666667,-0.012,0.574355008787346,-0.0864815465729351,0.582718806701359,-0.121348445149814,0.0516666666666667,-0.012,0,0,0,1.11022302462516e-16
"ScenarioI",14,"IMDS","Int-Euclidean",0.516971880492091,-0.0596824838898653,0.51002171759436,-0.0569214010838148,0.0366666666666667,-0.00266666666666667,0.516971880492091,-0.0596824838898653,0.51002171759436,-0.0569214010838148,0.0366666666666667,-0.00266666666666667,0,0,0,4.44089209850063e-16
"ScenarioI",14,"IMDS","Hausdorff",0.564016988869361,-0.0759917984768601,0.569727516459945,-0.107627612455504,0.056,-0.00733333333333333,0.564016988869361,-0.0759917984768601,0.569727516459945,-0.107627612455504,0.056,-0.00733333333333333,0,0,0,4.44089209850063e-16
"ScenarioI",15,"IMDS","Int-Euclidean",0.504965436438196,-0.0315172817809022,0.492440522438137,-0.0423350486034126,0.026,0.002,0.504965436438196,-0.0315172817809022,0.492440522438137,-0.0423350486034126,0.026,0.002,0,0,0,3.33066907387547e-16
"ScenarioI",15,"IMDS","Hausdorff",0.572854715875805,-0.0818289396602228,0.576739317327728,-0.114241486937895,0.0536666666666667,-0.009,0.572854715875805,-0.0818289396602228,0.576739317327728,-0.114241486937895,0.0536666666666667,-0.009,0,0,0,4.44089209850063e-16
"ScenarioI",16,"IMDS","Int-Euclidean",0.453495606326889,-0.081327475102519,0.446030252034014,-0.0697785270538451,0.026,0.000666666666666666,0.453495336848272,-0.081328014059754,0.446030074074552,-0.0697788829727704,0.026,0.000666666666666666,5.38957234924586e-07,0,1.17164616286747e-06,2.77555756156289e-16
"ScenarioI",16,"IMDS","Hausdorff",0.551130052724077,-0.0641042765084945,0.566624020566661,-0.0953222820998295,0.055,-0.000333333333333331,0.551130052724077,-0.0641042765084945,0.566624020566661,-0.0953222820998295,0.055,-0.000333333333333331,0,0,0,3.33066907387547e-16
"ScenarioI",17,"IMDS","Hausdorff",0.573845928529584,-0.0662765084944348,0.575278407846182,-0.0747996535992654,0.047,0.00466666666666667,0.573846772114821,-0.0662748213239602,0.575278964936674,-0.074798539418282,0.047,0.00466666666666667,1.68717047457911e-06,0,3.51493848871343e-06,3.33066907387547e-16
"ScenarioI",17,"Int-UMAP","Hausdorff",0.905695957820738,-0.00131341534856466,0.906161240760639,0.00858630304721805,0.291,0.0186666666666667,0.905695957820738,-0.00131341534856466,0.906161240760639,0.00858630304721805,0.291,0.0186666666666667,0,0,0,4.44089209850063e-16
"ScenarioI",18,"IMDS","Int-Euclidean",0.538387814879906,-0.0310017574692443,0.530080199967976,-0.0403093719022703,0.033,-0.00266666666666666,0.538387814879906,-0.0310017574692443,0.530080199967976,-0.0403093719022703,0.033,-0.00266666666666666,0,0,0,3.33066907387547e-16
"ScenarioI",18,"IMDS","Ichino-Yaguchi",0.578130052724077,-0.0520820152314001,0.586704691838597,-0.0766350862309699,0.059,-0.003,0.578130052724077,-0.0520820152314001,0.586704691838597,-0.0766350862309699,0.059,-0.003,0,0,0,3.33066907387547e-16
"ScenarioI",18,"IMDS","Wasserstein",0.573034563561804,-0.0566772114821323,0.582119457745604,-0.0817375595328287,0.0536666666666667,-0.003,0.573034563561804,-0.0566772114821323,0.582119457745604,-0.0817375595328287,0.0536666666666667,-0.003,0,0,0,3.33066907387547e-16
"ScenarioI",19,"IMDS","Int-Euclidean",0.546398945518453,-0.0462132396016403,0.536248800439311,-0.0364924438614808,0.0406666666666667,-0.00633333333333333,0.546398945518453,-0.0462132396016403,0.536248800439311,-0.0364924438614808,0.0406666666666667,-0.00633333333333333,0,0,0,4.44089209850063e-16
"ScenarioI",19,"IMDS","Hausdorff",0.589968951376684,-0.0844698301113065,0.59216886790179,-0.107382669493262,0.0583333333333333,-0.00966666666666667,0.589968951376684,-0.0844698301113065,0.59216886790179,-0.107382669493262,0.0583333333333333,-0.00966666666666667,0,0,0,3.05311331771918e-16
"ScenarioI",19,"IMDS","Ichino-Yaguchi",0.581152899824253,-0.0532091388400703,0.577989690571296,-0.0797234382222599,0.057,-0.00766666666666667,0.581152899824253,-0.0532091388400703,0.577989690571296,-0.0797234382222599,0.057,-0.00766666666666667,0,0,0,4.44089209850063e-16
"ScenarioI",20,"IMDS","Hausdorff",0.597842999414177,-0.0986362038664323,0.600466429725125,-0.116690113654873,0.055,0.002,0.597842999414177,-0.0986362038664323,0.600466429725125,-0.116690113654873,0.055,0.002,0,0,0,4.44089209850063e-16
"ScenarioI",21,"IMDS","Int-Euclidean",0.546308728763913,-0.0478137082601054,0.534941430120437,-0.0533464745772964,0.034,-0.003,0.546308435852373,-0.0478142940831869,0.534941309224063,-0.0533467163700446,0.034,-0.003,5.85823081433734e-07,0,1.17164616286747e-06,2.22044604925031e-16
"ScenarioI",21,"IMDS","Hausdorff",0.57609431751611,-0.0834387814879906,0.582819790866927,-0.106910548811201,0.051,-0.00233333333333333,0.576094657293497,-0.0834381019332161,0.582819977853319,-0.106910174838417,0.051,-0.00233333333333333,6.79554774452029e-07,0,7.02987697720481e-06,4.44089209850063e-16
"ScenarioI",21,"IMDS","Ichino-Yaguchi",0.56331985940246,-0.0606151142355009,0.566370161976578,-0.0830456936097478,0.048,0.00166666666666667,0.563319531341535,-0.0606157703573521,0.566370041617521,-0.0830459343278615,0.048,0.00166666666666667,6.56121851141944e-07,0,1.17164616275645e-06,4.44089209850063e-16
"ScenarioI",21,"IMDS","Wasserstein",0.563483304042179,-0.0618652606912712,0.569678694282315,-0.0848668735184437,0.051,-0.000666666666666666,0.563483304042179,-0.0618652606912712,0.569678694282315,-0.0848668735184437,0.051,-0.000666666666666666,0,0,0,3.33066907387547e-16
"ScenarioI",21,"IMDS","Centers-Euclidean",0.509297012302285,0.00270884592852949,0.503519192126675,0.0073436049963132,0.032,0.00133333333333333,0.509297012302285,0.00270884592852949,0.503519192126675,0.0073436049963132,0.032,0.00133333333333333,0,0,0,4.44089209850063e-16
"ScenarioI",22,"IMDS","Int-Euclidean",0.474515524311658,-0.0427932044522554,0.460016742804516,-0.0310886338525507,0.0253333333333333,-0.002,0.474515489162273,-0.0427932747510252,0.460016694292448,-0.0310887308766883,0.0253333333333333,-0.002,9.70241376720138e-08,0,2.34329232573494e-06,4.44089209850063e-16
"ScenarioI",22,"IMDS","Hausdorff",0.585966608084359,-0.0788857644991212,0.587497375205389,-0.116986315144531,0.058,-0.018,0.585966608084359,-0.0788857644991212,0.587497375205389,-0.116986315144531,0.058,-0.018,0,0,0,4.44089209850063e-16
"ScenarioI",22,"IMDS","Ichino-Yaguchi",0.574141183362624,-0.0549115407147042,0.577650906692102,-0.0802259357494493,0.0563333333333333,-0.0126666666666667,0.574141183362624,-0.0549115407147042,0.577650906692102,-0.0802259357494493,0.0563333333333333,-0.0126666666666667,0,0,0,4.44089209850063e-16
"ScenarioI",23,"IMDS","Int-Euclidean",0.538025776215583,-0.0783901581722319,0.522268220925804,-0.0746593355105428,0.0316666666666667,0.00466666666666667,0.538024370240187,-0.0783929701230228,0.522266699243442,-0.0746623788752661,0.0316666666666667,0.00466666666666667,3.04336472331523e-06,0,1.05448154658072e-05,4.44089209850063e-16
"ScenarioI",23,"IMDS","Hausdorff",0.565956063268893,-0.0602214411247803,0.567285495674366,-0.0812287661830352,0.041,0.00166666666666667,0.565956391329818,-0.0602207850029291,0.567285856751537,-0.081228044028694,0.041,0.00166666666666667,7.2215434115952e-07,0,1.28956132350311e-06,2.22044604925031e-16
"ScenarioI",24,"IMDS","Int-Euclidean",0.507689513766842,-0.0626690099589924,0.495746850208088,-0.0547049506719765,0.031,-0.002,0.507689513766842,-0.0626690099589924,0.495746850208088,-0.0547049506719765,0.031,-0.002,0,0,0,4.44089209850063e-16
"ScenarioI",24,"IMDS","Hausdorff",0.580454012888108,-0.0939484475688342,0.581963284193371,-0.126707995571892,0.0523333333333333,-0.00633333333333334,0.580454352665495,-0.0939477680140598,0.581965137292993,-0.126704289372648,0.0523333333333333,-0.00633333333333334,3.70619924361382e-06,0,1.66353410728792e-05,3.33066907387547e-16
"ScenarioI",24,"IMDS","Wasserstein",0.566185705916813,-0.0858640890451084,0.572293457947943,-0.112622580863555,0.0506666666666667,-0.00966666666666667,0.566185705916813,-0.0858640890451084,0.572293457947943,-0.112622580863555,0.0506666666666667,-0.00966666666666667,0,0,0,4.44089209850063e-16
"ScenarioI",24,"IMDS","Centers-Euclidean",0.510171646162859,-0.00755594610427646,0.512283393996447,-0.00864592530093222,0.0346666666666667,0.00666666666666667,0.510171646162859,-0.00755594610427646,0.512283393996447,-0.00864592530093222,0.0346666666666667,0.00666666666666667,0,0,0,3.33066907387547e-16
"ScenarioI",25,"IMDS","Int-Euclidean",0.571865260691271,-0.0699332161687171,0.557606392263369,-0.0688413506435449,0.0433333333333333,-0.004,0.571866514352665,-0.0699307088459286,0.5576075915554,-0.0688389520594832,0.0433333333333333,-0.004,2.50732278850307e-06,0,4.68658465135885e-06,3.33066907387547e-16
"ScenarioI",25,"IMDS","Hausdorff",0.606613356766257,-0.0883737551259519,0.60977439278165,-0.115602586675792,0.056,0.00133333333333334,0.606613356766257,-0.0883737551259519,0.60977439278165,-0.115602586675792,0.056,0.00133333333333334,0,0,0,4.44089209850063e-16
"ScenarioI",25,"IMDS","Ichino-Yaguchi",0.600595196250732,-0.0616754540128881,0.60214691081747,-0.0803554460861277,0.053,-0.000333333333333335,0.600595196250732,-0.0616754540128881,0.60214691081747,-0.0803554460861277,0.053,-0.000333333333333335,0,0,0,2.22044604925031e-16
"ScenarioI",26,"IMDS","Int-Euclidean",0.517776801405975,-0.0921464557703574,0.506034585881176,-0.071267291827574,0.0376666666666667,-0.000333333333333331,0.517776520210896,-0.0921470181605156,0.506034469820657,-0.0712675239486122,0.0376666666666667,-0.000333333333333331,5.6239015817916e-07,0,1.17164616286747e-06,4.44089209850063e-16
"ScenarioI",26,"IMDS","Hausdorff",0.571411833626245,-0.0792642062097246,0.577362684363132,-0.0866495247122167,0.0513333333333333,-0.005,0.571411833626245,-0.0792642062097246,0.577362684363132,-0.0866495247122167,0.0513333333333333,-0.005,0,0,0,4.44089209850063e-16
"ScenarioI",26,"IMDS","Wasserstein",0.560172817809022,-0.0696602226127709,0.567971972919826,-0.0763570230354032,0.0483333333333333,0,0.560172817809022,-0.0696602226127709,0.567971972919826,-0.0763570230354032,0.0483333333333333,0,0,0,0,3.33066907387547e-16
"ScenarioI",28,"IMDS","Int-Euclidean",0.459943760984183,-0.0806045694200352,0.45053112578857,-0.0979219793906608,0.038,-0.005,0.459943760984183,-0.0806045694200352,0.45053112578857,-0.0979219793906608,0.038,-0.005,0,0,0,4.44089209850063e-16
"ScenarioI",28,"IMDS","Ichino-Yaguchi",0.532445811364968,-0.0230052724077329,0.538075709684744,-0.0365150603107873,0.0573333333333333,-0.00333333333333333,0.532445811364968,-0.0230052724077329,0.538075709684744,-0.0365150603107873,0.0573333333333333,-0.00333333333333333,0,0,0,3.33066907387547e-16
"ScenarioI",29,"IMDS","Int-Euclidean",0.514125951962507,-0.083635618043351,0.48908093117995,-0.0727813427495874,0.036,-0.00366666666666667,0.514126280023433,-0.0836349619214997,0.489082014411462,-0.0727791762865639,0.036,-0.00366666666666667,2.16646302342305e-06,0,3.8686839703983e-06,4.44089209850063e-16
"ScenarioI",29,"IMDS","Hausdorff",0.58666373755126,-0.10777855887522,0.586575954471116,-0.139375080117835,0.057,-0.00866666666666667,0.586662460456942,-0.107781113063855,0.586573867960895,-0.139379253138278,0.057,-0.00866666666666667,4.17302044278256e-06,0,7.41497761003185e-06,4.44089209850063e-16
"ScenarioI",29,"IMDS","Wasserstein",0.56922554188635,-0.089727006444054,0.574684784389185,-0.118366687683446,0.054,-0.006,0.569225213825425,-0.0897276625659051,0.574683701157673,-0.118368854146469,0.054,-0.006,2.16646302342305e-06,0,3.8686839703983e-06,3.33066907387547e-16
"ScenarioI",30,"IMDS","Int-Euclidean",0.55282366725249,-0.0517914469830112,0.53790748948048,-0.0608554074760476,0.029,0.003,0.55282366725249,-0.0517914469830112,0.53790748948048,-0.0608554074760476,0.029,0.003,0,0,0,3.33066907387547e-16
"ScenarioI",30,"IMDS","Hausdorff",0.586987111892209,-0.0579929701230228,0.587861647110623,-0.0921428364177644,0.065,-0.00966666666666667,0.586987111892209,-0.0579929701230228,0.587861647110623,-0.0921428364177644,0.065,-0.00966666666666667,0,0,0,4.44089209850063e-16
"ScenarioI",30,"IMDS","Wasserstein",0.570379027533685,-0.0506373755125953,0.574016256609194,-0.0830161043181421,0.058,-0.00466666666666667,0.570379027533685,-0.0506373755125953,0.574016256609194,-0.0830161043181421,0.058,-0.00466666666666667,0,0,0,3.33066907387547e-16
"ScenarioI",31,"IMDS","Int-Euclidean",0.555917398945519,-0.0339648506151142,0.546379700124796,-0.019217517216795,0.0363333333333333,-0.005,0.555917750439367,-0.0339641476274166,0.546379893558994,-0.019217130348398,0.0363333333333333,-0.005,7.02987697651092e-07,0,1.17164616275645e-06,4.44089209850063e-16
"ScenarioI",31,"IMDS","Hausdorff",0.589372583479789,-0.0874786174575278,0.598631627289758,-0.107699877015765,0.0586666666666667,-0.00833333333333333,0.589372583479789,-0.0874786174575278,0.598631627289758,-0.107699877015765,0.0586666666666667,-0.00833333333333333,0,0,0,2.22044604925031e-16
"ScenarioI",31,"IMDS","Ichino-Yaguchi",0.575395430579965,-0.0663620386643234,0.583721205745978,-0.0777184589803592,0.057,-0.01,0.575395430579965,-0.0663620386643234,0.583721205745978,-0.0777184589803592,0.057,-0.01,0,0,0,2.22044604925031e-16
"ScenarioI",31,"IMDS","Wasserstein",0.569614528412419,-0.0750931458699473,0.579713196956083,-0.0907322912142647,0.0543333333333333,-0.00533333333333333,0.569614528412419,-0.0750931458699473,0.579713196956083,-0.0907322912142647,0.0543333333333333,-0.00533333333333333,0,0,0,4.44089209850063e-16
"ScenarioI",32,"IMDS","Int-Euclidean",0.539963678968951,0.0128599882835385,0.531048032628358,0.00116212503126034,0.0276666666666667,-0.000999999999999999,0.539963678968951,0.0128599882835385,0.531048032628358,0.00116212503126034,0.0276666666666667,-0.000999999999999999,0,0,0,3.33066907387547e-16
"ScenarioI",32,"IMDS","Hausdorff",0.58968424135911,-0.0857469244288225,0.594649165630796,-0.111562432499525,0.054,-0.00366666666666667,0.589684557703574,-0.0857462917398946,0.59464937453973,-0.111562014681656,0.054,-0.00366666666666667,6.3268892788737e-07,0,1.17164616275645e-06,4.71844785465692e-16
"ScenarioI",32,"IMDS","Centers-Euclidean",0.498899238429994,0.0118207381370826,0.495604031291513,0.0167714143555502,0.0346666666666667,0.00333333333333333,0.498899238429994,0.0118207381370826,0.495604031291513,0.0167714143555502,0.0346666666666667,0.00333333333333333,0,0,0,4.44089209850063e-16
"ScenarioI",33,"IMDS","Int-Euclidean",0.554739894551845,-0.0779953134153485,0.541680122625,-0.0708944642970363,0.04,-0.003,0.554740175746924,-0.0779947510251903,0.541680308321831,-0.0708940929033752,0.04,-0.003,5.6239015817916e-07,0,3.5149384886024e-06,3.33066907387547e-16
"ScenarioI",33,"IMDS","Hausdorff",0.605060339777387,-0.109408318687756,0.608148286656587,-0.134475946073616,0.0656666666666667,-0.0156666666666667,0.60506,-0.109408998242531,0.608148174464751,-0.134476170457286,0.0656666666666667,-0.0156666666666667,6.79554774465907e-07,0,1.17164616286747e-06,4.44089209850063e-16
"ScenarioI",34,"IMDS","Int-Euclidean",0.534775629759813,-0.0110345635618043,0.52377327638999,0.00215914015735413,0.035,0.005,0.534775629759813,-0.0110345635618043,0.52377327638999,0.00215914015735413,0.035,0.005,0,0,0,4.44089209850063e-16
"ScenarioI",34,"IMDS","Hausdorff",0.587653778558875,-0.0628717047451669,0.592415224008316,-0.0998310643962404,0.0486666666666667,-0.006,0.587653778558875,-0.0628717047451669,0.592415224008316,-0.0998310643962404,0.0486666666666667,-0.006,0,0,0,2.22044604925031e-16
"ScenarioI",35,"IMDS","Int-Euclidean",0.461955477445811,-0.0329607498535442,0.44949713172393,-0.0205326272063971,0.0346666666666667,0.00833333333333333,0.461955477445811,-0.0329607498535442,0.44949713172393,-0.0205326272063971,0.0346666666666667,0.00833333333333333,0,0,0,3.33066907387547e-16
"ScenarioI",36,"IMDS","Int-Euclidean",0.441817223198594,-0.033609841827768,0.432939191963945,-0.0284298454844552,0.025,0.00166666666666667,0.441817223198594,-0.033609841827768,0.432939191963945,-0.0284298454844552,0.025,0.00166666666666667,0,0,0,5.55111512312578e-17
"ScenarioI",36,"IMDS","Hausdorff",0.556209724663152,-0.0615489162272993,0.558069013177014,-0.0900481436227432,0.0526666666666667,-0.00833333333333333,0.556209724663152,-0.0615489162272993,0.558069013177014,-0.0900481436227432,0.0526666666666667,-0.00833333333333333,0,0,0,2.22044604925031e-16
"ScenarioI",36,"IMDS","Ichino-Yaguchi",0.549107205623902,-0.053195079086116,0.547665414256991,-0.0733201782726418,0.0513333333333333,-0.00633333333333333,0.549107205623902,-0.053195079086116,0.547665414256991,-0.0733201782726418,0.0513333333333333,-0.00633333333333333,0,0,0,4.44089209850063e-16
"ScenarioI",37,"IMDS","Int-Euclidean",0.547090802577622,-0.0186596367896894,0.533283385092333,-0.0306876954203533,0.033,-0.00533333333333333,0.547090415934388,-0.018660410076157,0.533283065925906,-0.0306883337532084,0.033,-0.00533333333333333,7.73286467567469e-07,0,1.17164616297849e-06,4.44089209850063e-16
"ScenarioI",37,"IMDS","Hausdorff",0.573019917984769,-0.0697516110134739,0.580859207076376,-0.0948289235709243,0.0433333333333333,-0.00433333333333333,0.573019379027534,-0.0697526889279437,0.580859023743741,-0.0948292902361939,0.0433333333333333,-0.00433333333333333,1.07791446980754e-06,0,4.68658465146987e-06,4.44089209850063e-16
"ScenarioI",37,"IMDS","Centers-Euclidean",0.501831282952548,0.0222448740480374,0.497252684014644,0.0118804874480395,0.03,-0.00233333333333333,0.501831282952548,0.0222448740480374,0.497252684014644,0.0118804874480395,0.03,-0.00233333333333333,0,0,0,3.33066907387547e-16
"ScenarioI",38,"IMDS","Int-Euclidean",0.515131810193322,-0.0803702401874634,0.49998142878175,-0.0729288532130726,0.0346666666666667,-0.00266666666666667,0.515131810193322,-0.0803702401874634,0.49998142878175,-0.0729288532130726,0.0346666666666667,-0.00266666666666667,0,0,0,4.44089209850063e-16
"ScenarioI",38,"IMDS","Hausdorff",0.581761570005858,-0.0891072056239016,0.581505327193179,-0.105762664221413,0.054,-0.00333333333333333,0.581761570005858,-0.0891072056239016,0.581505327193179,-0.105762664221413,0.054,-0.00333333333333333,0,0,0,2.22044604925031e-16
"ScenarioI",38,"IMDS","Ichino-Yaguchi",0.56963913298184,-0.0663526654950205,0.570214708122379,-0.0847206618274343,0.047,-0.004,0.56963913298184,-0.0663526654950205,0.570214708122379,-0.0847206618274343,0.047,-0.004,0,0,0,4.44089209850063e-16
"ScenarioI",38,"IMDS","Centers-Euclidean",0.505213825424722,0.0105377855887522,0.492062766173517,0.00358328716243239,0.0343333333333333,0,0.505213825424722,0.0105377855887522,0.492062766173517,0.00358328716243239,0.0343333333333333,0,0,0,0,2.22044604925031e-16
"ScenarioI",39,"IMDS","Int-Euclidean",0.537106033977739,-0.0168857644991212,0.52579199636835,-0.0295648835871543,0.0346666666666667,0.00233333333333333,0.537106069127124,-0.0168856942003515,0.525792035055189,-0.0295648062134749,0.0346666666666667,0.00233333333333333,7.7373679407966e-08,0,2.57912264689519e-06,3.33066907387547e-16
"ScenarioI",39,"IMDS","Hausdorff",0.606456942003515,-0.104548330404218,0.610231275915001,-0.134800699065053,0.0693333333333333,-0.012,0.606456625659051,-0.104548963093146,0.610230927733444,-0.134801395428167,0.0693333333333333,-0.012,6.96363114671694e-07,0,1.2895613234476e-06,2.77555756156289e-16
"ScenarioI",40,"IMDS","Int-Euclidean",0.552666666666667,-0.0420011716461629,0.539228937510468,-0.033441113026519,0.04,-0.00466666666666667,0.5526660456942,-0.0420024135910955,0.539228681210155,-0.0334416256271451,0.04,-0.00466666666666667,1.24194493263813e-06,0,2.34329232573494e-06,3.33066907387547e-16
"ScenarioI",40,"IMDS","Hausdorff",0.588214411247803,-0.0705190392501465,0.601273887780224,-0.0964631063413718,0.0623333333333333,-0.00233333333333333,0.588214411247803,-0.0705190392501465,0.601273887780224,-0.0964631063413718,0.0623333333333333,-0.00233333333333333,0,0,0,4.44089209850063e-16
"ScenarioI",41,"IMDS","Int-Euclidean",0.518201523140012,-0.071627416520211,0.498942591186186,-0.0544339324727353,0.0296666666666667,-0.00133333333333333,0.518201523140012,-0.071627416520211,0.498942591186186,-0.0544339324727353,0.0296666666666667,-0.00133333333333333,0,0,0,3.33066907387547e-16
"ScenarioI",41,"IMDS","Hausdorff",0.589411833626245,-0.0989080257762156,0.59763152642764,-0.116273160099192,0.062,-0.00466666666666667,0.589411751611013,-0.0989081898066783,0.597631434868786,-0.1162733432169,0.062,-0.00466666666666667,1.83117707955316e-07,0,7.02987697720481e-06,3.33066907387547e-16
"ScenarioI",41,"IMDS","Ichino-Yaguchi",0.579024018746339,-0.0800468658465144,0.584722910116194,-0.0860372087567968,0.0583333333333333,-0.00533333333333333,0.579024018746339,-0.0800468658465144,0.584722910116194,-0.0860372087567968,0.0583333333333333,-0.00533333333333333,0,0,0,3.33066907387547e-16
"ScenarioI",41,"IMDS","Centers-Euclidean",0.506220855301699,0.002224956063269,0.503234096983916,0.00447378605839904,0.036,0.001,0.506220855301699,0.002224956063269,0.503234096983916,0.00447378605839904,0.036,0.001,0,0,0,3.33066907387547e-16
"ScenarioI",42,"IMDS","Int-Euclidean",0.547399531341535,-0.0174563561804335,0.528162335199052,-0.00792327662794451,0.0333333333333333,-0.000666666666666666,0.547399531341535,-0.0174563561804335,0.528162335199052,-0.00792327662794451,0.0333333333333333,-0.000666666666666666,0,0,0,2.22044604925031e-16
"ScenarioI",42,"IMDS","Hausdorff",0.591716461628588,-0.0896004686584653,0.59250166299679,-0.117307214803918,0.055,-0.005,0.591716965436438,-0.0895994610427652,0.592503450328784,-0.11730364013993,0.055,-0.005,3.57466398867579e-06,0,7.73736794085211e-06,3.7470027081099e-16
"ScenarioI",42,"IMDS","Wasserstein",0.576531341534857,-0.0915981253661394,0.575681808726431,-0.1099498007551,0.0523333333333333,0,0.576531341534857,-0.0915981253661394,0.575681808726431,-0.1099498007551,0.0523333333333333,0,0,0,0,4.44089209850063e-16
"ScenarioI",42,"IMDS","Centers-Euclidean",0.51091388400703,-0.0188236672524897,0.501173525367437,-0.0134067953433941,0.034,0.00866666666666667,0.51091388400703,-0.0188236672524897,0.501173525367437,-0.0134067953433941,0.034,0.00866666666666667,0,0,0,3.33066907387547e-16
"ScenarioI",43,"IMDS","Int-Euclidean",0.531949619214997,-0.0653005272407733,0.5287118917358,-0.0657217789866903,0.0353333333333333,0,0.531949619214997,-0.0653005272407733,0.5287118917358,-0.0657217789866903,0.0353333333333333,0,0,0,0,2.22044604925031e-16
"ScenarioI",43,"IMDS","Hausdorff",0.574493263034564,-0.0776051552431166,0.581158531146667,-0.101117555335614,0.0563333333333333,-0.00233333333333334,0.574492712360867,-0.0776062565905097,0.581158349318521,-0.101117918991907,0.0563333333333333,-0.00233333333333334,1.10134739304824e-06,0,2.34329232573494e-06,4.44089209850063e-16
"ScenarioI",43,"IMDS","Wasserstein",0.562346221441125,-0.0832161687170475,0.569551299440284,-0.0965797041777028,0.0516666666666667,-0.00533333333333334,0.562346221441125,-0.0832161687170475,0.569551299440284,-0.0965797041777028,0.0516666666666667,-0.00533333333333334,0,0,0,2.22044604925031e-16
"ScenarioI",43,"IMDS","Centers-Euclidean",0.506309314586995,0.00290099589923842,0.4987208925668,0.00870813895882971,0.0323333333333333,-0.00666666666666667,0.506309314586995,0.00290099589923842,0.4987208925668,0.00870813895882971,0.0323333333333333,-0.00666666666666667,0,0,0,3.88578058618805e-16
"ScenarioI",44,"IMDS","Int-Euclidean",0.513308142940832,-0.0531353251318102,0.498444046010934,-0.0579347521885314,0.0306666666666667,-0.005,0.513307967193907,-0.053135676625659,0.498443973473109,-0.0579348972641803,0.0306666666666667,-0.005,3.5149384886024e-07,0,1.05448154658072e-05,1.66533453693773e-16
"ScenarioI",44,"IMDS","Hausdorff",0.586220269478617,-0.103925014645577,0.586294344214314,-0.12828484198959,0.0563333333333333,-0.007,0.586220269478617,-0.103925014645577,0.586294344214314,-0.12828484198959,0.0563333333333333,-0.007,0,0,0,4.44089209850063e-16
"ScenarioI",44,"IMDS","Wasserstein",0.571026362038664,-0.0885577035735208,0.572527134135717,-0.108388422932515,0.0513333333333333,-0.00933333333333334,0.571026362038664,-0.0885577035735208,0.572527134135717,-0.108388422932515,0.0513333333333333,-0.00933333333333334,0,0,0,3.33066907387547e-16
"ScenarioI",45,"IMDS","Int-Euclidean",0.507865846514353,-0.0366127709431753,0.502252442989492,-0.034903156247395,0.0283333333333333,0.00266666666666667,0.507865846514353,-0.0366127709431753,0.502252442989492,-0.034903156247395,0.0283333333333333,0.00266666666666667,0,0,0,3.33066907387547e-16
"ScenarioI",45,"IMDS","Hausdorff",0.584066783831283,-0.0720000000000001,0.592206362664866,-0.0869187390607972,0.0543333333333333,-0.00466666666666667,0.584067369654364,-0.0719988283538372,0.592206638999435,-0.0869181863916585,0.0543333333333333,-0.00466666666666667,1.17164616286747e-06,0,2.34329232573494e-06,1.11022302462516e-16
"ScenarioI",46,"IMDS","Int-Euclidean",0.523782073813708,-0.0344370240187463,0.519158129079869,-0.0508265873156599,0.0363333333333333,-0.011,0.523781452841242,-0.034438265963679,0.519157872779556,-0.050827099916286,0.0363333333333333,-0.011,1.24194493270752e-06,0,4.68658465146987e-06,2.22044604925031e-16
"ScenarioI",46,"IMDS","Hausdorff",0.580380199179848,-0.0884253075571177,0.584257617200783,-0.115200869901224,0.0593333333333333,-0.001,0.580380199179848,-0.0884253075571177,0.584257617200783,-0.115200869901224,0.0593333333333333,-0.001,0,0,0,2.22044604925031e-16
"ScenarioI",46,"IMDS","Ichino-Yaguchi",0.57327885178676,-0.0649853544229644,0.575096671043499,-0.0874045275576952,0.056,0.000333333333333335,0.57327885178676,-0.0649853544229644,0.575096671043499,-0.0874045275576952,0.056,0.000333333333333335,0,0,0,4.44089209850063e-16
"ScenarioI",46,"IMDS","Wasserstein",0.563820152314001,-0.0722144112478031,0.570051297674813,-0.0991809243790494,0.0546666666666667,0.004,0.563820152314001,-0.0722144112478031,0.570051297674813,-0.0991809243790494,0.0546666666666667,0.004,0,0,0,4.44089209850063e-16
"ScenarioI",46,"IMDS","Centers-Euclidean",0.512094903339191,0.00247451669595777,0.505725582424999,-0.00531648828502629,0.0323333333333333,-0.00433333333333333,0.512094903339191,0.00247451669595777,0.505725582424999,-0.00531648828502629,0.0323333333333333,-0.00433333333333333,0,0,0,4.44089209850063e-16
"ScenarioI",47,"IMDS","Int-Euclidean",0.503834212067956,-0.0497867603983596,0.493242439217525,-0.0540650242875058,0.034,0.00266666666666667,0.503834212067956,-0.0497867603983596,0.493242439217525,-0.0540650242875058,0.034,0.00266666666666667,0,0,0,4.44089209850063e-16
"ScenarioI",47,"IMDS","Hausdorff",0.587124194493263,-0.109353251318102,0.587355624014886,-0.135673426577828,0.0543333333333333,-0.00166666666666667,0.587123936731107,-0.109353766842414,0.587355453792792,-0.135673767022018,0.0543333333333333,-0.00166666666666667,5.15524311656135e-07,0,1.17164616286747e-06,4.44089209850063e-16
"ScenarioI",47,"IMDS","Ichino-Yaguchi",0.575248388986526,-0.0917668424135911,0.571835718945022,-0.117104042882213,0.0506666666666667,-0.00266666666666667,0.575248740480375,-0.0917661394258934,0.571836299247618,-0.117102882277021,0.0506666666666667,-0.00266666666666667,1.16060519114725e-06,0,1.93434198525466e-06,4.57966997657877e-16
"ScenarioI",48,"IMDS","Int-Euclidean",0.581731693028705,-0.0158453427065027,0.56621099940542,-0.00046094294873239,0.041,0.003,0.581731693028705,-0.0158453427065027,0.56621099940542,-0.00046094294873239,0.041,0.003,0,0,0,3.33066907387547e-16
"ScenarioI",48,"IMDS","Hausdorff",0.6206719390744,-0.092249560632689,0.623566413866592,-0.10983330117106,0.069,-0.00566666666666666,0.6206719390744,-0.092249560632689,0.623566413866592,-0.10983330117106,0.069,-0.00566666666666666,0,0,0,4.44089209850063e-16
"ScenarioI",49,"IMDS","Int-Euclidean",0.450068541300527,-0.0632653778558875,0.437966799322612,-0.0616587565896201,0.0236666666666667,-0.000666666666666668,0.450068541300527,-0.0632653778558875,0.437966799322612,-0.0616587565896201,0.0236666666666667,-0.000666666666666668,0,0,0,2.77555756156289e-16
"ScenarioI",50,"IMDS","Int-Euclidean",0.513996485061511,-0.048878734622144,0.498612991593442,-0.0248807670065122,0.0283333333333333,0.003,0.513996485061511,-0.048878734622144,0.498612991593442,-0.0248807670065122,0.0283333333333333,0.003,0,0,0,4.44089209850063e-16
"ScenarioI",50,"IMDS","Hausdorff",0.603544815465729,-0.0994715875805505,0.602163419505198,-0.121718799485956,0.0643333333333333,-0.005,0.603544815465729,-0.0994715875805505,0.602163419505198,-0.121718799485956,0.0643333333333333,-0.005,0,0,0,3.33066907387547e-16
"ScenarioI",50,"IMDS","Centers-Euclidean",0.520530755711775,0.00705565319273582,0.510883420893012,0.00316954369333128,0.0403333333333333,-0.00266666666666667,0.520530755711775,0.00705565319273582,0.510883420893012,0.00316954369333128,0.0403333333333333,-0.00266666666666667,0,0,0,1.11022302462516e-16
"ScenarioI",51,"IMDS","Int-Euclidean",0.435818980667838,-0.107314586994728,0.421819827404498,-0.0752510092736346,0.0236666666666667,0.003,0.435818980667838,-0.107314586994728,0.421819827404498,-0.0752510092736346,0.0236666666666667,0.003,0,0,0,3.88578058618805e-16
"ScenarioI",51,"IMDS","Hausdorff",0.550623901581722,-0.0799285295840656,0.561938069431517,-0.106052387200613,0.05,-0.00166666666666667,0.550623901581722,-0.0799285295840656,0.561938069431517,-0.106052387200613,0.05,-0.00166666666666667,0,0,0,3.88578058618805e-16
"ScenarioI",51,"IMDS","Wasserstein",0.531050966608084,-0.0514118336262449,0.539561853118044,-0.0735889243876464,0.049,-0.005,0.531050966608084,-0.0514118336262449,0.539561853118044,-0.0735889243876464,0.049,-0.005,0,0,0,2.22044604925031e-16
"ScenarioI",51,"IMDS","Centers-Euclidean",0.505298769771529,-0.00692325717633269,0.506054590968803,0.000139590407690182,0.0303333333333333,-0.00166666666666667,0.505298195664909,-0.0069244053895723,0.506052695313657,0.000135799097399137,0.0303333333333333,-0.00166666666666667,3.79131029104473e-06,0,7.73736794090762e-06,1.11022302462516e-16
"ScenarioI",52,"IMDS","Int-Euclidean",0.452163444639719,-0.0283620386643233,0.4422511472874,-0.00576827227797794,0.0266666666666667,-0.00233333333333333,0.452163116578793,-0.0283626947861745,0.442250605671644,-0.00576935550948963,0.0266666666666667,-0.00233333333333333,1.08323151168897e-06,0,9.67170992616229e-06,2.22044604925031e-16
"ScenarioI",52,"IMDS","Hausdorff",0.547383714118336,-0.0496145284124194,0.564160606112244,-0.0751625929577978,0.052,-0.00233333333333333,0.547383714118336,-0.0496145284124194,0.564160606112244,-0.0751625929577978,0.052,-0.00233333333333333,0,0,0,3.33066907387547e-16
"ScenarioI",52,"IMDS","Ichino-Yaguchi",0.53423784417106,-0.0365389572349151,0.548166428788658,-0.0579735326749509,0.0476666666666667,-0.00733333333333333,0.53423784417106,-0.0365389572349151,0.548166428788658,-0.0579735326749509,0.0476666666666667,-0.00733333333333333,0,0,0,3.33066907387547e-16
"ScenarioI",52,"IMDS","Centers-Euclidean",0.511837727006444,-0.000556531927357939,0.507102965944988,0.00452012276009722,0.034,0.00266666666666667,0.511837727006444,-0.000556531927357939,0.507102965944988,0.00452012276009722,0.034,0.00266666666666667,0,0,0,1.11022302462516e-16
"ScenarioI",53,"IMDS","Int-Euclidean",0.4750820152314,-0.0952278851786761,0.459612420041441,-0.0831216610532369,0.0296666666666667,0.00166666666666667,0.475082882249561,-0.095226151142355,0.459612992606669,-0.0831205159227817,0.0296666666666667,0.00166666666666667,1.73403632104663e-06,0,3.5149384886024e-06,1.66533453693773e-16
"ScenarioI",53,"IMDS","Hausdorff",0.589682483889865,-0.0878687756297598,0.591733938014779,-0.101039515382855,0.0526666666666667,-0.00433333333333333,0.589682483889865,-0.0878687756297598,0.591733938014779,-0.101039515382855,0.0526666666666667,-0.00433333333333333,0,0,0,4.44089209850063e-16
"ScenarioI",53,"IMDS","Ichino-Yaguchi",0.57688107791447,-0.0578113649677798,0.574145572744077,-0.0727221396033033,0.055,-0.000333333333333331,0.57688107791447,-0.0578113649677798,0.574145572744077,-0.0727221396033033,0.055,-0.000333333333333331,0,0,0,4.44089209850063e-16
"ScenarioI",53,"IMDS","Wasserstein",0.573475688342121,-0.0704241359109549,0.571945446796922,-0.0863720679175105,0.0493333333333333,-0.00466666666666667,0.573475688342121,-0.0704241359109549,0.571945446796922,-0.0863720679175105,0.0493333333333333,-0.00466666666666667,0,0,0,4.44089209850063e-16
"ScenarioI",53,"IMDS","Centers-Euclidean",0.514444639718805,0.0289455184534271,0.50331467384154,0.0195842346829667,0.0316666666666667,-0.00433333333333333,0.514444639718805,0.0289455184534271,0.50331467384154,0.0195842346829667,0.0316666666666667,-0.00433333333333333,0,0,0,1.11022302462516e-16
"ScenarioI",54,"IMDS","Int-Euclidean",0.499709431751611,-0.051219683655536,0.481532559964985,-0.0416099605102548,0.0346666666666667,-0.001,0.499709431751611,-0.051219683655536,0.481532559964985,-0.0416099605102548,0.0346666666666667,-0.001,0,0,0,3.33066907387547e-16
"ScenarioI",55,"IMDS","Int-Euclidean",0.436858230814294,-0.0303842999414177,0.428221559838025,-0.0124066852701239,0.0266666666666667,-0.000333333333333333,0.436858230814294,-0.0303842999414177,0.428221559838025,-0.0124066852701239,0.0266666666666667,-0.000333333333333333,0,0,0,1.11022302462516e-16
"ScenarioI",55,"IMDS","Hausdorff",0.561247803163445,-0.0712923257176333,0.559954230551765,-0.0988864653323698,0.0503333333333333,-0.00633333333333333,0.561247803163445,-0.0712923257176333,0.559954230551765,-0.0988864653323698,0.0503333333333333,-0.00633333333333333,0,0,0,3.33066907387547e-16
"ScenarioI",57,"IMDS","Int-Euclidean",0.517810779144698,-0.026274165202109,0.513322660678189,-0.0217830119639051,0.0276666666666667,-0.000333333333333333,0.517810779144698,-0.026274165202109,0.513322660678189,-0.0217830119639051,0.0276666666666667,-0.000333333333333333,0,0,0,4.44089209850063e-16
"ScenarioI",57,"IMDS","Hausdorff",0.581497949619215,-0.0923011130638547,0.591032198657536,-0.109986022076369,0.0616666666666667,-0.005,0.581497949619215,-0.0923011130638547,0.591032198657536,-0.109986022076369,0.0616666666666667,-0.005,0,0,0,2.91433543964104e-16
"ScenarioI",57,"IMDS","Centers-Euclidean",0.505005858230814,-0.00631868775629763,0.502130561789715,-0.0101436264275942,0.0363333333333333,0.000333333333333335,0.505005858230814,-0.00631868775629763,0.502130561789715,-0.0101436264275942,0.0363333333333333,0.000333333333333335,0,0,0,4.44089209850063e-16
"ScenarioI",59,"IMDS","Int-Euclidean",0.491188049209139,-0.0715547744581136,0.482540150261528,-0.0696009621355627,0.0316666666666667,-0.003,0.491188049209139,-0.0715547744581136,0.482540150261528,-0.0696009621355627,0.0316666666666667,-0.003,0,0,0,3.88578058618805e-16
"ScenarioI",59,"IMDS","Hausdorff",0.563814294083187,-0.0945155243116579,0.571355398034616,-0.117673259855971,0.0633333333333333,-0.00366666666666667,0.563814294083187,-0.0945155243116579,0.571355398034616,-0.117673259855971,0.0633333333333333,-0.00366666666666667,0,0,0,4.44089209850063e-16
"ScenarioI",60,"IMDS","Int-Euclidean",0.44630345635618,-0.0805600468658465,0.438070840055556,-0.0722692748351471,0.0186666666666667,-0.00133333333333333,0.44630345635618,-0.0805600468658465,0.438070840055556,-0.0722692748351471,0.0186666666666667,-0.00133333333333333,0,0,0,4.9960036108132e-16
"ScenarioI",60,"IMDS","Hausdorff",0.549603397773872,-0.0646690099589924,0.551815714624992,-0.0836897849702549,0.0436666666666667,-0.000666666666666666,0.549603397773872,-0.0646690099589924,0.551815714624992,-0.0836897849702549,0.0436666666666667,-0.000666666666666666,0,0,0,3.33066907387547e-16
"ScenarioI",60,"IMDS","Ichino-Yaguchi",0.535384299941418,-0.0506186291739895,0.540352421757786,-0.0647420762213642,0.038,0.00266666666666667,0.535384299941418,-0.0506186291739895,0.540352421757786,-0.0647420762213642,0.038,0.00266666666666667,0,0,0,3.33066907387547e-16
"ScenarioI",60,"IMDS","Wasserstein",0.534644991212654,-0.0617141183362625,0.538516865543121,-0.0664511855750898,0.0366666666666667,0.00066666666666667,0.534644991212654,-0.0617141183362625,0.538516865543121,-0.0664511855750898,0.0366666666666667,0.00066666666666667,0,0,0,1.11022302462516e-16
"ScenarioI",60,"IMDS","Centers-Euclidean",0.500906268306971,-0.00215231400117166,0.499211302759369,-0.000262315195499796,0.0256666666666667,0.00266666666666667,0.500906268306971,-0.00215231400117166,0.499211302759369,-0.000262315195499796,0.0256666666666667,0.00266666666666667,0,0,0,4.44089209850063e-16
"ScenarioI",61,"IMDS","Int-Euclidean",0.504826596367897,-0.0684534270650263,0.493135297396637,-0.0648526330769716,0.034,-0.00533333333333333,0.504826572934974,-0.0684534739308728,0.493135258709797,-0.064852710450651,0.034,-0.00533333333333333,7.73736793802104e-08,0,3.8686839703983e-06,3.33066907387547e-16
"ScenarioI",61,"IMDS","Hausdorff",0.58495079086116,-0.0873145869947276,0.593626205759027,-0.110564284401697,0.057,-0.006,0.584950497949619,-0.0873151728178091,0.593626098295584,-0.110564499328584,0.057,-0.006,5.85823081489245e-07,0,1.17164616297849e-06,4.71844785465692e-16
"ScenarioI",61,"IMDS","Ichino-Yaguchi",0.564213825424722,-0.0641113063854717,0.572701564959426,-0.0851500719314236,0.0576666666666667,-0.000333333333333335,0.564213825424722,-0.0641113063854717,0.572701564959426,-0.0851500719314236,0.0576666666666667,-0.000333333333333335,0,0,0,4.44089209850063e-16
"ScenarioI",61,"IMDS","Centers-Euclidean",0.516747510251904,0.00863737551259514,0.514417954961457,0.00579494009910891,0.0386666666666667,0.00466666666666667,0.516747510251904,0.00863737551259514,0.514417954961457,0.00579494009910891,0.0386666666666667,0.00466666666666667,0,0,0,3.33066907387547e-16
"ScenarioI",62,"IMDS","Int-Euclidean",0.510366725248975,-0.0665237258347979,0.499510540858906,-0.0772431604507509,0.041,-0.00266666666666667,0.510366725248975,-0.0665237258347979,0.499510540858906,-0.0772431604507509,0.041,-0.00266666666666667,0,0,0,1.11022302462516e-16
"ScenarioI",62,"IMDS","Hausdorff",0.577409490333919,-0.0968506151142355,0.581208054139469,-0.124909640898622,0.0626666666666667,-0.005,0.577409490333919,-0.0968506151142355,0.581208054139469,-0.124909640898622,0.0626666666666667,-0.005,0,0,0,3.88578058618805e-16
"ScenarioI",63,"IMDS","Hausdorff",0.549411833626245,-0.0869525483304042,0.551542994665361,-0.100822121441981,0.056,0,0.549411833626245,-0.0869525483304042,0.551542994665361,-0.100822121441981,0.056,0,0,0,0,3.88578058618805e-16
"ScenarioI",64,"IMDS","Int-Euclidean",0.534734036321031,-0.0231505565319273,0.52128312119282,-0.00852149184436896,0.0373333333333333,0.000666666666666666,0.534734036321031,-0.0231505565319273,0.52128312119282,-0.00852149184436896,0.0373333333333333,0.000666666666666666,0,0,0,4.44089209850063e-16
"ScenarioI",64,"IMDS","Hausdorff",0.567718219097832,-0.0980257762155828,0.574319861562522,-0.126483855997143,0.061,-0.009,0.567718219097832,-0.0980257762155828,0.574319861562522,-0.126483855997143,0.061,-0.009,0,0,0,4.44089209850063e-16
"ScenarioI",65,"IMDS","Int-Euclidean",0.548630345635618,-0.0239132981839485,0.536295052705446,-0.0233183682812128,0.0296666666666667,-0.000333333333333333,0.548630345635618,-0.0239132981839485,0.536295052705446,-0.0233183682812128,0.0296666666666667,-0.000333333333333333,0,0,0,1.11022302462516e-16
"ScenarioI",65,"IMDS","Hausdorff",0.593354422964265,-0.0905190392501465,0.60456101950876,-0.107742536932499,0.0586666666666667,-0.004,0.593354422964265,-0.0905190392501465,0.60456101950876,-0.107742536932499,0.0586666666666667,-0.004,0,0,0,2.22044604925031e-16
"ScenarioI",66,"IMDS","Int-Euclidean",0.46509841827768,-0.14093848857645,0.44956309201803,-0.125750347375581,0.0313333333333333,-0.004,0.46509841827768,-0.14093848857645,0.44956309201803,-0.125750347375581,0.0313333333333333,-0.004,0,0,0,4.44089209850063e-16
"ScenarioI",66,"IMDS","Hausdorff",0.537210896309315,-0.0577891036906854,0.540576543677826,-0.0854647479222327,0.052,-0.00566666666666667,0.537210896309315,-0.0577891036906854,0.540576543677826,-0.0854647479222327,0.052,-0.00566666666666667,0,0,0,4.44089209850063e-16
"ScenarioI",66,"IMDS","Ichino-Yaguchi",0.534398945518453,-0.0393637961335677,0.532646722526165,-0.0553311539746966,0.0493333333333333,-0.00833333333333333,0.534398945518453,-0.0393637961335677,0.532646722526165,-0.0553311539746966,0.0493333333333333,-0.00833333333333333,0,0,0,4.44089209850063e-16
"ScenarioI",67,"IMDS","Int-Euclidean",0.558033391915641,-4.56942003514982e-05,0.545613441251194,0.00855740152165169,0.038,-0.00266666666666667,0.558033391915641,-4.56942003514982e-05,0.545613441251194,0.00855740152165169,0.038,-0.00266666666666667,0,0,0,4.44089209850063e-16
"ScenarioI",67,"IMDS","Hausdorff",0.598955477445811,-0.0956988869361453,0.606873093195522,-0.12485064193288,0.0546666666666667,-0.000666666666666666,0.598955477445811,-0.0956988869361453,0.606873093195522,-0.12485064193288,0.0546666666666667,-0.000666666666666666,0,0,0,4.30211422042248e-16
"ScenarioI",68,"IMDS","Int-Euclidean",0.43993848857645,-0.0640550673696543,0.43644951682133,-0.063450067801757,0.0336666666666667,0.00166666666666667,0.439938769771529,-0.0640545049794961,0.436449681885179,-0.0634497376740581,0.0336666666666667,0.00166666666666667,5.6239015817916e-07,0,1.17164616286747e-06,3.88578058618805e-16
"ScenarioI",68,"IMDS","Hausdorff",0.557551259519625,-0.0274797891036908,0.560860387639063,-0.0524824623497988,0.0506666666666667,-0.00266666666666667,0.557551259519625,-0.0274797891036908,0.560860387639063,-0.0524824623497988,0.0506666666666667,-0.00266666666666667,0,0,0,4.44089209850063e-16
"ScenarioI",68,"IMDS","Wasserstein",0.546327475102519,-0.0191763327475102,0.546229642010101,-0.040098028153273,0.0496666666666667,-0.00433333333333333,0.546327475102519,-0.0191763327475102,0.546229642010101,-0.040098028153273,0.0496666666666667,-0.00433333333333333,0,0,0,4.44089209850063e-16
"ScenarioI",68,"IMDS","Centers-Euclidean",0.508761570005858,-0.00246280023432921,0.503178239788708,-0.000401383637892438,0.0313333333333333,-0.00433333333333333,0.508761570005858,-0.00246280023432921,0.503178239788708,-0.000401383637892438,0.0313333333333333,-0.00433333333333333,0,0,0,3.33066907387547e-16
"ScenarioI",69,"IMDS","Int-Euclidean",0.555578207381371,-0.0340292911540715,0.539811292657806,-0.0191275503569859,0.034,0.00466666666666666,0.555578207381371,-0.0340292911540715,0.539811292657806,-0.0191275503569859,0.034,0.00466666666666666,0,0,0,2.22044604925031e-16
"ScenarioI",69,"IMDS","Hausdorff",0.593890451083773,-0.0522026947861745,0.599043287503245,-0.0807041112289627,0.0603333333333333,-0.005,0.593890451083773,-0.0522026947861745,0.599043287503245,-0.0807041112289627,0.0603333333333333,-0.005,0,0,0,3.33066907387547e-16
"ScenarioI",71,"IMDS","Int-Euclidean",0.521401288810779,-0.0666479203280609,0.512903623099298,-0.0711116694092872,0.025,-0.00133333333333333,0.521401288810779,-0.0666479203280609,0.512903623099298,-0.0711116694092872,0.025,-0.00133333333333333,0,0,0,1.11022302462516e-16
"ScenarioI",71,"IMDS","Hausdorff",0.577532513181019,-0.0724030462800235,0.58375038821169,-0.100983226031085,0.051,-0.00666666666666667,0.577532513181019,-0.0724030462800235,0.58375038821169,-0.100983226031085,0.051,-0.00666666666666667,0,0,0,4.44089209850063e-16
"ScenarioI",72,"IMDS","Int-Euclidean",0.517601054481547,-0.0741031048623315,0.505411766141738,-0.0672314131611708,0.0296666666666667,-0.004,0.517601054481547,-0.0741031048623315,0.505411766141738,-0.0672314131611708,0.0296666666666667,-0.004,0,0,0,4.44089209850063e-16
"ScenarioI",72,"IMDS","Hausdorff",0.580177504393673,-0.0935618043350909,0.588940352876175,-0.122267606081387,0.0563333333333333,0.000666666666666666,0.580178277680141,-0.0935602577621559,0.588940618955661,-0.122267073922414,0.0563333333333333,0.000666666666666666,1.54657293495453e-06,0,3.5149384886024e-06,3.33066907387547e-16
"ScenarioI",72,"IMDS","Ichino-Yaguchi",0.574446983011131,-0.0689502050380785,0.576676544859924,-0.0913718353359146,0.058,-0.00633333333333333,0.574447322788518,-0.0689495254833041,0.576676705133974,-0.0913715147878142,0.058,-0.00633333333333333,6.79554774396518e-07,0,1.17164616275645e-06,3.33066907387547e-16
"ScenarioI",72,"IMDS","Wasserstein",0.569872290568248,-0.081485647334505,0.572818620282988,-0.0982692490439208,0.057,-0.00366666666666667,0.569872290568248,-0.081485647334505,0.572818620282988,-0.0982692490439208,0.057,-0.00366666666666667,0,0,0,3.33066907387547e-16
"ScenarioI",73,"IMDS","Int-Euclidean",0.541838898652607,-0.0248541300527241,0.532005875026463,-0.0123751324678841,0.0326666666666667,0.00333333333333333,0.541838898652607,-0.0248541300527241,0.532005875026463,-0.0123751324678841,0.0326666666666667,0.00333333333333333,0,0,0,1.11022302462516e-16
"ScenarioI",73,"IMDS","Hausdorff",0.608466900995899,-0.0871294669009959,0.60998361719802,-0.104509354923046,0.0636666666666667,0.000333333333333331,0.608466900995899,-0.0871294669009959,0.60998361719802,-0.104509354923046,0.0636666666666667,0.000333333333333331,0,0,0,3.33066907387547e-16
"ScenarioI",74,"IMDS","Int-Euclidean",0.524107205623902,-0.0299765670767429,0.516226810348361,-0.0229473706996009,0.0346666666666667,-0.002,0.524106912712361,-0.0299771528998243,0.516226326762865,-0.0229483378705935,0.0346666666666667,-0.002,9.67170992585697e-07,0,5.80302595565296e-06,4.44089209850063e-16
"ScenarioI",74,"IMDS","Hausdorff",0.574141183362624,-0.0804792032806093,0.576483704780726,-0.100907238630099,0.059,-0.00666666666666667,0.574140925600469,-0.0804797188049209,0.576483279225489,-0.100908089740572,0.059,-0.00666666666666667,8.51110473515382e-07,0,5.80302595565296e-06,4.44089209850063e-16
"ScenarioI",74,"IMDS","Centers-Euclidean",0.504241359109549,-0.0013473930872876,0.499710376040687,0.00461160178407738,0.0273333333333333,0.00333333333333333,0.504241359109549,-0.0013473930872876,0.499710376040687,0.00461160178407738,0.0273333333333333,0.00333333333333333,0,0,0,4.44089209850063e-16
"ScenarioI",75,"IMDS","Int-Euclidean",0.484630345635618,-0.0608693614528413,0.47899142411016,-0.0632088016244788,0.0353333333333333,-0.00633333333333333,0.484630345635618,-0.0608693614528413,0.47899142411016,-0.0632088016244788,0.0353333333333333,-0.00633333333333333,0,0,0,3.88578058618805e-16
"ScenarioI",75,"IMDS","Hausdorff",0.559898652606913,-0.0743350908025776,0.563567241335107,-0.0925808067526344,0.0433333333333333,-0.004,0.559898652606913,-0.0743350908025776,0.563567241335107,-0.0925808067526344,0.0433333333333333,-0.004,0,0,0,3.33066907387547e-16
"ScenarioI",75,"IMDS","Wasserstein",0.547377270064441,-0.0587826596367896,0.550244367265223,-0.0729090707282936,0.0436666666666667,-0.00233333333333333,0.547377270064441,-0.0587826596367896,0.550244367265223,-0.0729090707282936,0.0436666666666667,-0.00233333333333333,0,0,0,4.44089209850063e-16
"ScenarioI",76,"IMDS","Hausdorff",0.581540714704159,-0.0904276508494435,0.59146964088634,-0.106286946123817,0.057,0.00266666666666667,0.581540820152314,-0.0904274399531342,0.591469814977119,-0.106286597942259,0.057,0.00266666666666667,3.48181557335847e-07,0,3.8686839703983e-06,3.88578058618805e-16
"ScenarioI",76,"IMDS","Wasserstein",0.568562390158172,-0.0775934387814879,0.580343086254919,-0.0922372123491463,0.052,0.00433333333333333,0.568562390158172,-0.0775934387814879,0.580343086254919,-0.0922372123491463,0.052,0.00433333333333333,0,0,0,2.22044604925031e-16
"ScenarioI",77,"IMDS","Int-Euclidean",0.53320093731693,-0.0594586994727593,0.526688791854517,-0.0668273490779561,0.029,-0.00166666666666667,0.53320093731693,-0.0594586994727593,0.526688791854517,-0.0668273490779561,0.029,-0.00166666666666667,0,0,0,4.44089209850063e-16
"ScenarioI",77,"IMDS","Hausdorff",0.584235500878735,-0.0827393087287639,0.589483548344656,-0.112544193957392,0.054,-0.006,0.584235500878735,-0.0827393087287639,0.589483548344656,-0.112544193957392,0.054,-0.006,0,0,0,4.44089209850063e-16
"ScenarioI",78,"IMDS","Int-Euclidean",0.508561218512009,-0.10702050380785,0.500006077057737,-0.0966093456658382,0.0336666666666667,-0.00566666666666667,0.508561487990627,-0.107019964850615,0.500006204171639,-0.0966090914380344,0.0336666666666667,-0.00566666666666667,5.38957234924586e-07,0,1.17164616286747e-06,4.44089209850063e-16
"ScenarioI",78,"IMDS","Hausdorff",0.580437609841828,-0.0960972466315173,0.590885344488653,-0.119337127099932,0.0576666666666667,-0.002,0.580437609841828,-0.0960972466315173,0.590885344488653,-0.119337127099932,0.0576666666666667,-0.002,0,0,0,3.33066907387547e-16
"ScenarioI",78,"IMDS","Ichino-Yaguchi",0.562855887521968,-0.0819320445225542,0.571609737139811,-0.100729276097075,0.0576666666666667,0.000333333333333331,0.562855887521968,-0.0819320445225542,0.571609737139811,-0.100729276097075,0.0576666666666667,0.000333333333333331,0,0,0,3.33066907387547e-16
"ScenarioI",78,"IMDS","Wasserstein",0.558168717047452,-0.094647920328061,0.568603034337794,-0.114235576448496,0.055,-0.00533333333333334,0.558168717047452,-0.094647920328061,0.568603034337794,-0.114235576448496,0.055,-0.00533333333333334,0,0,0,3.33066907387547e-16
"ScenarioI",79,"IMDS","Int-Euclidean",0.545985354422964,-0.0161558289396603,0.537287311806563,-0.0137067887574202,0.0293333333333333,0.003,0.545985354422964,-0.0161558289396603,0.537287311806563,-0.0137067887574202,0.0293333333333333,0.003,0,0,0,3.33066907387547e-16
"ScenarioI",79,"IMDS","Hausdorff",0.603987111892209,-0.0986783831282951,0.604699789356299,-0.116714860950748,0.0596666666666667,-0.007,0.603987111892209,-0.0986783831282951,0.604699789356299,-0.116714860950748,0.0596666666666667,-0.007,0,0,0,4.44089209850063e-16
"ScenarioI",80,"IMDS","Int-Euclidean",0.556520210896309,-0.00505682483889869,0.550417281319184,-0.00553552027581877,0.0333333333333333,0.002,0.556519121265378,-0.00505900410076158,0.550415482381138,-0.00553911815191125,0.0333333333333333,0.002,3.59787609247823e-06,0,1.54747358817042e-05,3.33066907387547e-16
"ScenarioI",80,"IMDS","Hausdorff",0.589397188049209,-0.0590685413005272,0.59756383366931,-0.081487166638803,0.048,-0.007,0.589397188049209,-0.0590685413005272,0.59756383366931,-0.081487166638803,0.048,-0.007,0,0,0,1.11022302462516e-16
"ScenarioI",80,"IMDS","Wasserstein",0.575366139425893,-0.0477656707674282,0.584121381187726,-0.0736953131968333,0.046,-0.00666666666666667,0.575366139425893,-0.0477656707674282,0.584121381187726,-0.0736953131968333,0.046,-0.00666666666666667,0,0,0,3.33066907387547e-16
"ScenarioI",80,"IMDS","Centers-Euclidean",0.512432923257176,0.0159847685998828,0.50889513379429,-0.00151554619907174,0.029,-0.00433333333333333,0.512432923257176,0.0159847685998828,0.50889513379429,-0.00151554619907174,0.029,-0.00433333333333333,0,0,0,2.22044604925031e-16
"ScenarioI",81,"IMDS","Int-Euclidean",0.453580550673697,-0.110814294083187,0.444882088806869,-0.0982520641040935,0.0326666666666667,0.00133333333333333,0.453580550673697,-0.110814294083187,0.444882088806869,-0.0982520641040935,0.0326666666666667,0.00133333333333333,0,0,0,4.9960036108132e-16
"ScenarioI",81,"IMDS","Hausdorff",0.55281136496778,-0.0705038078500293,0.56518664327648,-0.0928232473518321,0.0496666666666667,-0.00066666666666667,0.552811857059168,-0.0705028236672525,0.565187184892236,-0.0928221641203203,0.0496666666666667,-0.00066666666666667,1.08323151171152e-06,0,2.5791226469507e-06,4.44089209850063e-16
"ScenarioI",81,"IMDS","Wasserstein",0.541903339191564,-0.0604674868189807,0.551164769399569,-0.0710993049725024,0.044,-0.006,0.541903339191564,-0.0604674868189807,0.551164769399569,-0.0710993049725024,0.044,-0.006,0,0,0,4.44089209850063e-16
"ScenarioI",82,"IMDS","Int-Euclidean",0.496296426479203,-0.0768014059753954,0.485733712802105,-0.0710599549298317,0.0266666666666667,-0.00466666666666667,0.496296426479203,-0.0768014059753954,0.485733712802105,-0.0710599549298317,0.0266666666666667,-0.00466666666666667,0,0,0,3.33066907387547e-16
"ScenarioI",83,"IMDS","Hausdorff",0.580719390743995,-0.0964780316344463,0.58795002274387,-0.112419160240737,0.0493333333333333,-0.00566666666666667,0.580719390743995,-0.0964780316344463,0.58795002274387,-0.112419160240737,0.0493333333333333,-0.00566666666666667,0,0,0,4.9960036108132e-16
"ScenarioI",84,"IMDS","Int-Euclidean",0.495719390743995,-0.0774469830111306,0.480982406238529,-0.0610428713126798,0.0276666666666667,0.00466666666666667,0.495719390743995,-0.0774469830111306,0.480982406238529,-0.0610428713126798,0.0276666666666667,0.00466666666666667,0,0,0,2.77555756156289e-16
"ScenarioI",84,"IMDS","Hausdorff",0.574152899824253,-0.106428822495606,0.581807305610528,-0.108369377339921,0.053,-0.00233333333333333,0.574152899824253,-0.106428822495606,0.581807305610528,-0.108369377339921,0.053,-0.00233333333333333,0,0,0,4.16333634234434e-16
"ScenarioI",84,"IMDS","Centers-Euclidean",0.507999414176919,-0.0060702987697715,0.505682347578841,-0.00353170317430124,0.0336666666666667,0.002,0.507999414176919,-0.0060702987697715,0.505682347578841,-0.00353170317430124,0.0336666666666667,0.002,0,0,0,3.33066907387547e-16
"ScenarioI",85,"IMDS","Int-Euclidean",0.543634446397188,-0.0726069127123607,0.536364682876145,-0.0782025894698414,0.0413333333333333,0.003,0.543633591095489,-0.0726086233157586,0.536364119767701,-0.0782037156867306,0.0413333333333333,0.003,1.71060339786144e-06,0,3.51493848871343e-06,4.44089209850063e-16
"ScenarioI",85,"IMDS","Hausdorff",0.56872934973638,-0.0739789103690686,0.57254733879831,-0.0981024765257622,0.0493333333333333,-0.00133333333333333,0.568729630931459,-0.0739783479789104,0.572547581972731,-0.0981019901769201,0.0493333333333333,-0.00133333333333333,5.6239015817916e-07,0,5.85823081433734e-06,3.33066907387547e-16
"ScenarioI",86,"IMDS","Int-Euclidean",0.513364967779731,-0.0930193321616872,0.50487922797648,-0.0822207612311197,0.0286666666666667,-0.00633333333333333,0.513364967779731,-0.0930193321616872,0.50487922797648,-0.0822207612311197,0.0286666666666667,-0.00633333333333333,0,0,0,4.44089209850063e-16
"ScenarioI",86,"IMDS","Hausdorff",0.59109431751611,-0.094158172231986,0.597567641713195,-0.114395772203905,0.0593333333333333,-0.003,0.59109431751611,-0.094158172231986,0.597567641713195,-0.114395772203905,0.0593333333333333,-0.003,0,0,0,4.44089209850063e-16
"ScenarioI",87,"IMDS","Int-Euclidean",0.554276508494435,-0.0381581722319859,0.535899204970092,-0.027041651142037,0.033,-0.004,0.554276508494435,-0.0381581722319859,0.535899204970092,-0.027041651142037,0.033,-0.004,0,0,0,3.33066907387547e-16
"ScenarioI",87,"IMDS","Hausdorff",0.60071704745167,-0.06798359695372,0.6038612536409,-0.0814569924390256,0.057,0.004,0.60071704745167,-0.06798359695372,0.6038612536409,-0.0814569924390256,0.057,0.004,0,0,0,3.33066907387547e-16
"ScenarioI",87,"IMDS","Ichino-Yaguchi",0.592048037492677,-0.042282366725249,0.593885783707099,-0.0477794890051848,0.0636666666666667,-0.00366666666666667,0.592048037492677,-0.042282366725249,0.593885783707099,-0.0477794890051848,0.0636666666666667,-0.00366666666666667,0,0,0,2.22044604925031e-16
"ScenarioI",87,"IMDS","Centers-Euclidean",0.511472173403632,0.00451903925014641,0.510310057365521,-0.00462698133805189,0.0383333333333333,0.000333333333333331,0.511472173403632,0.00451903925014641,0.510310057365521,-0.00462698133805189,0.0383333333333333,0.000333333333333331,0,0,0,3.33066907387547e-16
"ScenarioI",88,"IMDS","Int-Euclidean",0.481080843585237,-0.0810111306385471,0.471721068499809,-0.0722082064305204,0.035,0.000666666666666666,0.481080843585237,-0.0810111306385471,0.471721068499809,-0.0722082064305204,0.035,0.000666666666666666,0,0,0,2.22044604925031e-16
"ScenarioI",88,"IMDS","Hausdorff",0.581271821909783,-0.101491505565319,0.584246992136593,-0.116855189785815,0.0546666666666667,-0.001,0.581271821909783,-0.101491505565319,0.584246992136593,-0.116855189785815,0.0546666666666667,-0.001,2.77555756156289e-17,0,2.5791226469507e-06,3.33066907387547e-16
"ScenarioI",89,"IMDS","Int-Euclidean",0.532550673696544,-0.0890310486233157,0.516074588380469,-0.0699082538526029,0.0426666666666667,0.00133333333333333,0.532549794961921,-0.08903280609256,0.516074477846641,-0.0699084749202583,0.0426666666666667,0.00133333333333333,1.7574692443012e-06,0,5.85823081433734e-06,3.33066907387547e-16
"ScenarioI",89,"IMDS","Hausdorff",0.554513181019332,-0.0890943175161102,0.556277761837367,-0.104069829438628,0.0496666666666667,-0.00233333333333333,0.554512934973638,-0.0890948096074986,0.556277558731458,-0.104070235650445,0.0496666666666667,-0.00233333333333333,4.92091388401561e-07,0,1.17164616286747e-06,2.22044604925031e-16
"ScenarioI",90,"IMDS","Int-Euclidean",0.520029291154071,-0.0778113649677799,0.505304984323386,-0.0623653241258655,0.036,-0.00133333333333333,0.520029291154071,-0.0778113649677799,0.505304984323386,-0.0623653241258655,0.036,-0.00133333333333333,0,0,0,4.44089209850063e-16
"ScenarioI",90,"IMDS","Hausdorff",0.581135910954892,-0.0837973052138253,0.585535775117699,-0.112432172528567,0.0566666666666667,-0.00233333333333333,0.581135910954892,-0.0837973052138253,0.585535775117699,-0.112432172528567,0.0566666666666667,-0.00233333333333333,0,0,0,3.33066907387547e-16
"ScenarioI",91,"IMDS","Int-Euclidean",0.49495489162273,-0.116859988283538,0.490229198800155,-0.112602316328472,0.03,-0.00266666666666667,0.49495489162273,-0.116859988283538,0.490229198800155,-0.112602316328472,0.03,-0.00266666666666667,0,0,0,4.30211422042248e-16
"ScenarioI",91,"IMDS","Hausdorff",0.589515524311658,-0.0978242530755713,0.594443584992761,-0.129326382290761,0.0583333333333333,-0.00366666666666667,0.589515805506737,-0.0978236906854131,0.594443717633354,-0.129326117009575,0.0583333333333333,-0.00366666666666667,5.62390158234671e-07,0,1.17164616297849e-06,3.88578058618805e-16
"ScenarioI",91,"IMDS","Centers-Euclidean",0.504224370240187,0.00278500292911543,0.497815972844295,0.000858497817647796,0.031,0.00333333333333333,0.504224370240187,0.00278500292911543,0.497815972844295,0.000858497817647796,0.031,0.00333333333333333,0,0,0,4.44089209850063e-16
"ScenarioI",92,"IMDS","Int-Euclidean",0.518418277680141,-0.0932325717633276,0.502895555665066,-0.0687681557569011,0.0316666666666667,0.00666666666666667,0.518418277680141,-0.0932325717633276,0.502895555665066,-0.0687681557569011,0.0316666666666667,0.00666666666666667,0,0,0,4.44089209850063e-16
"ScenarioI",92,"IMDS","Hausdorff",0.58685647334505,-0.101082601054482,0.58890902881755,-0.125941391280079,0.052,-0.008,0.58685647334505,-0.101082601054482,0.58890902881755,-0.125941391280079,0.052,-0.008,0,0,0,4.71844785465692e-16
"ScenarioI",92,"IMDS","Ichino-Yaguchi",0.568728763913298,-0.0828986526069129,0.573461397519099,-0.104823303232823,0.0513333333333333,-0.00966666666666667,0.568728763913298,-0.0828986526069129,0.573461397519099,-0.104823303232823,0.0513333333333333,-0.00966666666666667,0,0,0,2.22044604925031e-16
"ScenarioI",92,"IMDS","Centers-Euclidean",0.507446983011131,-0.00165436438195665,0.502075578886381,0.00822591671306777,0.0426666666666667,-0.00766666666666667,0.507446983011131,-0.00165436438195665,0.502075578886381,0.00822591671306777,0.0426666666666667,-0.00766666666666667,0,0,0,3.33066907387547e-16
"ScenarioI",93,"IMDS","Int-Euclidean",0.540111306385472,-0.0209982425307558,0.532595823233689,-0.0150698550763352,0.0253333333333333,0.00666666666666667,0.540111306385472,-0.0209982425307558,0.532595823233689,-0.0150698550763352,0.0253333333333333,0.00666666666666667,0,0,0,4.44089209850063e-16
"ScenarioI",93,"IMDS","Hausdorff",0.593087873462214,-0.0920691271236087,0.600038629270002,-0.106153953971565,0.0623333333333333,-0.003,0.593087615700059,-0.0920696426479203,0.600037778159529,-0.106155656192512,0.0623333333333333,-0.003,1.70222094700301e-06,0,3.86868397045381e-06,3.33066907387547e-16
"ScenarioI",94,"IMDS","Hausdorff",0.557564733450498,-0.0718558875219684,0.557865928761255,-0.0956178295976738,0.0433333333333333,-0.001,0.557564733450498,-0.0718558875219684,0.557865928761255,-0.0956178295976738,0.0433333333333333,-0.001,0,0,0,1.11022302462516e-16
"ScenarioI",95,"IMDS","Int-Euclidean",0.505399531341535,-0.0787521968365553,0.481049729015575,-0.0426614273632324,0.0253333333333333,-0.000666666666666668,0.505399226713533,-0.07875280609256,0.481049603283346,-0.0426616788276905,0.0253333333333333,-0.000666666666666668,6.09256004688308e-07,0,1.17164616286747e-06,1.11022302462516e-16
"ScenarioI",95,"IMDS","Hausdorff",0.589867603983597,-0.100166373755126,0.589891101151809,-0.115709368494144,0.0556666666666667,-0.006,0.589867603983597,-0.100166373755126,0.589891101151809,-0.115709368494144,0.0556666666666667,-0.006,0,0,0,4.44089209850063e-16
"ScenarioI",95,"IMDS","Ichino-Yaguchi",0.57600410076157,-0.0718769771528998,0.578543594771934,-0.0799803173027044,0.0523333333333333,-0.006,0.57600410076157,-0.0718769771528998,0.578543594771934,-0.0799803173027044,0.0523333333333333,-0.006,0,0,0,2.22044604925031e-16
"ScenarioI",95,"IMDS","Wasserstein",0.571602226127709,-0.0770509666080844,0.573661394663642,-0.0914512247224872,0.0483333333333333,-0.00566666666666667,0.571602226127709,-0.0770509666080844,0.573661394663642,-0.0914512247224872,0.0483333333333333,-0.00566666666666667,0,0,0,4.44089209850063e-16
"ScenarioI",96,"IMDS","Int-Euclidean",0.546675454012888,-0.0396239015817222,0.530419872723368,-0.0290669808897759,0.03,0.005,0.546675454012888,-0.0396239015817222,0.530419872723368,-0.0290669808897759,0.03,0.005,0,0,0,2.22044604925031e-16
"ScenarioI",96,"IMDS","Hausdorff",0.598461042765085,-0.0906233157586409,0.602805138226389,-0.111773240466496,0.0596666666666667,-0.00333333333333333,0.598461042765085,-0.0906233157586409,0.602805138226389,-0.111773240466496,0.0596666666666667,-0.00333333333333333,0,0,0,4.44089209850063e-16
"ScenarioI",96,"IMDS","Wasserstein",0.587648506151142,-0.0749338019917986,0.591921467097073,-0.0931350156888952,0.057,-0.00233333333333333,0.587648506151142,-0.0749338019917986,0.591921467097073,-0.0931350156888952,0.057,-0.00233333333333333,0,0,0,3.33066907387547e-16
"ScenarioI",97,"IMDS","Int-Euclidean",0.52480726420621,-0.0492888107791447,0.508353733732913,-0.0316844173247651,0.0303333333333333,-0.004,0.52480726420621,-0.0492888107791447,0.508353733732913,-0.0316844173247651,0.0303333333333333,-0.004,0,0,0,3.33066907387547e-16
"ScenarioI",97,"IMDS","Hausdorff",0.597015817223199,-0.0581816051552432,0.598309474146061,-0.0725182783803663,0.0633333333333333,-0.004,0.597015817223199,-0.0581816051552432,0.598309474146061,-0.0725182783803663,0.0633333333333333,-0.004,0,0,0,4.44089209850063e-16
"ScenarioI",97,"IMDS","Wasserstein",0.577564147627416,-0.0471259519625074,0.57857324777401,-0.0618517701455193,0.056,0.000999999999999997,0.577564147627416,-0.0471259519625074,0.57857324777401,-0.0618517701455193,0.056,0.000999999999999997,0,0,0,4.44089209850063e-16
"ScenarioI",97,"IMDS","Centers-Euclidean",0.512612185120094,0.0250415934387815,0.502704808820231,0.0337058108400831,0.0323333333333333,-0.00366666666666667,0.512612185120094,0.0250415934387815,0.502704808820231,0.0337058108400831,0.0323333333333333,-0.00366666666666667,0,0,0,2.22044604925031e-16
"ScenarioI",98,"IMDS","Int-Euclidean",0.53487287639133,-0.0770521382542472,0.517091241683289,-0.0651361799785473,0.031,0.00266666666666667,0.534872642062097,-0.0770526069127123,0.517090983771024,-0.0651366958030766,0.031,0.00266666666666667,5.15824529354059e-07,0,1.28956132339209e-06,2.22044604925031e-16
"ScenarioI",98,"IMDS","Hausdorff",0.585753368482718,-0.102515524311658,0.584215961299651,-0.126497215238378,0.0543333333333333,-0.00233333333333333,0.585753579379028,-0.102515102519039,0.584216040055003,-0.126497057727673,0.0543333333333333,-0.00233333333333333,4.21792618596206e-07,0,3.5149384886024e-06,4.44089209850063e-16
"ScenarioI",98,"IMDS","Wasserstein",0.572387814879906,-0.0988049209138839,0.57239038613611,-0.111298037118795,0.049,-0.00233333333333333,0.572387814879906,-0.0988049209138839,0.57239038613611,-0.111298037118795,0.049,-0.00233333333333333,0,0,0,4.57966997657877e-16
"ScenarioI",98,"IMDS","Centers-Euclidean",0.502370826010545,-0.0122706502636204,0.496030313441696,-0.00555623308698106,0.0326666666666667,-0.00233333333333333,0.502370826010545,-0.0122706502636204,0.496030313441696,-0.00555623308698106,0.0326666666666667,-0.00233333333333333,0,0,0,3.33066907387547e-16
"ScenarioI",99,"IMDS","Int-Euclidean",0.474370240187463,-0.0735489162272994,0.468661818376648,-0.066053586185605,0.0353333333333333,0.001,0.474370579964851,-0.073548236672525,0.46866200536304,-0.0660532122128212,0.0353333333333333,0.001,6.79554774465907e-07,0,1.17164616286747e-06,3.88578058618805e-16
"ScenarioI",99,"IMDS","Hausdorff",0.553536613942589,-0.0811212653778559,0.562731092843349,-0.0920951026912991,0.046,-0.00566666666666667,0.553536613942589,-0.0811212653778559,0.562731092843349,-0.0920951026912991,0.046,-0.00566666666666667,0,0,0,3.33066907387547e-16
"ScenarioI",99,"IMDS","Centers-Euclidean",0.494226127709432,0.0102589338019918,0.488092153894406,0.0204937730307593,0.0296666666666667,0.005,0.494226127709432,0.0102589338019918,0.488092153894406,0.0204937730307593,0.0296666666666667,0.005,0,0,0,2.22044604925031e-16
"ScenarioI",100,"IMDS","Int-Euclidean",0.517865260691271,-0.0503690685413005,0.498067477984962,-0.0189379863776268,0.04,0.003,0.51786554188635,-0.0503685061511423,0.49806778747968,-0.0189373673881915,0.04,0.003,6.18989435281075e-07,0,1.28956132350311e-06,2.22044604925031e-16
"ScenarioI",100,"IMDS","Hausdorff",0.570069127123609,-0.0792267135325132,0.577986637074305,-0.112200705482155,0.059,-0.00233333333333334,0.570069408318688,-0.079226151142355,0.577986791821663,-0.112200395987438,0.059,-0.00233333333333334,5.62390158234671e-07,0,1.17164616297849e-06,4.9960036108132e-16
