"IDR","Metric","col","frac","cp_lo","cp_hi","qc"
"C-PCA","Centers-Euclidean","Q_TC",1,0.862814828469287,1,0.800239426669053
"C-PCA","Centers-Euclidean","B_TC",1,0.862814828469287,1,NA
"C-PCA","Centers-Euclidean","Q_RE",1,0.862814828469287,1,0.793404114636309
"C-PCA","Centers-Euclidean","B_RE",1,0.862814828469287,1,NA
"C-PCA","Centers-Euclidean","Q_LC",1,0.862814828469287,1,0.281453408073818
"C-PCA","Centers-Euclidean","B_LC",1,0.862814828469287,1,NA
"IMDS","Centers-Euclidean","Q_TC",1,0.862814828469287,1,0.0742854477723421
"IMDS","Centers-Euclidean","B_TC",0.84,0.639171545540728,0.95462054762829,NA
"IMDS","Centers-Euclidean","Q_RE",1,0.862814828469287,1,0.0836129449357195
"IMDS","Centers-Euclidean","B_RE",0.96,0.796483086077586,0.998987800300689,NA
"IMDS","Centers-Euclidean","Q_LC",1,0.862814828469287,1,0.0210112341407151
"IMDS","Centers-Euclidean","B_LC",0.04,0.00101219969931085,0.203516913922414,NA
"Int-UMAP","Centers-Euclidean","Q_TC",1,0.862814828469287,1,0.590027202321123
"Int-UMAP","Centers-Euclidean","B_TC",0.72,0.506123178193745,0.879283311495933,NA
"Int-UMAP","Centers-Euclidean","Q_RE",1,0.862814828469287,1,0.637740499999275
"Int-UMAP","Centers-Euclidean","B_RE",0.72,0.506123178193745,0.879283311495933,NA
"Int-UMAP","Centers-Euclidean","Q_LC",1,0.862814828469287,1,0.269815445213379
"Int-UMAP","Centers-Euclidean","B_LC",0.8,0.592962567721323,0.931688535987516,NA
"MR-PCA","Centers-Euclidean","Q_TC",1,0.862814828469287,1,0.800239429998807
"MR-PCA","Centers-Euclidean","B_TC",1,0.862814828469287,1,NA
"MR-PCA","Centers-Euclidean","Q_RE",1,0.862814828469287,1,0.793404028427485
"MR-PCA","Centers-Euclidean","B_RE",1,0.862814828469287,1,NA
"MR-PCA","Centers-Euclidean","Q_LC",1,0.862814828469287,1,0.281454856516724
"MR-PCA","Centers-Euclidean","B_LC",1,0.862814828469287,1,NA
"SPCA","Centers-Euclidean","Q_TC",1,0.862814828469287,1,0.800239439750229
"SPCA","Centers-Euclidean","B_TC",1,0.862814828469287,1,NA
"SPCA","Centers-Euclidean","Q_RE",1,0.862814828469287,1,0.793404102080364
"SPCA","Centers-Euclidean","B_RE",1,0.862814828469287,1,NA
"SPCA","Centers-Euclidean","Q_LC",1,0.862814828469287,1,0.281455132410611
"SPCA","Centers-Euclidean","B_LC",1,0.862814828469287,1,NA
"V-PCA","Centers-Euclidean","Q_TC",1,0.862814828469287,1,0.800109824802132
"V-PCA","Centers-Euclidean","B_TC",1,0.862814828469287,1,NA
"V-PCA","Centers-Euclidean","Q_RE",1,0.862814828469287,1,0.793283380902758
"V-PCA","Centers-Euclidean","B_RE",1,0.862814828469287,1,NA
"V-PCA","Centers-Euclidean","Q_LC",1,0.862814828469287,1,0.281320565167243
"V-PCA","Centers-Euclidean","B_LC",1,0.862814828469287,1,NA
"C-PCA","Hausdorff","Q_TC",1,0.862814828469287,1,0.837231332785268
"C-PCA","Hausdorff","B_TC",1,0.862814828469287,1,NA
"C-PCA","Hausdorff","Q_RE",1,0.862814828469287,1,0.83435864060599
"C-PCA","Hausdorff","B_RE",1,0.862814828469287,1,NA
"C-PCA","Hausdorff","Q_LC",1,0.862814828469287,1,0.336108538869666
"C-PCA","Hausdorff","B_LC",1,0.862814828469287,1,NA
"IMDS","Hausdorff","Q_TC",1,0.862814828469287,1,0.0877718287992682
"IMDS","Hausdorff","B_TC",0.88,0.687809692713765,0.974534603352267,NA
"IMDS","Hausdorff","Q_RE",1,0.862814828469287,1,0.0967536525028029
"IMDS","Hausdorff","B_RE",0.96,0.796483086077586,0.998987800300689,NA
"IMDS","Hausdorff","Q_LC",1,0.862814828469287,1,0.0232068666666667
"IMDS","Hausdorff","B_LC",0,0,0.137185171530713,NA
"Int-UMAP","Hausdorff","Q_TC",1,0.862814828469287,1,0.605955987972
"Int-UMAP","Hausdorff","B_TC",0.52,0.313057044457032,0.722031990330053,NA
"Int-UMAP","Hausdorff","Q_RE",1,0.862814828469287,1,0.662194975018532
"Int-UMAP","Hausdorff","B_RE",0.28,0.120716688504067,0.493876821806255,NA
"Int-UMAP","Hausdorff","Q_LC",1,0.862814828469287,1,0.280165052595156
"Int-UMAP","Hausdorff","B_LC",0.36,0.179716820583655,0.574793650446151,NA
"MR-PCA","Hausdorff","Q_TC",1,0.862814828469287,1,0.810798135692638
"MR-PCA","Hausdorff","B_TC",1,0.862814828469287,1,NA
"MR-PCA","Hausdorff","Q_RE",1,0.862814828469287,1,0.809406886351296
"MR-PCA","Hausdorff","B_RE",1,0.862814828469287,1,NA
"MR-PCA","Hausdorff","Q_LC",1,0.862814828469287,1,0.298716709342561
"MR-PCA","Hausdorff","B_LC",1,0.862814828469287,1,NA
"SPCA","Hausdorff","Q_TC",1,0.862814828469287,1,0.837231285455196
"SPCA","Hausdorff","B_TC",1,0.862814828469287,1,NA
"SPCA","Hausdorff","Q_RE",1,0.862814828469287,1,0.834358617260968
"SPCA","Hausdorff","B_RE",1,0.862814828469287,1,NA
"SPCA","Hausdorff","Q_LC",1,0.862814828469287,1,0.336109159630911
"SPCA","Hausdorff","B_LC",1,0.862814828469287,1,NA
"V-PCA","Hausdorff","Q_TC",1,0.862814828469287,1,0.836991704911904
"V-PCA","Hausdorff","B_TC",1,0.862814828469287,1,NA
"V-PCA","Hausdorff","Q_RE",1,0.862814828469287,1,0.834200714565688
"V-PCA","Hausdorff","B_RE",1,0.862814828469287,1,NA
"V-PCA","Hausdorff","Q_LC",1,0.862814828469287,1,0.335742565628604
"V-PCA","Hausdorff","B_LC",1,0.862814828469287,1,NA
"C-PCA","Ichino-Yaguchi","Q_TC",1,0.862814828469287,1,0.813996427728592
"C-PCA","Ichino-Yaguchi","B_TC",1,0.862814828469287,1,NA
"C-PCA","Ichino-Yaguchi","Q_RE",1,0.862814828469287,1,0.809175618993992
"C-PCA","Ichino-Yaguchi","B_RE",1,0.862814828469287,1,NA
"C-PCA","Ichino-Yaguchi","Q_LC",1,0.862814828469287,1,0.299831872433679
"C-PCA","Ichino-Yaguchi","B_LC",1,0.862814828469287,1,NA
"IMDS","Ichino-Yaguchi","Q_TC",1,0.862814828469287,1,0.0895163194034124
"IMDS","Ichino-Yaguchi","B_TC",0.92,0.739694157894786,0.990160409981202,NA
"IMDS","Ichino-Yaguchi","Q_RE",1,0.862814828469287,1,0.0994301208094265
"IMDS","Ichino-Yaguchi","B_RE",0.96,0.796483086077586,0.998987800300689,NA
"IMDS","Ichino-Yaguchi","Q_LC",1,0.862814828469287,1,0.0232185921568627
"IMDS","Ichino-Yaguchi","B_LC",0,0,0.137185171530713,NA
"Int-UMAP","Ichino-Yaguchi","Q_TC",1,0.862814828469287,1,0.616937304116454
"Int-UMAP","Ichino-Yaguchi","B_TC",0.44,0.244023665147208,0.650718366008664,NA
"Int-UMAP","Ichino-Yaguchi","Q_RE",1,0.862814828469287,1,0.675625029812645
"Int-UMAP","Ichino-Yaguchi","B_RE",0.32,0.14949542261357,0.535000717497372,NA
"Int-UMAP","Ichino-Yaguchi","Q_LC",1,0.862814828469287,1,0.295494682583622
"Int-UMAP","Ichino-Yaguchi","B_LC",0.56,0.349281633991336,0.755976334852792,NA
"MR-PCA","Ichino-Yaguchi","Q_TC",1,0.862814828469287,1,0.802425913074812
"MR-PCA","Ichino-Yaguchi","B_TC",1,0.862814828469287,1,NA
"MR-PCA","Ichino-Yaguchi","Q_RE",1,0.862814828469287,1,0.798040054905044
"MR-PCA","Ichino-Yaguchi","B_RE",1,0.862814828469287,1,NA
"MR-PCA","Ichino-Yaguchi","Q_LC",1,0.862814828469287,1,0.283500333794694
"MR-PCA","Ichino-Yaguchi","B_LC",1,0.862814828469287,1,NA
"SPCA","Ichino-Yaguchi","Q_TC",1,0.862814828469287,1,0.813998704566679
"SPCA","Ichino-Yaguchi","B_TC",1,0.862814828469287,1,NA
"SPCA","Ichino-Yaguchi","Q_RE",1,0.862814828469287,1,0.809176970655064
"SPCA","Ichino-Yaguchi","B_RE",1,0.862814828469287,1,NA
"SPCA","Ichino-Yaguchi","Q_LC",1,0.862814828469287,1,0.299834079584775
"SPCA","Ichino-Yaguchi","B_LC",1,0.862814828469287,1,NA
"V-PCA","Ichino-Yaguchi","Q_TC",1,0.862814828469287,1,0.813958206673826
"V-PCA","Ichino-Yaguchi","B_TC",1,0.862814828469287,1,NA
"V-PCA","Ichino-Yaguchi","Q_RE",1,0.862814828469287,1,0.80914803142369
"V-PCA","Ichino-Yaguchi","B_RE",1,0.862814828469287,1,NA
"V-PCA","Ichino-Yaguchi","Q_LC",1,0.862814828469287,1,0.299821664359862
"V-PCA","Ichino-Yaguchi","B_LC",1,0.862814828469287,1,NA
"C-PCA","Int-Euclidean","Q_TC",1,0.862814828469287,1,0.845830506190192
"C-PCA","Int-Euclidean","B_TC",0.68,0.464999282502628,0.85050457738643,NA
"C-PCA","Int-Euclidean","Q_RE",1,0.862814828469287,1,0.829617826413562
"C-PCA","Int-Euclidean","B_RE",0.84,0.639171545540728,0.95462054762829,NA
"C-PCA","Int-Euclidean","Q_LC",1,0.862814828469287,1,0.32957033656286
"C-PCA","Int-Euclidean","B_LC",1,0.862814828469287,1,NA
"IMDS","Int-Euclidean","Q_TC",0.56,0.349281633991336,0.755976334852792,0.041257666365191
"IMDS","Int-Euclidean","B_TC",0.24,0.0935644393317429,0.451288017816686,NA
"IMDS","Int-Euclidean","Q_RE",0.72,0.506123178193745,0.879283311495933,0.056770412385242
"IMDS","Int-Euclidean","B_RE",0.64,0.425206349553849,0.820283179416345,NA
"IMDS","Int-Euclidean","Q_LC",0.92,0.739694157894786,0.990160409981202,0.0178508696655133
"IMDS","Int-Euclidean","B_LC",0.08,0.00983959001879751,0.260305842105214,NA
"Int-UMAP","Int-Euclidean","Q_TC",1,0.862814828469287,1,0.567601514964801
"Int-UMAP","Int-Euclidean","B_TC",0.64,0.425206349553849,0.820283179416345,NA
"Int-UMAP","Int-Euclidean","Q_RE",1,0.862814828469287,1,0.59709817784394
"Int-UMAP","Int-Euclidean","B_RE",0.64,0.425206349553849,0.820283179416345,NA
"Int-UMAP","Int-Euclidean","Q_LC",1,0.862814828469287,1,0.257944420991926
"Int-UMAP","Int-Euclidean","B_LC",0.84,0.639171545540728,0.95462054762829,NA
"MR-PCA","Int-Euclidean","Q_TC",1,0.862814828469287,1,0.797789522963847
"MR-PCA","Int-Euclidean","B_TC",1,0.862814828469287,1,NA
"MR-PCA","Int-Euclidean","Q_RE",1,0.862814828469287,1,0.788522848546576
"MR-PCA","Int-Euclidean","B_RE",1,0.862814828469287,1,NA
"MR-PCA","Int-Euclidean","Q_LC",1,0.862814828469287,1,0.275013079123414
"MR-PCA","Int-Euclidean","B_LC",1,0.862814828469287,1,NA
"SPCA","Int-Euclidean","Q_TC",1,0.862814828469287,1,0.845830529974148
"SPCA","Int-Euclidean","B_TC",0.68,0.464999282502628,0.85050457738643,NA
"SPCA","Int-Euclidean","Q_RE",1,0.862814828469287,1,0.829617848912568
"SPCA","Int-Euclidean","B_RE",0.76,0.548711982183314,0.906435560668257,NA
"SPCA","Int-Euclidean","Q_LC",1,0.862814828469287,1,0.329570474509804
"SPCA","Int-Euclidean","B_LC",1,0.862814828469287,1,NA
"V-PCA","Int-Euclidean","Q_TC",1,0.862814828469287,1,0.845724541056358
"V-PCA","Int-Euclidean","B_TC",0.68,0.464999282502628,0.85050457738643,NA
"V-PCA","Int-Euclidean","Q_RE",1,0.862814828469287,1,0.829545179674472
"V-PCA","Int-Euclidean","B_RE",0.8,0.592962567721323,0.931688535987516,NA
"V-PCA","Int-Euclidean","Q_LC",1,0.862814828469287,1,0.329445356632065
"V-PCA","Int-Euclidean","B_LC",1,0.862814828469287,1,NA
"C-PCA","Wasserstein","Q_TC",1,0.862814828469287,1,0.81176364109613
"C-PCA","Wasserstein","B_TC",1,0.862814828469287,1,NA
"C-PCA","Wasserstein","Q_RE",1,0.862814828469287,1,0.80812995858754
"C-PCA","Wasserstein","B_RE",1,0.862814828469287,1,NA
"C-PCA","Wasserstein","Q_LC",1,0.862814828469287,1,0.295640423529412
"C-PCA","Wasserstein","B_LC",1,0.862814828469287,1,NA
"IMDS","Wasserstein","Q_TC",1,0.862814828469287,1,0.0844849122737938
"IMDS","Wasserstein","B_TC",0.88,0.687809692713765,0.974534603352267,NA
"IMDS","Wasserstein","Q_RE",1,0.862814828469287,1,0.0944475379476549
"IMDS","Wasserstein","B_RE",0.96,0.796483086077586,0.998987800300689,NA
"IMDS","Wasserstein","Q_LC",1,0.862814828469287,1,0.0229615280276817
"IMDS","Wasserstein","B_LC",0.04,0.00101219969931085,0.203516913922414,NA
"Int-UMAP","Wasserstein","Q_TC",1,0.862814828469287,1,0.605463091650957
"Int-UMAP","Wasserstein","B_TC",0.48,0.277968009669947,0.686942955542968,NA
"Int-UMAP","Wasserstein","Q_RE",1,0.862814828469287,1,0.66258000877315
"Int-UMAP","Wasserstein","B_RE",0.4,0.211254806465142,0.61334650374316,NA
"Int-UMAP","Wasserstein","Q_LC",1,0.862814828469287,1,0.284316979700115
"Int-UMAP","Wasserstein","B_LC",0.6,0.38665349625684,0.788745193534858,NA
"MR-PCA","Wasserstein","Q_TC",1,0.862814828469287,1,0.801884846632462
"MR-PCA","Wasserstein","B_TC",1,0.862814828469287,1,NA
"MR-PCA","Wasserstein","Q_RE",1,0.862814828469287,1,0.796991982215423
"MR-PCA","Wasserstein","B_RE",1,0.862814828469287,1,NA
"MR-PCA","Wasserstein","Q_LC",1,0.862814828469287,1,0.283282308650519
"MR-PCA","Wasserstein","B_LC",1,0.862814828469287,1,NA
"SPCA","Wasserstein","Q_TC",1,0.862814828469287,1,0.811763623258163
"SPCA","Wasserstein","B_TC",1,0.862814828469287,1,NA
"SPCA","Wasserstein","Q_RE",1,0.862814828469287,1,0.808129909295701
"SPCA","Wasserstein","B_RE",1,0.862814828469287,1,NA
"SPCA","Wasserstein","Q_LC",1,0.862814828469287,1,0.295641044290657
"SPCA","Wasserstein","B_LC",1,0.862814828469287,1,NA
"V-PCA","Wasserstein","Q_TC",1,0.862814828469287,1,0.811712952491747
"V-PCA","Wasserstein","B_TC",1,0.862814828469287,1,NA
"V-PCA","Wasserstein","Q_RE",1,0.862814828469287,1,0.808015912499089
"V-PCA","Wasserstein","B_RE",1,0.862814828469287,1,NA
"V-PCA","Wasserstein","Q_LC",1,0.862814828469287,1,0.29559759100346
"V-PCA","Wasserstein","B_LC",1,0.862814828469287,1,NA
