"IDR","Metric","col","value","star","qc","changed"
"C-PCA","Int-Euclidean","Q_TC",0.982261208576998,TRUE,0.962065095398429,FALSE
"C-PCA","Int-Euclidean","B_TC",0.00428849902534112,FALSE,NA,FALSE
"C-PCA","Int-Euclidean","Q_RE",0.949074074074074,TRUE,0.895206209707151,FALSE
"C-PCA","Int-Euclidean","B_RE",0.0100833218880191,FALSE,NA,FALSE
"C-PCA","Int-Euclidean","Q_LC",0.837037037037037,TRUE,0.798236331569665,FALSE
"C-PCA","Int-Euclidean","B_LC",0.00740740740740742,FALSE,NA,FALSE
"C-PCA","Hausdorff","Q_TC",0.981481481481481,TRUE,0.960397627064294,FALSE
"C-PCA","Hausdorff","B_TC",0.000389863547758273,FALSE,NA,FALSE
"C-PCA","Hausdorff","Q_RE",0.952742297303484,TRUE,0.902754565654754,FALSE
"C-PCA","Hausdorff","B_RE",0.0110561736025271,FALSE,NA,FALSE
"C-PCA","Hausdorff","Q_LC",0.822222222222222,TRUE,0.77989417989418,FALSE
"C-PCA","Hausdorff","B_LC",0.0814814814814815,FALSE,NA,FALSE
"C-PCA","Ichino-Yaguchi","Q_TC",0.979337231968811,TRUE,0.955812089145423,FALSE
"C-PCA","Ichino-Yaguchi","B_TC",-0.000779727095516547,FALSE,NA,FALSE
"C-PCA","Ichino-Yaguchi","Q_RE",0.956221672847136,TRUE,0.909914316693978,FALSE
"C-PCA","Ichino-Yaguchi","B_RE",0.00830929817332783,FALSE,NA,FALSE
"C-PCA","Ichino-Yaguchi","Q_LC",0.814814814814815,TRUE,0.770723104056437,FALSE
"C-PCA","Ichino-Yaguchi","B_LC",0.0740740740740741,FALSE,NA,FALSE
"C-PCA","Wasserstein","Q_TC",0.979727095516569,TRUE,0.95664582331249,FALSE
"C-PCA","Wasserstein","B_TC",-0.000779727095516547,FALSE,NA,FALSE
"C-PCA","Wasserstein","Q_RE",0.961309115048299,TRUE,0.920383097407579,FALSE
"C-PCA","Wasserstein","B_RE",0.0110218376596621,FALSE,NA,FALSE
"C-PCA","Wasserstein","Q_LC",0.814814814814815,TRUE,0.770723104056437,FALSE
"C-PCA","Wasserstein","B_LC",0.0814814814814815,FALSE,NA,FALSE
"C-PCA","Centers-Euclidean","Q_TC",0.978557504873294,TRUE,0.954144620811288,FALSE
"C-PCA","Centers-Euclidean","B_TC",0.000779727095516658,FALSE,NA,FALSE
"C-PCA","Centers-Euclidean","Q_RE",0.960673900105297,TRUE,0.919075971806669,FALSE
"C-PCA","Centers-Euclidean","B_RE",0.0113537517740237,FALSE,NA,FALSE
"C-PCA","Centers-Euclidean","Q_LC",0.807407407407407,TRUE,0.761552028218695,FALSE
"C-PCA","Centers-Euclidean","B_LC",0.0962962962962963,TRUE,NA,FALSE
"V-PCA","Int-Euclidean","Q_TC",0.981676413255361,TRUE,0.960814494147827,FALSE
"V-PCA","Int-Euclidean","B_TC",0.00467836257309939,FALSE,NA,FALSE
"V-PCA","Int-Euclidean","Q_RE",0.949022570159777,TRUE,0.895100226550321,FALSE
"V-PCA","Int-Euclidean","B_RE",0.0104152360023806,FALSE,NA,FALSE
"V-PCA","Int-Euclidean","Q_LC",0.82962962962963,TRUE,0.789065255731922,FALSE
"V-PCA","Int-Euclidean","B_LC",0.00740740740740742,FALSE,NA,FALSE
"V-PCA","Hausdorff","Q_TC",0.981481481481481,TRUE,0.960397627064294,FALSE
"V-PCA","Hausdorff","B_TC",0.000389863547758273,FALSE,NA,FALSE
"V-PCA","Hausdorff","Q_RE",0.952965480932106,TRUE,0.90321382600102,FALSE
"V-PCA","Hausdorff","B_RE",0.0113423064597354,FALSE,NA,FALSE
"V-PCA","Hausdorff","Q_LC",0.822222222222222,TRUE,0.77989417989418,FALSE
"V-PCA","Hausdorff","B_LC",0.0814814814814815,FALSE,NA,FALSE
"V-PCA","Ichino-Yaguchi","Q_TC",0.97953216374269,TRUE,0.956228956228956,FALSE
"V-PCA","Ichino-Yaguchi","B_TC",-0.000389863547758273,FALSE,NA,FALSE
"V-PCA","Ichino-Yaguchi","Q_RE",0.95516870393261,TRUE,0.907747549932107,FALSE
"V-PCA","Ichino-Yaguchi","B_RE",0.0107585954310305,FALSE,NA,FALSE
"V-PCA","Ichino-Yaguchi","Q_LC",0.814814814814815,TRUE,0.770723104056437,FALSE
"V-PCA","Ichino-Yaguchi","B_LC",0.0814814814814815,FALSE,NA,FALSE
"V-PCA","Wasserstein","Q_TC",0.980116959064327,TRUE,0.957479557479557,FALSE
"V-PCA","Wasserstein","B_TC",-0.00155945419103309,FALSE,NA,FALSE
"V-PCA","Wasserstein","Q_RE",0.959283294419265,TRUE,0.916214426572242,FALSE
"V-PCA","Wasserstein","B_RE",0.0111134001739688,FALSE,NA,FALSE
"V-PCA","Wasserstein","Q_LC",0.822222222222222,TRUE,0.77989417989418,FALSE
"V-PCA","Wasserstein","B_LC",0.0962962962962963,FALSE,NA,FALSE
"V-PCA","Centers-Euclidean","Q_TC",0.978752436647174,TRUE,0.954561487894821,FALSE
"V-PCA","Centers-Euclidean","B_TC",0.000389863547758273,FALSE,NA,FALSE
"V-PCA","Centers-Euclidean","Q_RE",0.959575149933617,TRUE,0.916814997794282,FALSE
"V-PCA","Centers-Euclidean","B_RE",0.0125211738314334,FALSE,NA,FALSE
"V-PCA","Centers-Euclidean","Q_LC",0.807407407407407,TRUE,0.761552028218695,FALSE
"V-PCA","Centers-Euclidean","B_LC",0.0962962962962963,TRUE,NA,FALSE
"MR-PCA","Int-Euclidean","Q_TC",0.981676413255361,TRUE,0.960814494147827,FALSE
"MR-PCA","Int-Euclidean","B_TC",0.00467836257309939,FALSE,NA,FALSE
"MR-PCA","Int-Euclidean","Q_RE",0.947706359016619,TRUE,0.892391768097983,FALSE
"MR-PCA","Int-Euclidean","B_RE",0.00661539165865496,FALSE,NA,FALSE
"MR-PCA","Int-Euclidean","Q_LC",0.837037037037037,TRUE,0.798236331569665,FALSE
"MR-PCA","Int-Euclidean","B_LC",0.0148148148148148,FALSE,NA,FALSE
"MR-PCA","Hausdorff","Q_TC",0.980116959064327,TRUE,0.957479557479557,FALSE
"MR-PCA","Hausdorff","B_TC",0,FALSE,NA,FALSE
"MR-PCA","Hausdorff","Q_RE",0.950836652474477,TRUE,0.898833188852021,FALSE
"MR-PCA","Hausdorff","B_RE",0.00660394634436662,FALSE,NA,FALSE
"MR-PCA","Hausdorff","Q_LC",0.814814814814815,TRUE,0.770723104056437,FALSE
"MR-PCA","Hausdorff","B_LC",0.0666666666666667,FALSE,NA,FALSE
"MR-PCA","Ichino-Yaguchi","Q_TC",0.98187134502924,TRUE,0.961231361231361,FALSE
"MR-PCA","Ichino-Yaguchi","B_TC",0.00194931773879148,FALSE,NA,FALSE
"MR-PCA","Ichino-Yaguchi","Q_RE",0.952547726960582,TRUE,0.90235418484006,FALSE
"MR-PCA","Ichino-Yaguchi","B_RE",0.0159089868607792,FALSE,NA,FALSE
"MR-PCA","Ichino-Yaguchi","Q_LC",0.837037037037037,TRUE,0.798236331569665,FALSE
"MR-PCA","Ichino-Yaguchi","B_LC",0.0962962962962963,FALSE,NA,FALSE
"MR-PCA","Wasserstein","Q_TC",0.979142300194932,TRUE,0.955395222061889,FALSE
"MR-PCA","Wasserstein","B_TC",0.000389863547758273,FALSE,NA,FALSE
"MR-PCA","Wasserstein","Q_RE",0.957211692533077,TRUE,0.911951548486388,FALSE
"MR-PCA","Wasserstein","B_RE",0.00697019640159319,FALSE,NA,FALSE
"MR-PCA","Wasserstein","Q_LC",0.814814814814815,TRUE,0.770723104056437,FALSE
"MR-PCA","Wasserstein","B_LC",0.0592592592592593,FALSE,NA,FALSE
"MR-PCA","Centers-Euclidean","Q_TC",0.978557504873294,TRUE,0.954144620811288,FALSE
"MR-PCA","Centers-Euclidean","B_TC",0.000779727095516658,FALSE,NA,FALSE
"MR-PCA","Centers-Euclidean","Q_RE",0.960673900105297,TRUE,0.919075971806669,FALSE
"MR-PCA","Centers-Euclidean","B_RE",0.0113537517740237,FALSE,NA,FALSE
"MR-PCA","Centers-Euclidean","Q_LC",0.807407407407407,TRUE,0.761552028218695,FALSE
"MR-PCA","Centers-Euclidean","B_LC",0.0962962962962963,TRUE,NA,FALSE
"SPCA","Int-Euclidean","Q_TC",0.982261208576998,TRUE,0.962065095398429,FALSE
"SPCA","Int-Euclidean","B_TC",0.00428849902534112,FALSE,NA,FALSE
"SPCA","Int-Euclidean","Q_RE",0.949074074074074,TRUE,0.895206209707151,FALSE
"SPCA","Int-Euclidean","B_RE",0.0100833218880191,FALSE,NA,FALSE
"SPCA","Int-Euclidean","Q_LC",0.837037037037037,TRUE,0.798236331569665,FALSE
"SPCA","Int-Euclidean","B_LC",0.00740740740740742,FALSE,NA,FALSE
"SPCA","Hausdorff","Q_TC",0.981481481481481,TRUE,0.960397627064294,FALSE
"SPCA","Hausdorff","B_TC",0.000389863547758273,FALSE,NA,FALSE
"SPCA","Hausdorff","Q_RE",0.952742297303484,TRUE,0.902754565654754,FALSE
"SPCA","Hausdorff","B_RE",0.0110561736025271,FALSE,NA,FALSE
"SPCA","Hausdorff","Q_LC",0.822222222222222,TRUE,0.77989417989418,FALSE
"SPCA","Hausdorff","B_LC",0.0814814814814815,FALSE,NA,FALSE
"SPCA","Ichino-Yaguchi","Q_TC",0.979337231968811,TRUE,0.955812089145423,FALSE
"SPCA","Ichino-Yaguchi","B_TC",-0.000779727095516547,FALSE,NA,FALSE
"SPCA","Ichino-Yaguchi","Q_RE",0.956221672847136,TRUE,0.909914316693978,FALSE
"SPCA","Ichino-Yaguchi","B_RE",0.00830929817332783,FALSE,NA,FALSE
"SPCA","Ichino-Yaguchi","Q_LC",0.814814814814815,TRUE,0.770723104056437,FALSE
"SPCA","Ichino-Yaguchi","B_LC",0.0740740740740741,FALSE,NA,FALSE
"SPCA","Wasserstein","Q_TC",0.979727095516569,TRUE,0.95664582331249,FALSE
"SPCA","Wasserstein","B_TC",-0.000779727095516547,FALSE,NA,FALSE
"SPCA","Wasserstein","Q_RE",0.961309115048299,TRUE,0.920383097407579,FALSE
"SPCA","Wasserstein","B_RE",0.0110218376596621,FALSE,NA,FALSE
"SPCA","Wasserstein","Q_LC",0.814814814814815,TRUE,0.770723104056437,FALSE
"SPCA","Wasserstein","B_LC",0.0814814814814815,FALSE,NA,FALSE
"SPCA","Centers-Euclidean","Q_TC",0.978557504873294,TRUE,0.954144620811288,FALSE
"SPCA","Centers-Euclidean","B_TC",0.000779727095516658,FALSE,NA,FALSE
"SPCA","Centers-Euclidean","Q_RE",0.960673900105297,TRUE,0.919075971806669,FALSE
"SPCA","Centers-Euclidean","B_RE",0.0113537517740237,FALSE,NA,FALSE
"SPCA","Centers-Euclidean","Q_LC",0.807407407407407,TRUE,0.761552028218695,FALSE
"SPCA","Centers-Euclidean","B_LC",0.0962962962962963,TRUE,NA,FALSE
"IMDS","Int-Euclidean","Q_TC",0.564912280701754,FALSE,0.0695526695526696,FALSE
"IMDS","Int-Euclidean","B_TC",0.016374269005848,FALSE,NA,FALSE
"IMDS","Int-Euclidean","Q_RE",0.532338735521677,FALSE,0.037661160071706,FALSE
"IMDS","Int-Euclidean","B_RE",0.0467769994964062,FALSE,NA,FALSE
"IMDS","Int-Euclidean","Q_LC",0.222222222222222,FALSE,0.037037037037037,FALSE
"IMDS","Int-Euclidean","B_LC",0.0148148148148148,FALSE,NA,FALSE
"IMDS","Hausdorff","Q_TC",0.577582846003899,FALSE,0.0966490299823634,FALSE
"IMDS","Hausdorff","B_TC",0.0323586744639377,FALSE,NA,FALSE
"IMDS","Hausdorff","Q_RE",0.571189854873415,FALSE,0.117607788040933,FALSE
"IMDS","Hausdorff","B_RE",0.0188160966900151,FALSE,NA,FALSE
"IMDS","Hausdorff","Q_LC",0.244444444444444,FALSE,0.0645502645502645,FALSE
"IMDS","Hausdorff","B_LC",0.0518518518518519,FALSE,NA,FALSE
"IMDS","Ichino-Yaguchi","Q_TC",0.562573099415205,FALSE,0.0645502645502647,FALSE
"IMDS","Ichino-Yaguchi","B_TC",0.0428849902534113,FALSE,NA,FALSE
"IMDS","Ichino-Yaguchi","Q_RE",0.556557020555784,FALSE,0.0874967955947239,FALSE
"IMDS","Ichino-Yaguchi","B_RE",0.0451517648674633,FALSE,NA,FALSE
"IMDS","Ichino-Yaguchi","Q_LC",0.22962962962963,FALSE,0.0462081128747795,FALSE
"IMDS","Ichino-Yaguchi","B_LC",0.0148148148148148,FALSE,NA,FALSE
"IMDS","Wasserstein","Q_TC",0.570175438596491,FALSE,0.0808080808080809,FALSE
"IMDS","Wasserstein","B_TC",0.015204678362573,FALSE,NA,FALSE
"IMDS","Wasserstein","Q_RE",0.557072059698759,FALSE,0.0885566271630301,FALSE
"IMDS","Wasserstein","B_RE",0.0246188710341985,FALSE,NA,FALSE
"IMDS","Wasserstein","Q_LC",0.237037037037037,FALSE,0.055379188712522,FALSE
"IMDS","Wasserstein","B_LC",0.037037037037037,FALSE,NA,FALSE
"IMDS","Centers-Euclidean","Q_TC",0.56374269005848,FALSE,0.0670514670514671,FALSE
"IMDS","Centers-Euclidean","B_TC",0.0288499025341131,FALSE,NA,FALSE
"IMDS","Centers-Euclidean","Q_RE",0.559046376413496,FALSE,0.0926193148415371,FALSE
"IMDS","Centers-Euclidean","B_RE",0.0289337545208991,FALSE,NA,FALSE
"IMDS","Centers-Euclidean","Q_LC",0.214814814814815,FALSE,0.0278659611992945,FALSE
"IMDS","Centers-Euclidean","B_LC",0,FALSE,NA,FALSE
"Int-UMAP","Int-Euclidean","Q_TC",0.817738791423002,TRUE,0.610229276895944,TRUE
"Int-UMAP","Int-Euclidean","B_TC",0.042495126705653,FALSE,NA,TRUE
"Int-UMAP","Int-Euclidean","Q_RE",0.785554868836698,TRUE,0.558721462676265,TRUE
"Int-UMAP","Int-Euclidean","B_RE",0.088552396648812,FALSE,NA,TRUE
"Int-UMAP","Int-Euclidean","Q_LC",0.555555555555556,TRUE,0.44973544973545,TRUE
"Int-UMAP","Int-Euclidean","B_LC",0.0518518518518518,FALSE,NA,TRUE
"Int-UMAP","Hausdorff","Q_TC",0.760038986354776,TRUE,0.486836620169954,TRUE
"Int-UMAP","Hausdorff","B_TC",-0.0510721247563353,FALSE,NA,TRUE
"Int-UMAP","Hausdorff","Q_RE",0.859772009339376,TRUE,0.71144319166918,TRUE
"Int-UMAP","Hausdorff","B_RE",-0.0222725816050909,FALSE,NA,TRUE
"Int-UMAP","Hausdorff","Q_LC",0.533333333333333,TRUE,0.422222222222222,FALSE
"Int-UMAP","Hausdorff","B_LC",0.0148148148148148,FALSE,NA,TRUE
"Int-UMAP","Ichino-Yaguchi","Q_TC",0.793567251461988,TRUE,0.558537758537758,TRUE
"Int-UMAP","Ichino-Yaguchi","B_TC",0.00584795321637432,FALSE,NA,TRUE
"Int-UMAP","Ichino-Yaguchi","Q_RE",0.876751133086115,TRUE,0.74638230570434,TRUE
"Int-UMAP","Ichino-Yaguchi","B_RE",0.00287277388637092,FALSE,NA,TRUE
"Int-UMAP","Ichino-Yaguchi","Q_LC",0.555555555555556,TRUE,0.44973544973545,FALSE
"Int-UMAP","Ichino-Yaguchi","B_LC",0,FALSE,NA,FALSE
"Int-UMAP","Wasserstein","Q_TC",0.776218323586745,TRUE,0.521436588103255,TRUE
"Int-UMAP","Wasserstein","B_TC",-0.0226120857699805,FALSE,NA,TRUE
"Int-UMAP","Wasserstein","Q_RE",0.869803827313098,TRUE,0.732086355438521,TRUE
"Int-UMAP","Wasserstein","B_RE",-0.0104953532023989,FALSE,NA,TRUE
"Int-UMAP","Wasserstein","Q_LC",0.555555555555556,TRUE,0.44973544973545,FALSE
"Int-UMAP","Wasserstein","B_LC",-0.0222222222222222,FALSE,NA,TRUE
"Int-UMAP","Centers-Euclidean","Q_TC",0.775243664717349,TRUE,0.519352252685586,TRUE
"Int-UMAP","Centers-Euclidean","B_TC",-0.0276803118908382,FALSE,NA,TRUE
"Int-UMAP","Centers-Euclidean","Q_RE",0.860069587510873,TRUE,0.712055538797535,TRUE
"Int-UMAP","Centers-Euclidean","B_RE",-0.00132765645744631,FALSE,NA,TRUE
"Int-UMAP","Centers-Euclidean","Q_LC",0.555555555555556,TRUE,0.44973544973545,FALSE
"Int-UMAP","Centers-Euclidean","B_LC",-0.0296296296296296,FALSE,NA,TRUE
