"dataset","IDR","Metric","test","old_raw","new_raw","raw_delta","old_adj","new_adj","adj_delta","old_marker","new_marker","marker_flip"
"Face","C-PCA","Int-Euclidean","Q_TC",0.001,0.001,0,0.001,0.003,0.002,TRUE,TRUE,FALSE
"Face","C-PCA","Int-Euclidean","B_TC",0.919,0.917,-0.002,1,1,0,FALSE,FALSE,FALSE
"Face","C-PCA","Int-Euclidean","Q_RE",0.001,0.001,0,0.001,0.003,0.002,TRUE,TRUE,FALSE
"Face","C-PCA","Int-Euclidean","B_RE",0.84,0.829,-0.011,0.999,0.999,0,FALSE,FALSE,FALSE
"Face","C-PCA","Int-Euclidean","Q_LC",0.001,0.001,0,0.001,0.003,0.002,TRUE,TRUE,FALSE
"Face","C-PCA","Int-Euclidean","B_LC",0.781,0.784,0.003,0.999,0.999,0,FALSE,FALSE,FALSE
"Face","C-PCA","Hausdorff","Q_TC",0.001,0.001,0,0.001,0.003,0.002,TRUE,TRUE,FALSE
"Face","C-PCA","Hausdorff","B_TC",0.997,0.996,-0.001,1,1,0,FALSE,FALSE,FALSE
"Face","C-PCA","Hausdorff","Q_RE",0.001,0.001,0,0.001,0.003,0.002,TRUE,TRUE,FALSE
"Face","C-PCA","Hausdorff","B_RE",0.815,0.81,-0.00499999999999989,0.999,0.999,0,FALSE,FALSE,FALSE
"Face","C-PCA","Hausdorff","Q_LC",0.001,0.001,0,0.001,0.003,0.002,TRUE,TRUE,FALSE
"Face","C-PCA","Hausdorff","B_LC",0.015,0.015,0,0.06,0.061,0.001,FALSE,FALSE,FALSE
"Face","C-PCA","Ichino-Yaguchi","Q_TC",0.001,0.001,0,0.001,0.003,0.002,TRUE,TRUE,FALSE
"Face","C-PCA","Ichino-Yaguchi","B_TC",0.984,0.988,0.004,1,1,0,FALSE,FALSE,FALSE
"Face","C-PCA","Ichino-Yaguchi","Q_RE",0.001,0.001,0,0.001,0.003,0.002,TRUE,TRUE,FALSE
"Face","C-PCA","Ichino-Yaguchi","B_RE",0.88,0.871,-0.00900000000000001,1,1,0,FALSE,FALSE,FALSE
"Face","C-PCA","Ichino-Yaguchi","Q_LC",0.001,0.001,0,0.001,0.003,0.002,TRUE,TRUE,FALSE
"Face","C-PCA","Ichino-Yaguchi","B_LC",0.036,0.037,0.001,0.138,0.131,-0.00700000000000001,FALSE,FALSE,FALSE
"Face","C-PCA","Wasserstein","Q_TC",0.001,0.001,0,0.001,0.003,0.002,TRUE,TRUE,FALSE
"Face","C-PCA","Wasserstein","B_TC",0.985,0.984,-0.001,1,1,0,FALSE,FALSE,FALSE
"Face","C-PCA","Wasserstein","Q_RE",0.001,0.001,0,0.001,0.003,0.002,TRUE,TRUE,FALSE
"Face","C-PCA","Wasserstein","B_RE",0.828,0.818,-0.01,0.999,0.999,0,FALSE,FALSE,FALSE
"Face","C-PCA","Wasserstein","Q_LC",0.001,0.001,0,0.001,0.003,0.002,TRUE,TRUE,FALSE
"Face","C-PCA","Wasserstein","B_LC",0.031,0.029,-0.002,0.121,0.113,-0.00799999999999999,FALSE,FALSE,FALSE
"Face","C-PCA","Centers-Euclidean","Q_TC",0.001,0.001,0,0.001,0.003,0.002,TRUE,TRUE,FALSE
"Face","C-PCA","Centers-Euclidean","B_TC",0.98,0.982,0.002,1,1,0,FALSE,FALSE,FALSE
"Face","C-PCA","Centers-Euclidean","Q_RE",0.001,0.001,0,0.001,0.003,0.002,TRUE,TRUE,FALSE
"Face","C-PCA","Centers-Euclidean","B_RE",0.809,0.804,-0.005,0.999,0.998,-0.001,FALSE,FALSE,FALSE
"Face","C-PCA","Centers-Euclidean","Q_LC",0.001,0.001,0,0.001,0.003,0.002,TRUE,TRUE,FALSE
"Face","C-PCA","Centers-Euclidean","B_LC",0.005,0.004,-0.001,0.019,0.016,-0.003,TRUE,TRUE,FALSE
"Face","V-PCA","Int-Euclidean","Q_TC",0.001,0.001,0,0.001,0.003,0.002,TRUE,TRUE,FALSE
"Face","V-PCA","Int-Euclidean","B_TC",0.89,0.896,0.00600000000000001,1,1,0,FALSE,FALSE,FALSE
"Face","V-PCA","Int-Euclidean","Q_RE",0.001,0.001,0,0.001,0.006,0.005,TRUE,TRUE,FALSE
"Face","V-PCA","Int-Euclidean","B_RE",0.824,0.825,0.001,1,1,0,FALSE,FALSE,FALSE
"Face","V-PCA","Int-Euclidean","Q_LC",0.001,0.001,0,0.001,0.003,0.002,TRUE,TRUE,FALSE
"Face","V-PCA","Int-Euclidean","B_LC",0.782,0.782,0,0.996,0.997,0.001,FALSE,FALSE,FALSE
"Face","V-PCA","Hausdorff","Q_TC",0.001,0.001,0,0.001,0.003,0.002,TRUE,TRUE,FALSE
"Face","V-PCA","Hausdorff","B_TC",0.989,0.991,0.002,1,1,0,FALSE,FALSE,FALSE
"Face","V-PCA","Hausdorff","Q_RE",0.001,0.001,0,0.001,0.006,0.005,TRUE,TRUE,FALSE
"Face","V-PCA","Hausdorff","B_RE",0.802,0.803,0.001,0.999,0.999,0,FALSE,FALSE,FALSE
"Face","V-PCA","Hausdorff","Q_LC",0.001,0.001,0,0.001,0.003,0.002,TRUE,TRUE,FALSE
"Face","V-PCA","Hausdorff","B_LC",0.026,0.024,-0.002,0.082,0.077,-0.005,FALSE,FALSE,FALSE
"Face","V-PCA","Ichino-Yaguchi","Q_TC",0.001,0.001,0,0.001,0.003,0.002,TRUE,TRUE,FALSE
"Face","V-PCA","Ichino-Yaguchi","B_TC",0.99,0.989,-0.001,1,1,0,FALSE,FALSE,FALSE
"Face","V-PCA","Ichino-Yaguchi","Q_RE",0.001,0.001,0,0.001,0.006,0.005,TRUE,TRUE,FALSE
"Face","V-PCA","Ichino-Yaguchi","B_RE",0.802,0.82,0.0179999999999999,0.999,1,0.001,FALSE,FALSE,FALSE
"Face","V-PCA","Ichino-Yaguchi","Q_LC",0.001,0.001,0,0.001,0.003,0.002,TRUE,TRUE,FALSE
"Face","V-PCA","Ichino-Yaguchi","B_LC",0.041,0.041,0,0.137,0.144,0.00699999999999998,FALSE,FALSE,FALSE
"Face","V-PCA","Wasserstein","Q_TC",0.001,0.001,0,0.001,0.003,0.002,TRUE,TRUE,FALSE
"Face","V-PCA","Wasserstein","B_TC",0.964,0.968,0.004,1,1,0,FALSE,FALSE,FALSE
"Face","V-PCA","Wasserstein","Q_RE",0.001,0.001,0,0.001,0.006,0.005,TRUE,TRUE,FALSE
"Face","V-PCA","Wasserstein","B_RE",0.796,0.806,0.01,0.999,0.999,0,FALSE,FALSE,FALSE
"Face","V-PCA","Wasserstein","Q_LC",0.001,0.001,0,0.001,0.003,0.002,TRUE,TRUE,FALSE
"Face","V-PCA","Wasserstein","B_LC",0.017,0.017,0,0.056,0.06,0.004,FALSE,FALSE,FALSE
"Face","V-PCA","Centers-Euclidean","Q_TC",0.001,0.001,0,0.001,0.003,0.002,TRUE,TRUE,FALSE
"Face","V-PCA","Centers-Euclidean","B_TC",0.99,0.994,0.004,1,1,0,FALSE,FALSE,FALSE
"Face","V-PCA","Centers-Euclidean","Q_RE",0.001,0.001,0,0.001,0.006,0.005,TRUE,TRUE,FALSE
"Face","V-PCA","Centers-Euclidean","B_RE",0.787,0.798,0.011,0.999,0.999,0,FALSE,FALSE,FALSE
"Face","V-PCA","Centers-Euclidean","Q_LC",0.001,0.001,0,0.001,0.003,0.002,TRUE,TRUE,FALSE
"Face","V-PCA","Centers-Euclidean","B_LC",0.013,0.012,-0.000999999999999999,0.042,0.043,0.000999999999999994,TRUE,TRUE,FALSE
"Face","MR-PCA","Int-Euclidean","Q_TC",0.001,0.001,0,0.001,0.002,0.001,TRUE,TRUE,FALSE
"Face","MR-PCA","Int-Euclidean","B_TC",0.898,0.904,0.00600000000000001,1,1,0,FALSE,FALSE,FALSE
"Face","MR-PCA","Int-Euclidean","Q_RE",0.001,0.001,0,0.001,0.004,0.003,TRUE,TRUE,FALSE
"Face","MR-PCA","Int-Euclidean","B_RE",0.866,0.877,0.011,1,1,0,FALSE,FALSE,FALSE
"Face","MR-PCA","Int-Euclidean","Q_LC",0.001,0.001,0,0.001,0.005,0.004,TRUE,TRUE,FALSE
"Face","MR-PCA","Int-Euclidean","B_LC",0.791,0.789,-0.002,0.998,0.996,-0.002,FALSE,FALSE,FALSE
"Face","MR-PCA","Hausdorff","Q_TC",0.001,0.001,0,0.001,0.002,0.001,TRUE,TRUE,FALSE
"Face","MR-PCA","Hausdorff","B_TC",1,1,0,1,1,0,FALSE,FALSE,FALSE
"Face","MR-PCA","Hausdorff","Q_RE",0.001,0.001,0,0.001,0.004,0.003,TRUE,TRUE,FALSE
"Face","MR-PCA","Hausdorff","B_RE",0.875,0.885,0.01,1,1,0,FALSE,FALSE,FALSE
"Face","MR-PCA","Hausdorff","Q_LC",0.001,0.001,0,0.001,0.005,0.004,TRUE,TRUE,FALSE
"Face","MR-PCA","Hausdorff","B_LC",0.082,0.091,0.00899999999999999,0.261,0.292,0.031,FALSE,FALSE,FALSE
"Face","MR-PCA","Ichino-Yaguchi","Q_TC",0.001,0.001,0,0.001,0.002,0.001,TRUE,TRUE,FALSE
"Face","MR-PCA","Ichino-Yaguchi","B_TC",0.958,0.957,-0.001,1,1,0,FALSE,FALSE,FALSE
"Face","MR-PCA","Ichino-Yaguchi","Q_RE",0.001,0.001,0,0.001,0.004,0.003,TRUE,TRUE,FALSE
"Face","MR-PCA","Ichino-Yaguchi","B_RE",0.686,0.679,-0.00700000000000001,0.985,0.985,0,FALSE,FALSE,FALSE
"Face","MR-PCA","Ichino-Yaguchi","Q_LC",0.001,0.001,0,0.001,0.005,0.004,TRUE,TRUE,FALSE
"Face","MR-PCA","Ichino-Yaguchi","B_LC",0.013,0.017,0.004,0.05,0.064,0.014,TRUE,FALSE,TRUE
"Face","MR-PCA","Wasserstein","Q_TC",0.001,0.001,0,0.001,0.002,0.001,TRUE,TRUE,FALSE
"Face","MR-PCA","Wasserstein","B_TC",0.996,0.996,0,1,1,0,FALSE,FALSE,FALSE
"Face","MR-PCA","Wasserstein","Q_RE",0.001,0.001,0,0.001,0.004,0.003,TRUE,TRUE,FALSE
"Face","MR-PCA","Wasserstein","B_RE",0.857,0.854,-0.003,1,1,0,FALSE,FALSE,FALSE
"Face","MR-PCA","Wasserstein","Q_LC",0.001,0.001,0,0.001,0.005,0.004,TRUE,TRUE,FALSE
"Face","MR-PCA","Wasserstein","B_LC",0.129,0.137,0.00800000000000001,0.377,0.405,0.028,FALSE,FALSE,FALSE
"Face","MR-PCA","Centers-Euclidean","Q_TC",0.001,0.001,0,0.001,0.002,0.001,TRUE,TRUE,FALSE
"Face","MR-PCA","Centers-Euclidean","B_TC",0.973,0.98,0.00700000000000001,1,1,0,FALSE,FALSE,FALSE
"Face","MR-PCA","Centers-Euclidean","Q_RE",0.001,0.001,0,0.001,0.004,0.003,TRUE,TRUE,FALSE
"Face","MR-PCA","Centers-Euclidean","B_RE",0.803,0.799,-0.004,0.998,1,0.002,FALSE,FALSE,FALSE
"Face","MR-PCA","Centers-Euclidean","Q_LC",0.001,0.001,0,0.001,0.005,0.004,TRUE,TRUE,FALSE
"Face","MR-PCA","Centers-Euclidean","B_LC",0.01,0.011,0.000999999999999999,0.038,0.038,0,TRUE,TRUE,FALSE
"Face","SPCA","Int-Euclidean","Q_TC",0.001,0.001,0,0.001,0.002,0.001,TRUE,TRUE,FALSE
"Face","SPCA","Int-Euclidean","B_TC",0.919,0.915,-0.004,1,1,0,FALSE,FALSE,FALSE
"Face","SPCA","Int-Euclidean","Q_RE",0.001,0.001,0,0.001,0.004,0.003,TRUE,TRUE,FALSE
"Face","SPCA","Int-Euclidean","B_RE",0.82,0.81,-0.0099999999999999,0.999,0.999,0,FALSE,FALSE,FALSE
"Face","SPCA","Int-Euclidean","Q_LC",0.001,0.001,0,0.001,0.004,0.003,TRUE,TRUE,FALSE
"Face","SPCA","Int-Euclidean","B_LC",0.794,0.797,0.003,0.997,0.997,0,FALSE,FALSE,FALSE
"Face","SPCA","Hausdorff","Q_TC",0.001,0.001,0,0.001,0.002,0.001,TRUE,TRUE,FALSE
"Face","SPCA","Hausdorff","B_TC",0.994,0.995,0.001,1,1,0,FALSE,FALSE,FALSE
"Face","SPCA","Hausdorff","Q_RE",0.001,0.001,0,0.001,0.004,0.003,TRUE,TRUE,FALSE
"Face","SPCA","Hausdorff","B_RE",0.811,0.811,0,0.999,0.999,0,FALSE,FALSE,FALSE
"Face","SPCA","Hausdorff","Q_LC",0.001,0.001,0,0.001,0.004,0.003,TRUE,TRUE,FALSE
"Face","SPCA","Hausdorff","B_LC",0.027,0.023,-0.004,0.1,0.084,-0.016,FALSE,FALSE,FALSE
"Face","SPCA","Ichino-Yaguchi","Q_TC",0.001,0.001,0,0.001,0.002,0.001,TRUE,TRUE,FALSE
"Face","SPCA","Ichino-Yaguchi","B_TC",0.986,0.989,0.003,1,1,0,FALSE,FALSE,FALSE
"Face","SPCA","Ichino-Yaguchi","Q_RE",0.001,0.001,0,0.001,0.004,0.003,TRUE,TRUE,FALSE
"Face","SPCA","Ichino-Yaguchi","B_RE",0.849,0.865,0.016,1,1,0,FALSE,FALSE,FALSE
"Face","SPCA","Ichino-Yaguchi","Q_LC",0.001,0.001,0,0.001,0.004,0.003,TRUE,TRUE,FALSE
"Face","SPCA","Ichino-Yaguchi","B_LC",0.041,0.045,0.004,0.141,0.154,0.013,FALSE,FALSE,FALSE
"Face","SPCA","Wasserstein","Q_TC",0.001,0.001,0,0.001,0.002,0.001,TRUE,TRUE,FALSE
"Face","SPCA","Wasserstein","B_TC",0.988,0.988,0,1,1,0,FALSE,FALSE,FALSE
"Face","SPCA","Wasserstein","Q_RE",0.001,0.001,0,0.001,0.004,0.003,TRUE,TRUE,FALSE
"Face","SPCA","Wasserstein","B_RE",0.809,0.815,0.00599999999999989,0.999,0.999,0,FALSE,FALSE,FALSE
"Face","SPCA","Wasserstein","Q_LC",0.001,0.001,0,0.001,0.004,0.003,TRUE,TRUE,FALSE
"Face","SPCA","Wasserstein","B_LC",0.036,0.039,0.003,0.124,0.131,0.00700000000000001,FALSE,FALSE,FALSE
"Face","SPCA","Centers-Euclidean","Q_TC",0.001,0.001,0,0.001,0.002,0.001,TRUE,TRUE,FALSE
"Face","SPCA","Centers-Euclidean","B_TC",0.984,0.977,-0.00700000000000001,1,1,0,FALSE,FALSE,FALSE
"Face","SPCA","Centers-Euclidean","Q_RE",0.001,0.001,0,0.001,0.004,0.003,TRUE,TRUE,FALSE
"Face","SPCA","Centers-Euclidean","B_RE",0.794,0.803,0.00900000000000001,0.999,0.999,0,FALSE,FALSE,FALSE
"Face","SPCA","Centers-Euclidean","Q_LC",0.001,0.001,0,0.001,0.004,0.003,TRUE,TRUE,FALSE
"Face","SPCA","Centers-Euclidean","B_LC",0.009,0.01,0.001,0.034,0.037,0.003,TRUE,TRUE,FALSE
"Face","IMDS","Int-Euclidean","Q_TC",0.123,0.124,0.001,0.445,0.444,-0.001,FALSE,FALSE,FALSE
"Face","IMDS","Int-Euclidean","B_TC",0.637,0.655,0.018,0.99,0.99,0,FALSE,FALSE,FALSE
"Face","IMDS","Int-Euclidean","Q_RE",0.232,0.221,-0.011,0.713,0.683,-0.0299999999999999,FALSE,FALSE,FALSE
"Face","IMDS","Int-Euclidean","B_RE",0.233,0.225,-0.00800000000000001,0.715,0.69,-0.025,FALSE,FALSE,FALSE
"Face","IMDS","Int-Euclidean","Q_LC",0.182,0.192,0.01,0.654,0.678,0.024,FALSE,FALSE,FALSE
"Face","IMDS","Int-Euclidean","B_LC",0.751,0.735,-0.016,0.999,1,0.001,FALSE,FALSE,FALSE
"Face","IMDS","Hausdorff","Q_TC",0.058,0.061,0.003,0.24,0.257,0.017,FALSE,FALSE,FALSE
"Face","IMDS","Hausdorff","B_TC",0.327,0.344,0.017,0.799,0.813,0.0139999999999999,FALSE,FALSE,FALSE
"Face","IMDS","Hausdorff","Q_RE",0.024,0.021,-0.003,0.127,0.106,-0.021,FALSE,FALSE,FALSE
"Face","IMDS","Hausdorff","B_RE",0.624,0.631,0.00700000000000001,0.992,0.991,-0.001,FALSE,FALSE,FALSE
"Face","IMDS","Hausdorff","Q_LC",0.077,0.084,0.00700000000000001,0.337,0.377,0.04,FALSE,FALSE,FALSE
"Face","IMDS","Hausdorff","B_LC",0.113,0.114,0.001,0.463,0.488,0.025,FALSE,FALSE,FALSE
"Face","IMDS","Ichino-Yaguchi","Q_TC",0.123,0.124,0.001,0.445,0.444,-0.001,FALSE,FALSE,FALSE
"Face","IMDS","Ichino-Yaguchi","B_TC",0.192,0.195,0.003,0.607,0.589,-0.018,FALSE,FALSE,FALSE
"Face","IMDS","Ichino-Yaguchi","Q_RE",0.07,0.057,-0.013,0.314,0.258,-0.056,FALSE,FALSE,FALSE
"Face","IMDS","Ichino-Yaguchi","B_RE",0.195,0.197,0.002,0.647,0.645,-0.002,FALSE,FALSE,FALSE
"Face","IMDS","Ichino-Yaguchi","Q_LC",0.149,0.152,0.003,0.577,0.592,0.015,FALSE,FALSE,FALSE
"Face","IMDS","Ichino-Yaguchi","B_LC",0.73,0.732,0.002,0.999,0.999,0,FALSE,FALSE,FALSE
"Face","IMDS","Wasserstein","Q_TC",0.087,0.077,-0.01,0.346,0.3,-0.046,FALSE,FALSE,FALSE
"Face","IMDS","Wasserstein","B_TC",0.609,0.642,0.033,0.986,0.988,0.002,FALSE,FALSE,FALSE
"Face","IMDS","Wasserstein","Q_RE",0.064,0.054,-0.01,0.298,0.249,-0.049,FALSE,FALSE,FALSE
"Face","IMDS","Wasserstein","B_RE",0.493,0.503,0.01,0.951,0.959,0.00800000000000001,FALSE,FALSE,FALSE
"Face","IMDS","Wasserstein","Q_LC",0.099,0.103,0.00399999999999999,0.42,0.455,0.035,FALSE,FALSE,FALSE
"Face","IMDS","Wasserstein","B_LC",0.287,0.293,0.00600000000000001,0.811,0.816,0.00499999999999989,FALSE,FALSE,FALSE
"Face","IMDS","Centers-Euclidean","Q_TC",0.117,0.12,0.00299999999999999,0.426,0.435,0.00900000000000001,FALSE,FALSE,FALSE
"Face","IMDS","Centers-Euclidean","B_TC",0.379,0.387,0.00800000000000001,0.854,0.856,0.002,FALSE,FALSE,FALSE
"Face","IMDS","Centers-Euclidean","Q_RE",0.057,0.051,-0.00600000000000001,0.269,0.24,-0.029,FALSE,FALSE,FALSE
"Face","IMDS","Centers-Euclidean","B_RE",0.417,0.43,0.013,0.911,0.928,0.017,FALSE,FALSE,FALSE
"Face","IMDS","Centers-Euclidean","Q_LC",0.272,0.285,0.013,0.797,0.808,0.011,FALSE,FALSE,FALSE
"Face","IMDS","Centers-Euclidean","B_LC",1,1,0,1,1,0,FALSE,FALSE,FALSE
"Face","Int-UMAP","Int-Euclidean","Q_TC",0.001,0.001,0,0.001,0.005,0.004,TRUE,TRUE,FALSE
"Face","Int-UMAP","Int-Euclidean","B_TC",0.017,0.259,0.242,0.074,0.677,0.603,FALSE,FALSE,FALSE
"Face","Int-UMAP","Int-Euclidean","Q_RE",0.001,0.001,0,0.001,0.005,0.004,TRUE,TRUE,FALSE
"Face","Int-UMAP","Int-Euclidean","B_RE",0.111,0.054,-0.057,0.408,0.218,-0.19,FALSE,FALSE,FALSE
"Face","Int-UMAP","Int-Euclidean","Q_LC",0.001,0.001,0,0.001,0.003,0.002,TRUE,TRUE,FALSE
"Face","Int-UMAP","Int-Euclidean","B_LC",0.055,0.156,0.101,0.209,0.488,0.279,FALSE,FALSE,FALSE
"Face","Int-UMAP","Hausdorff","Q_TC",0.001,0.001,0,0.001,0.005,0.004,TRUE,TRUE,FALSE
"Face","Int-UMAP","Hausdorff","B_TC",0.545,0.178,-0.367,0.957,0.523,-0.434,FALSE,FALSE,FALSE
"Face","Int-UMAP","Hausdorff","Q_RE",0.001,0.001,0,0.001,0.005,0.004,TRUE,TRUE,FALSE
"Face","Int-UMAP","Hausdorff","B_RE",0.856,0.6,-0.256,1,0.981,-0.019,FALSE,FALSE,FALSE
"Face","Int-UMAP","Hausdorff","Q_LC",0.001,0.001,0,0.001,0.003,0.002,TRUE,TRUE,FALSE
"Face","Int-UMAP","Hausdorff","B_LC",0.801,0.766,-0.035,0.999,0.999,0,FALSE,FALSE,FALSE
"Face","Int-UMAP","Ichino-Yaguchi","Q_TC",0.001,0.001,0,0.001,0.005,0.004,TRUE,TRUE,FALSE
"Face","Int-UMAP","Ichino-Yaguchi","B_TC",0.676,0.86,0.184,0.988,1,0.012,FALSE,FALSE,FALSE
"Face","Int-UMAP","Ichino-Yaguchi","Q_RE",0.001,0.001,0,0.001,0.005,0.004,TRUE,TRUE,FALSE
"Face","Int-UMAP","Ichino-Yaguchi","B_RE",0.89,0.929,0.039,1,1,0,FALSE,FALSE,FALSE
"Face","Int-UMAP","Ichino-Yaguchi","Q_LC",0.001,0.001,0,0.001,0.003,0.002,TRUE,TRUE,FALSE
"Face","Int-UMAP","Ichino-Yaguchi","B_LC",1,1,0,1,1,0,FALSE,FALSE,FALSE
"Face","Int-UMAP","Wasserstein","Q_TC",0.001,0.001,0,0.001,0.005,0.004,TRUE,TRUE,FALSE
"Face","Int-UMAP","Wasserstein","B_TC",0.931,0.508,-0.423,1,0.929,-0.071,FALSE,FALSE,FALSE
"Face","Int-UMAP","Wasserstein","Q_RE",0.001,0.001,0,0.001,0.005,0.004,TRUE,TRUE,FALSE
"Face","Int-UMAP","Wasserstein","B_RE",0.945,0.777,-0.168,1,0.998,-0.002,FALSE,FALSE,FALSE
"Face","Int-UMAP","Wasserstein","Q_LC",0.001,0.001,0,0.001,0.003,0.002,TRUE,TRUE,FALSE
"Face","Int-UMAP","Wasserstein","B_LC",0.38,0.573,0.193,0.861,0.966,0.105,FALSE,FALSE,FALSE
"Face","Int-UMAP","Centers-Euclidean","Q_TC",0.001,0.001,0,0.001,0.005,0.004,TRUE,TRUE,FALSE
"Face","Int-UMAP","Centers-Euclidean","B_TC",0.619,0.428,-0.191,0.978,0.879,-0.099,FALSE,FALSE,FALSE
"Face","Int-UMAP","Centers-Euclidean","Q_RE",0.001,0.001,0,0.001,0.005,0.004,TRUE,TRUE,FALSE
"Face","Int-UMAP","Centers-Euclidean","B_RE",0.928,0.974,0.0459999999999999,1,1,0,FALSE,FALSE,FALSE
"Face","Int-UMAP","Centers-Euclidean","Q_LC",0.001,0.001,0,0.001,0.003,0.002,TRUE,TRUE,FALSE
"Face","Int-UMAP","Centers-Euclidean","B_LC",0.512,0.377,-0.135,0.94,0.824,-0.116,FALSE,FALSE,FALSE
"USHCN","C-PCA","Int-Euclidean","Q_TC",0.001,0.001,0,0.001,0.005,0.004,TRUE,TRUE,FALSE
"USHCN","C-PCA","Int-Euclidean","B_TC",0.976,0.976,0,1,1,0,FALSE,FALSE,FALSE
"USHCN","C-PCA","Int-Euclidean","Q_RE",0.001,0.001,0,0.001,0.006,0.005,TRUE,TRUE,FALSE
"USHCN","C-PCA","Int-Euclidean","B_RE",0.984,0.984,0,1,1,0,FALSE,FALSE,FALSE
"USHCN","C-PCA","Int-Euclidean","Q_LC",0.001,0.001,0,0.001,0.001,0,TRUE,TRUE,FALSE
"USHCN","C-PCA","Int-Euclidean","B_LC",0.001,0.001,0,0.001,0.001,0,TRUE,TRUE,FALSE
"USHCN","C-PCA","Hausdorff","Q_TC",0.001,0.001,0,0.001,0.005,0.004,TRUE,TRUE,FALSE
"USHCN","C-PCA","Hausdorff","B_TC",0.695,0.695,0,1,1,0,FALSE,FALSE,FALSE
"USHCN","C-PCA","Hausdorff","Q_RE",0.001,0.001,0,0.001,0.006,0.005,TRUE,TRUE,FALSE
"USHCN","C-PCA","Hausdorff","B_RE",0.753,0.753,0,0.999,0.999,0,FALSE,FALSE,FALSE
"USHCN","C-PCA","Hausdorff","Q_LC",0.001,0.001,0,0.001,0.001,0,TRUE,TRUE,FALSE
"USHCN","C-PCA","Hausdorff","B_LC",0.001,0.001,0,0.001,0.001,0,TRUE,TRUE,FALSE
"USHCN","C-PCA","Ichino-Yaguchi","Q_TC",0.001,0.001,0,0.001,0.005,0.004,TRUE,TRUE,FALSE
"USHCN","C-PCA","Ichino-Yaguchi","B_TC",0.642,0.642,0,0.999,0.999,0,FALSE,FALSE,FALSE
"USHCN","C-PCA","Ichino-Yaguchi","Q_RE",0.001,0.001,0,0.001,0.006,0.005,TRUE,TRUE,FALSE
"USHCN","C-PCA","Ichino-Yaguchi","B_RE",0.667,0.667,0,0.996,0.996,0,FALSE,FALSE,FALSE
"USHCN","C-PCA","Ichino-Yaguchi","Q_LC",0.001,0.001,0,0.001,0.001,0,TRUE,TRUE,FALSE
"USHCN","C-PCA","Ichino-Yaguchi","B_LC",0.001,0.001,0,0.001,0.001,0,TRUE,TRUE,FALSE
"USHCN","C-PCA","Wasserstein","Q_TC",0.001,0.001,0,0.001,0.005,0.004,TRUE,TRUE,FALSE
"USHCN","C-PCA","Wasserstein","B_TC",0.653,0.653,0,0.999,0.999,0,FALSE,FALSE,FALSE
"USHCN","C-PCA","Wasserstein","Q_RE",0.001,0.001,0,0.001,0.006,0.005,TRUE,TRUE,FALSE
"USHCN","C-PCA","Wasserstein","B_RE",0.707,0.707,0,0.998,0.998,0,FALSE,FALSE,FALSE
"USHCN","C-PCA","Wasserstein","Q_LC",0.001,0.001,0,0.001,0.001,0,TRUE,TRUE,FALSE
"USHCN","C-PCA","Wasserstein","B_LC",0.001,0.001,0,0.001,0.001,0,TRUE,TRUE,FALSE
"USHCN","C-PCA","Centers-Euclidean","Q_TC",0.001,0.001,0,0.001,0.005,0.004,TRUE,TRUE,FALSE
"USHCN","C-PCA","Centers-Euclidean","B_TC",0.502,0.502,0,0.987,0.987,0,FALSE,FALSE,FALSE
"USHCN","C-PCA","Centers-Euclidean","Q_RE",0.001,0.001,0,0.001,0.006,0.005,TRUE,TRUE,FALSE
"USHCN","C-PCA","Centers-Euclidean","B_RE",0.48,0.48,0,0.984,0.984,0,FALSE,FALSE,FALSE
"USHCN","C-PCA","Centers-Euclidean","Q_LC",0.001,0.001,0,0.001,0.001,0,TRUE,TRUE,FALSE
"USHCN","C-PCA","Centers-Euclidean","B_LC",0.001,0.001,0,0.001,0.001,0,TRUE,TRUE,FALSE
"USHCN","V-PCA","Int-Euclidean","Q_TC",0.001,0.001,0,0.001,0.006,0.005,TRUE,TRUE,FALSE
"USHCN","V-PCA","Int-Euclidean","B_TC",0.974,0.974,0,1,1,0,FALSE,FALSE,FALSE
"USHCN","V-PCA","Int-Euclidean","Q_RE",0.001,0.001,0,0.001,0.006,0.005,TRUE,TRUE,FALSE
"USHCN","V-PCA","Int-Euclidean","B_RE",0.99,0.99,0,1,1,0,FALSE,FALSE,FALSE
"USHCN","V-PCA","Int-Euclidean","Q_LC",0.001,0.001,0,0.001,0.001,0,TRUE,TRUE,FALSE
"USHCN","V-PCA","Int-Euclidean","B_LC",0.001,0.001,0,0.001,0.001,0,TRUE,TRUE,FALSE
"USHCN","V-PCA","Hausdorff","Q_TC",0.001,0.001,0,0.001,0.006,0.005,TRUE,TRUE,FALSE
"USHCN","V-PCA","Hausdorff","B_TC",0.653,0.653,0,0.999,0.999,0,FALSE,FALSE,FALSE
"USHCN","V-PCA","Hausdorff","Q_RE",0.001,0.001,0,0.001,0.006,0.005,TRUE,TRUE,FALSE
"USHCN","V-PCA","Hausdorff","B_RE",0.786,0.786,0,0.999,0.999,0,FALSE,FALSE,FALSE
"USHCN","V-PCA","Hausdorff","Q_LC",0.001,0.001,0,0.001,0.001,0,TRUE,TRUE,FALSE
"USHCN","V-PCA","Hausdorff","B_LC",0.001,0.001,0,0.001,0.001,0,TRUE,TRUE,FALSE
"USHCN","V-PCA","Ichino-Yaguchi","Q_TC",0.001,0.001,0,0.001,0.006,0.005,TRUE,TRUE,FALSE
"USHCN","V-PCA","Ichino-Yaguchi","B_TC",0.623,0.623,0,0.998,0.998,0,FALSE,FALSE,FALSE
"USHCN","V-PCA","Ichino-Yaguchi","Q_RE",0.001,0.001,0,0.001,0.006,0.005,TRUE,TRUE,FALSE
"USHCN","V-PCA","Ichino-Yaguchi","B_RE",0.767,0.767,0,0.999,0.999,0,FALSE,FALSE,FALSE
"USHCN","V-PCA","Ichino-Yaguchi","Q_LC",0.001,0.001,0,0.001,0.001,0,TRUE,TRUE,FALSE
"USHCN","V-PCA","Ichino-Yaguchi","B_LC",0.001,0.001,0,0.001,0.001,0,TRUE,TRUE,FALSE
"USHCN","V-PCA","Wasserstein","Q_TC",0.001,0.001,0,0.001,0.006,0.005,TRUE,TRUE,FALSE
"USHCN","V-PCA","Wasserstein","B_TC",0.607,0.607,0,0.997,0.997,0,FALSE,FALSE,FALSE
"USHCN","V-PCA","Wasserstein","Q_RE",0.001,0.001,0,0.001,0.006,0.005,TRUE,TRUE,FALSE
"USHCN","V-PCA","Wasserstein","B_RE",0.703,0.703,0,0.999,0.999,0,FALSE,FALSE,FALSE
"USHCN","V-PCA","Wasserstein","Q_LC",0.001,0.001,0,0.001,0.001,0,TRUE,TRUE,FALSE
"USHCN","V-PCA","Wasserstein","B_LC",0.001,0.001,0,0.001,0.001,0,TRUE,TRUE,FALSE
"USHCN","V-PCA","Centers-Euclidean","Q_TC",0.001,0.001,0,0.001,0.006,0.005,TRUE,TRUE,FALSE
"USHCN","V-PCA","Centers-Euclidean","B_TC",0.351,0.351,0,0.944,0.944,0,FALSE,FALSE,FALSE
"USHCN","V-PCA","Centers-Euclidean","Q_RE",0.001,0.001,0,0.001,0.006,0.005,TRUE,TRUE,FALSE
"USHCN","V-PCA","Centers-Euclidean","B_RE",0.399,0.399,0,0.954,0.954,0,FALSE,FALSE,FALSE
"USHCN","V-PCA","Centers-Euclidean","Q_LC",0.001,0.001,0,0.001,0.001,0,TRUE,TRUE,FALSE
"USHCN","V-PCA","Centers-Euclidean","B_LC",0.001,0.001,0,0.001,0.001,0,TRUE,TRUE,FALSE
"USHCN","MR-PCA","Int-Euclidean","Q_TC",0.001,0.001,0,0.001,0.005,0.004,TRUE,TRUE,FALSE
"USHCN","MR-PCA","Int-Euclidean","B_TC",0.388,0.388,0,0.922,0.922,0,FALSE,FALSE,FALSE
"USHCN","MR-PCA","Int-Euclidean","Q_RE",0.001,0.001,0,0.001,0.006,0.005,TRUE,TRUE,FALSE
"USHCN","MR-PCA","Int-Euclidean","B_RE",0.43,0.43,0,0.956,0.956,0,FALSE,FALSE,FALSE
"USHCN","MR-PCA","Int-Euclidean","Q_LC",0.001,0.001,0,0.001,0.001,0,TRUE,TRUE,FALSE
"USHCN","MR-PCA","Int-Euclidean","B_LC",0.001,0.001,0,0.001,0.001,0,TRUE,TRUE,FALSE
"USHCN","MR-PCA","Hausdorff","Q_TC",0.001,0.001,0,0.001,0.005,0.004,TRUE,TRUE,FALSE
"USHCN","MR-PCA","Hausdorff","B_TC",0.482,0.482,0,0.972,0.972,0,FALSE,FALSE,FALSE
"USHCN","MR-PCA","Hausdorff","Q_RE",0.001,0.001,0,0.001,0.006,0.005,TRUE,TRUE,FALSE
"USHCN","MR-PCA","Hausdorff","B_RE",0.636,0.636,0,0.999,0.999,0,FALSE,FALSE,FALSE
"USHCN","MR-PCA","Hausdorff","Q_LC",0.001,0.001,0,0.001,0.001,0,TRUE,TRUE,FALSE
"USHCN","MR-PCA","Hausdorff","B_LC",0.001,0.001,0,0.001,0.001,0,TRUE,TRUE,FALSE
"USHCN","MR-PCA","Ichino-Yaguchi","Q_TC",0.001,0.001,0,0.001,0.005,0.004,TRUE,TRUE,FALSE
"USHCN","MR-PCA","Ichino-Yaguchi","B_TC",0.235,0.235,0,0.758,0.759,0.001,FALSE,FALSE,FALSE
"USHCN","MR-PCA","Ichino-Yaguchi","Q_RE",0.001,0.001,0,0.001,0.006,0.005,TRUE,TRUE,FALSE
"USHCN","MR-PCA","Ichino-Yaguchi","B_RE",0.489,0.489,0,0.972,0.972,0,FALSE,FALSE,FALSE
"USHCN","MR-PCA","Ichino-Yaguchi","Q_LC",0.001,0.001,0,0.001,0.001,0,TRUE,TRUE,FALSE
"USHCN","MR-PCA","Ichino-Yaguchi","B_LC",0.001,0.001,0,0.001,0.001,0,TRUE,TRUE,FALSE
"USHCN","MR-PCA","Wasserstein","Q_TC",0.001,0.001,0,0.001,0.005,0.004,TRUE,TRUE,FALSE
"USHCN","MR-PCA","Wasserstein","B_TC",0.42,0.42,0,0.95,0.95,0,FALSE,FALSE,FALSE
"USHCN","MR-PCA","Wasserstein","Q_RE",0.001,0.001,0,0.001,0.006,0.005,TRUE,TRUE,FALSE
"USHCN","MR-PCA","Wasserstein","B_RE",0.6,0.6,0,0.997,0.997,0,FALSE,FALSE,FALSE
"USHCN","MR-PCA","Wasserstein","Q_LC",0.001,0.001,0,0.001,0.001,0,TRUE,TRUE,FALSE
"USHCN","MR-PCA","Wasserstein","B_LC",0.001,0.001,0,0.001,0.001,0,TRUE,TRUE,FALSE
"USHCN","MR-PCA","Centers-Euclidean","Q_TC",0.001,0.001,0,0.001,0.005,0.004,TRUE,TRUE,FALSE
"USHCN","MR-PCA","Centers-Euclidean","B_TC",0.472,0.472,0,0.97,0.97,0,FALSE,FALSE,FALSE
"USHCN","MR-PCA","Centers-Euclidean","Q_RE",0.001,0.001,0,0.001,0.006,0.005,TRUE,TRUE,FALSE
"USHCN","MR-PCA","Centers-Euclidean","B_RE",0.457,0.457,0,0.965,0.965,0,FALSE,FALSE,FALSE
"USHCN","MR-PCA","Centers-Euclidean","Q_LC",0.001,0.001,0,0.001,0.001,0,TRUE,TRUE,FALSE
"USHCN","MR-PCA","Centers-Euclidean","B_LC",0.001,0.001,0,0.001,0.001,0,TRUE,TRUE,FALSE
"USHCN","SPCA","Int-Euclidean","Q_TC",0.001,0.001,0,0.001,0.006,0.005,TRUE,TRUE,FALSE
"USHCN","SPCA","Int-Euclidean","B_TC",0.979,0.979,0,1,1,0,FALSE,FALSE,FALSE
"USHCN","SPCA","Int-Euclidean","Q_RE",0.001,0.001,0,0.001,0.004,0.003,TRUE,TRUE,FALSE
"USHCN","SPCA","Int-Euclidean","B_RE",0.99,0.99,0,1,1,0,FALSE,FALSE,FALSE
"USHCN","SPCA","Int-Euclidean","Q_LC",0.001,0.001,0,0.001,0.001,0,TRUE,TRUE,FALSE
"USHCN","SPCA","Int-Euclidean","B_LC",0.001,0.001,0,0.001,0.001,0,TRUE,TRUE,FALSE
"USHCN","SPCA","Hausdorff","Q_TC",0.001,0.001,0,0.001,0.006,0.005,TRUE,TRUE,FALSE
"USHCN","SPCA","Hausdorff","B_TC",0.665,0.665,0,0.998,0.998,0,FALSE,FALSE,FALSE
"USHCN","SPCA","Hausdorff","Q_RE",0.001,0.001,0,0.001,0.004,0.003,TRUE,TRUE,FALSE
"USHCN","SPCA","Hausdorff","B_RE",0.739,0.739,0,1,1,0,FALSE,FALSE,FALSE
"USHCN","SPCA","Hausdorff","Q_LC",0.001,0.001,0,0.001,0.001,0,TRUE,TRUE,FALSE
"USHCN","SPCA","Hausdorff","B_LC",0.001,0.001,0,0.001,0.001,0,TRUE,TRUE,FALSE
"USHCN","SPCA","Ichino-Yaguchi","Q_TC",0.001,0.001,0,0.001,0.006,0.005,TRUE,TRUE,FALSE
"USHCN","SPCA","Ichino-Yaguchi","B_TC",0.603,0.603,0,0.998,0.998,0,FALSE,FALSE,FALSE
"USHCN","SPCA","Ichino-Yaguchi","Q_RE",0.001,0.001,0,0.001,0.004,0.003,TRUE,TRUE,FALSE
"USHCN","SPCA","Ichino-Yaguchi","B_RE",0.659,0.659,0,0.999,0.999,0,FALSE,FALSE,FALSE
"USHCN","SPCA","Ichino-Yaguchi","Q_LC",0.001,0.001,0,0.001,0.001,0,TRUE,TRUE,FALSE
"USHCN","SPCA","Ichino-Yaguchi","B_LC",0.001,0.001,0,0.001,0.001,0,TRUE,TRUE,FALSE
"USHCN","SPCA","Wasserstein","Q_TC",0.001,0.001,0,0.001,0.006,0.005,TRUE,TRUE,FALSE
"USHCN","SPCA","Wasserstein","B_TC",0.642,0.642,0,0.998,0.998,0,FALSE,FALSE,FALSE
"USHCN","SPCA","Wasserstein","Q_RE",0.001,0.001,0,0.001,0.004,0.003,TRUE,TRUE,FALSE
"USHCN","SPCA","Wasserstein","B_RE",0.694,0.694,0,1,1,0,FALSE,FALSE,FALSE
"USHCN","SPCA","Wasserstein","Q_LC",0.001,0.001,0,0.001,0.001,0,TRUE,TRUE,FALSE
"USHCN","SPCA","Wasserstein","B_LC",0.001,0.001,0,0.001,0.001,0,TRUE,TRUE,FALSE
"USHCN","SPCA","Centers-Euclidean","Q_TC",0.001,0.001,0,0.001,0.006,0.005,TRUE,TRUE,FALSE
"USHCN","SPCA","Centers-Euclidean","B_TC",0.463,0.463,0,0.98,0.98,0,FALSE,FALSE,FALSE
"USHCN","SPCA","Centers-Euclidean","Q_RE",0.001,0.001,0,0.001,0.004,0.003,TRUE,TRUE,FALSE
"USHCN","SPCA","Centers-Euclidean","B_RE",0.485,0.485,0,0.977,0.977,0,FALSE,FALSE,FALSE
"USHCN","SPCA","Centers-Euclidean","Q_LC",0.001,0.001,0,0.001,0.001,0,TRUE,TRUE,FALSE
"USHCN","SPCA","Centers-Euclidean","B_LC",0.001,0.001,0,0.001,0.001,0,TRUE,TRUE,FALSE
"USHCN","IMDS","Int-Euclidean","Q_TC",0.693,0.693,0,0.998,0.998,0,FALSE,FALSE,FALSE
"USHCN","IMDS","Int-Euclidean","B_TC",0.658,0.658,0,0.997,0.997,0,FALSE,FALSE,FALSE
"USHCN","IMDS","Int-Euclidean","Q_RE",0.456,0.456,0,0.969,0.969,0,FALSE,FALSE,FALSE
"USHCN","IMDS","Int-Euclidean","B_RE",0.819,0.819,0,1,1,0,FALSE,FALSE,FALSE
"USHCN","IMDS","Int-Euclidean","Q_LC",0.559,0.559,0,0.997,0.997,0,FALSE,FALSE,FALSE
"USHCN","IMDS","Int-Euclidean","B_LC",1,1,0,1,1,0,FALSE,FALSE,FALSE
"USHCN","IMDS","Hausdorff","Q_TC",0.001,0.001,0,0.001,0.007,0.006,TRUE,TRUE,FALSE
"USHCN","IMDS","Hausdorff","B_TC",0.7,0.7,0,0.998,0.998,0,FALSE,FALSE,FALSE
"USHCN","IMDS","Hausdorff","Q_RE",0.001,0.001,0,0.001,0.007,0.006,TRUE,TRUE,FALSE
"USHCN","IMDS","Hausdorff","B_RE",0.903,0.903,0,1,1,0,FALSE,FALSE,FALSE
"USHCN","IMDS","Hausdorff","Q_LC",0.001,0.001,0,0.001,0.007,0.006,TRUE,TRUE,FALSE
"USHCN","IMDS","Hausdorff","B_LC",0.437,0.437,0,0.986,0.986,0,FALSE,FALSE,FALSE
"USHCN","IMDS","Ichino-Yaguchi","Q_TC",0.001,0.001,0,0.001,0.007,0.006,TRUE,TRUE,FALSE
"USHCN","IMDS","Ichino-Yaguchi","B_TC",0.082,0.082,0,0.428,0.428,0,FALSE,FALSE,FALSE
"USHCN","IMDS","Ichino-Yaguchi","Q_RE",0.001,0.001,0,0.001,0.007,0.006,TRUE,TRUE,FALSE
"USHCN","IMDS","Ichino-Yaguchi","B_RE",0.631,0.631,0,0.996,0.996,0,FALSE,FALSE,FALSE
"USHCN","IMDS","Ichino-Yaguchi","Q_LC",0.001,0.001,0,0.001,0.007,0.006,TRUE,TRUE,FALSE
"USHCN","IMDS","Ichino-Yaguchi","B_LC",0.685,0.685,0,0.999,0.999,0,FALSE,FALSE,FALSE
"USHCN","IMDS","Wasserstein","Q_TC",0.001,0.001,0,0.001,0.007,0.006,TRUE,TRUE,FALSE
"USHCN","IMDS","Wasserstein","B_TC",0.811,0.811,0,1,1,0,FALSE,FALSE,FALSE
"USHCN","IMDS","Wasserstein","Q_RE",0.001,0.001,0,0.001,0.007,0.006,TRUE,TRUE,FALSE
"USHCN","IMDS","Wasserstein","B_RE",0.939,0.939,0,1,1,0,FALSE,FALSE,FALSE
"USHCN","IMDS","Wasserstein","Q_LC",0.001,0.001,0,0.001,0.007,0.006,TRUE,TRUE,FALSE
"USHCN","IMDS","Wasserstein","B_LC",0.014,0.014,0,0.102,0.105,0.003,FALSE,FALSE,FALSE
"USHCN","IMDS","Centers-Euclidean","Q_TC",0.001,0.001,0,0.001,0.007,0.006,TRUE,TRUE,FALSE
"USHCN","IMDS","Centers-Euclidean","B_TC",0.007,0.007,0,0.044,0.048,0.004,TRUE,TRUE,FALSE
"USHCN","IMDS","Centers-Euclidean","Q_RE",0.001,0.001,0,0.001,0.007,0.006,TRUE,TRUE,FALSE
"USHCN","IMDS","Centers-Euclidean","B_RE",0.005,0.005,0,0.036,0.041,0.005,TRUE,TRUE,FALSE
"USHCN","IMDS","Centers-Euclidean","Q_LC",0.001,0.001,0,0.001,0.007,0.006,TRUE,TRUE,FALSE
"USHCN","IMDS","Centers-Euclidean","B_LC",0.111,0.111,0,0.596,0.601,0.005,FALSE,FALSE,FALSE
"USHCN","Int-UMAP","Int-Euclidean","Q_TC",0.001,0.001,0,0.001,0.005,0.004,TRUE,TRUE,FALSE
"USHCN","Int-UMAP","Int-Euclidean","B_TC",0.001,0.001,0,0.001,0.005,0.004,TRUE,TRUE,FALSE
"USHCN","Int-UMAP","Int-Euclidean","Q_RE",0.001,0.001,0,0.001,0.003,0.002,TRUE,TRUE,FALSE
"USHCN","Int-UMAP","Int-Euclidean","B_RE",0.001,0.001,0,0.001,0.003,0.002,TRUE,TRUE,FALSE
"USHCN","Int-UMAP","Int-Euclidean","Q_LC",0.005,0.005,0,0.031,0.035,0.004,TRUE,TRUE,FALSE
"USHCN","Int-UMAP","Int-Euclidean","B_LC",0.028,0.028,0,0.2,0.2,0,FALSE,FALSE,FALSE
"USHCN","Int-UMAP","Hausdorff","Q_TC",0.001,0.001,0,0.001,0.005,0.004,TRUE,TRUE,FALSE
"USHCN","Int-UMAP","Hausdorff","B_TC",0.662,0.662,0,1,1,0,FALSE,FALSE,FALSE
"USHCN","Int-UMAP","Hausdorff","Q_RE",0.001,0.001,0,0.001,0.003,0.002,TRUE,TRUE,FALSE
"USHCN","Int-UMAP","Hausdorff","B_RE",0.912,0.912,0,1,1,0,FALSE,FALSE,FALSE
"USHCN","Int-UMAP","Hausdorff","Q_LC",0.001,0.001,0,0.001,0.005,0.004,TRUE,TRUE,FALSE
"USHCN","Int-UMAP","Hausdorff","B_LC",0.023,0.023,0,0.164,0.167,0.003,FALSE,FALSE,FALSE
"USHCN","Int-UMAP","Ichino-Yaguchi","Q_TC",0.001,0.001,0,0.001,0.005,0.004,TRUE,TRUE,FALSE
"USHCN","Int-UMAP","Ichino-Yaguchi","B_TC",0.568,0.568,0,0.994,0.994,0,FALSE,FALSE,FALSE
"USHCN","Int-UMAP","Ichino-Yaguchi","Q_RE",0.001,0.001,0,0.001,0.003,0.002,TRUE,TRUE,FALSE
"USHCN","Int-UMAP","Ichino-Yaguchi","B_RE",0.786,0.786,0,1,1,0,FALSE,FALSE,FALSE
"USHCN","Int-UMAP","Ichino-Yaguchi","Q_LC",0.001,0.001,0,0.001,0.005,0.004,TRUE,TRUE,FALSE
"USHCN","Int-UMAP","Ichino-Yaguchi","B_LC",0.001,0.001,0,0.001,0.005,0.004,TRUE,TRUE,FALSE
"USHCN","Int-UMAP","Wasserstein","Q_TC",0.001,0.001,0,0.001,0.005,0.004,TRUE,TRUE,FALSE
"USHCN","Int-UMAP","Wasserstein","B_TC",0.91,0.91,0,1,1,0,FALSE,FALSE,FALSE
"USHCN","Int-UMAP","Wasserstein","Q_RE",0.001,0.001,0,0.001,0.003,0.002,TRUE,TRUE,FALSE
"USHCN","Int-UMAP","Wasserstein","B_RE",0.906,0.906,0,1,1,0,FALSE,FALSE,FALSE
"USHCN","Int-UMAP","Wasserstein","Q_LC",0.001,0.001,0,0.001,0.005,0.004,TRUE,TRUE,FALSE
"USHCN","Int-UMAP","Wasserstein","B_LC",0.126,0.126,0,0.609,0.613,0.004,FALSE,FALSE,FALSE
"USHCN","Int-UMAP","Centers-Euclidean","Q_TC",0.001,0.001,0,0.001,0.005,0.004,TRUE,TRUE,FALSE
"USHCN","Int-UMAP","Centers-Euclidean","B_TC",0.324,0.324,0,0.889,0.889,0,FALSE,FALSE,FALSE
"USHCN","Int-UMAP","Centers-Euclidean","Q_RE",0.001,0.001,0,0.001,0.003,0.002,TRUE,TRUE,FALSE
"USHCN","Int-UMAP","Centers-Euclidean","B_RE",0.639,0.639,0,0.998,0.998,0,FALSE,FALSE,FALSE
"USHCN","Int-UMAP","Centers-Euclidean","Q_LC",0.001,0.001,0,0.001,0.005,0.004,TRUE,TRUE,FALSE
"USHCN","Int-UMAP","Centers-Euclidean","B_LC",0.961,0.961,0,1,1,0,FALSE,FALSE,FALSE
"Scenario1","C-PCA","Int-Euclidean","Q_TC",NA,NA,0,1,1,0.002,TRUE,TRUE,FALSE
"Scenario1","C-PCA","Int-Euclidean","B_TC",NA,NA,0.019,0,0,0.114,FALSE,FALSE,FALSE
"Scenario1","C-PCA","Int-Euclidean","Q_RE",NA,NA,0,1,1,0.002,TRUE,TRUE,FALSE
"Scenario1","C-PCA","Int-Euclidean","B_RE",NA,NA,0.009,0.28,0.36,0.063,FALSE,FALSE,FALSE
"Scenario1","C-PCA","Int-Euclidean","Q_LC",NA,NA,0,1,1,0,TRUE,TRUE,FALSE
"Scenario1","C-PCA","Int-Euclidean","B_LC",NA,NA,0,1,1,0,TRUE,TRUE,FALSE
"Scenario1","C-PCA","Hausdorff","Q_TC",NA,NA,0,1,1,0.002,TRUE,TRUE,FALSE
"Scenario1","C-PCA","Hausdorff","B_TC",NA,NA,0.004,1,1,0.022,TRUE,TRUE,FALSE
"Scenario1","C-PCA","Hausdorff","Q_RE",NA,NA,0,1,1,0.002,TRUE,TRUE,FALSE
"Scenario1","C-PCA","Hausdorff","B_RE",NA,NA,0.003,0.96,0.96,0.024,TRUE,TRUE,FALSE
"Scenario1","C-PCA","Hausdorff","Q_LC",NA,NA,0,1,1,0,TRUE,TRUE,FALSE
"Scenario1","C-PCA","Hausdorff","B_LC",NA,NA,0,1,1,0,TRUE,TRUE,FALSE
"Scenario1","C-PCA","Ichino-Yaguchi","Q_TC",NA,NA,0,1,1,0.002,TRUE,TRUE,FALSE
"Scenario1","C-PCA","Ichino-Yaguchi","B_TC",NA,NA,0,1,1,0.002,TRUE,TRUE,FALSE
"Scenario1","C-PCA","Ichino-Yaguchi","Q_RE",NA,NA,0,1,1,0.002,TRUE,TRUE,FALSE
"Scenario1","C-PCA","Ichino-Yaguchi","B_RE",NA,NA,0,1,1,0.002,TRUE,TRUE,FALSE
"Scenario1","C-PCA","Ichino-Yaguchi","Q_LC",NA,NA,0,1,1,0,TRUE,TRUE,FALSE
"Scenario1","C-PCA","Ichino-Yaguchi","B_LC",NA,NA,0,1,1,0,TRUE,TRUE,FALSE
"Scenario1","C-PCA","Wasserstein","Q_TC",NA,NA,0,1,1,0.002,TRUE,TRUE,FALSE
"Scenario1","C-PCA","Wasserstein","B_TC",NA,NA,0,1,1,0.002,TRUE,TRUE,FALSE
"Scenario1","C-PCA","Wasserstein","Q_RE",NA,NA,0,1,1,0.002,TRUE,TRUE,FALSE
"Scenario1","C-PCA","Wasserstein","B_RE",NA,NA,0,1,1,0.002,TRUE,TRUE,FALSE
"Scenario1","C-PCA","Wasserstein","Q_LC",NA,NA,0,1,1,0,TRUE,TRUE,FALSE
"Scenario1","C-PCA","Wasserstein","B_LC",NA,NA,0,1,1,0,TRUE,TRUE,FALSE
"Scenario1","C-PCA","Centers-Euclidean","Q_TC",NA,NA,0,1,1,0.002,TRUE,TRUE,FALSE
"Scenario1","C-PCA","Centers-Euclidean","B_TC",NA,NA,0,1,1,0.002,TRUE,TRUE,FALSE
"Scenario1","C-PCA","Centers-Euclidean","Q_RE",NA,NA,0,1,1,0.002,TRUE,TRUE,FALSE
"Scenario1","C-PCA","Centers-Euclidean","B_RE",NA,NA,0,1,1,0.002,TRUE,TRUE,FALSE
"Scenario1","C-PCA","Centers-Euclidean","Q_LC",NA,NA,0,1,1,0,TRUE,TRUE,FALSE
"Scenario1","C-PCA","Centers-Euclidean","B_LC",NA,NA,0,1,1,0,TRUE,TRUE,FALSE
"Scenario1","V-PCA","Int-Euclidean","Q_TC",NA,NA,0,1,1,0.002,TRUE,TRUE,FALSE
"Scenario1","V-PCA","Int-Euclidean","B_TC",NA,NA,0.017,0,0,0.09,FALSE,FALSE,FALSE
"Scenario1","V-PCA","Int-Euclidean","Q_RE",NA,NA,0,1,1,0.002,TRUE,TRUE,FALSE
"Scenario1","V-PCA","Int-Euclidean","B_RE",NA,NA,0.01,0.44,0.32,0.065,FALSE,FALSE,FALSE
"Scenario1","V-PCA","Int-Euclidean","Q_LC",NA,NA,0,1,1,0,TRUE,TRUE,FALSE
"Scenario1","V-PCA","Int-Euclidean","B_LC",NA,NA,0,1,1,0,TRUE,TRUE,FALSE
"Scenario1","V-PCA","Hausdorff","Q_TC",NA,NA,0,1,1,0.002,TRUE,TRUE,FALSE
"Scenario1","V-PCA","Hausdorff","B_TC",NA,NA,0.004,1,1,0.031,TRUE,TRUE,FALSE
"Scenario1","V-PCA","Hausdorff","Q_RE",NA,NA,0,1,1,0.002,TRUE,TRUE,FALSE
"Scenario1","V-PCA","Hausdorff","B_RE",NA,NA,0.004,1,0.96,0.033,TRUE,TRUE,FALSE
"Scenario1","V-PCA","Hausdorff","Q_LC",NA,NA,0,1,1,0,TRUE,TRUE,FALSE
"Scenario1","V-PCA","Hausdorff","B_LC",NA,NA,0,1,1,0,TRUE,TRUE,FALSE
"Scenario1","V-PCA","Ichino-Yaguchi","Q_TC",NA,NA,0,1,1,0.002,TRUE,TRUE,FALSE
"Scenario1","V-PCA","Ichino-Yaguchi","B_TC",NA,NA,0,1,1,0.002,TRUE,TRUE,FALSE
"Scenario1","V-PCA","Ichino-Yaguchi","Q_RE",NA,NA,0,1,1,0.002,TRUE,TRUE,FALSE
"Scenario1","V-PCA","Ichino-Yaguchi","B_RE",NA,NA,0,1,1,0.002,TRUE,TRUE,FALSE
"Scenario1","V-PCA","Ichino-Yaguchi","Q_LC",NA,NA,0,1,1,0,TRUE,TRUE,FALSE
"Scenario1","V-PCA","Ichino-Yaguchi","B_LC",NA,NA,0,1,1,0,TRUE,TRUE,FALSE
"Scenario1","V-PCA","Wasserstein","Q_TC",NA,NA,0,1,1,0.002,TRUE,TRUE,FALSE
"Scenario1","V-PCA","Wasserstein","B_TC",NA,NA,0,1,1,0.002,TRUE,TRUE,FALSE
"Scenario1","V-PCA","Wasserstein","Q_RE",NA,NA,0,1,1,0.002,TRUE,TRUE,FALSE
"Scenario1","V-PCA","Wasserstein","B_RE",NA,NA,0,1,1,0.002,TRUE,TRUE,FALSE
"Scenario1","V-PCA","Wasserstein","Q_LC",NA,NA,0,1,1,0,TRUE,TRUE,FALSE
"Scenario1","V-PCA","Wasserstein","B_LC",NA,NA,0,1,1,0,TRUE,TRUE,FALSE
"Scenario1","V-PCA","Centers-Euclidean","Q_TC",NA,NA,0,1,1,0.002,TRUE,TRUE,FALSE
"Scenario1","V-PCA","Centers-Euclidean","B_TC",NA,NA,0,1,1,0.002,TRUE,TRUE,FALSE
"Scenario1","V-PCA","Centers-Euclidean","Q_RE",NA,NA,0,1,1,0.002,TRUE,TRUE,FALSE
"Scenario1","V-PCA","Centers-Euclidean","B_RE",NA,NA,0,1,1,0.002,TRUE,TRUE,FALSE
"Scenario1","V-PCA","Centers-Euclidean","Q_LC",NA,NA,0,1,1,0,TRUE,TRUE,FALSE
"Scenario1","V-PCA","Centers-Euclidean","B_LC",NA,NA,0,1,1,0,TRUE,TRUE,FALSE
"Scenario1","MR-PCA","Int-Euclidean","Q_TC",NA,NA,0,1,1,0,TRUE,TRUE,FALSE
"Scenario1","MR-PCA","Int-Euclidean","B_TC",NA,NA,0,1,1,0,TRUE,TRUE,FALSE
"Scenario1","MR-PCA","Int-Euclidean","Q_RE",NA,NA,0,1,1,0,TRUE,TRUE,FALSE
"Scenario1","MR-PCA","Int-Euclidean","B_RE",NA,NA,0,1,1,0,TRUE,TRUE,FALSE
"Scenario1","MR-PCA","Int-Euclidean","Q_LC",NA,NA,0,1,1,0,TRUE,TRUE,FALSE
"Scenario1","MR-PCA","Int-Euclidean","B_LC",NA,NA,0,1,1,0,TRUE,TRUE,FALSE
"Scenario1","MR-PCA","Hausdorff","Q_TC",NA,NA,0,1,1,0,TRUE,TRUE,FALSE
"Scenario1","MR-PCA","Hausdorff","B_TC",NA,NA,0,1,1,0,TRUE,TRUE,FALSE
"Scenario1","MR-PCA","Hausdorff","Q_RE",NA,NA,0,1,1,0,TRUE,TRUE,FALSE
"Scenario1","MR-PCA","Hausdorff","B_RE",NA,NA,0,1,1,0,TRUE,TRUE,FALSE
"Scenario1","MR-PCA","Hausdorff","Q_LC",NA,NA,0,1,1,0,TRUE,TRUE,FALSE
"Scenario1","MR-PCA","Hausdorff","B_LC",NA,NA,0,1,1,0,TRUE,TRUE,FALSE
"Scenario1","MR-PCA","Ichino-Yaguchi","Q_TC",NA,NA,0,1,1,0,TRUE,TRUE,FALSE
"Scenario1","MR-PCA","Ichino-Yaguchi","B_TC",NA,NA,0,1,1,0,TRUE,TRUE,FALSE
"Scenario1","MR-PCA","Ichino-Yaguchi","Q_RE",NA,NA,0,1,1,0,TRUE,TRUE,FALSE
"Scenario1","MR-PCA","Ichino-Yaguchi","B_RE",NA,NA,0,1,1,0,TRUE,TRUE,FALSE
"Scenario1","MR-PCA","Ichino-Yaguchi","Q_LC",NA,NA,0,1,1,0,TRUE,TRUE,FALSE
"Scenario1","MR-PCA","Ichino-Yaguchi","B_LC",NA,NA,0,1,1,0,TRUE,TRUE,FALSE
"Scenario1","MR-PCA","Wasserstein","Q_TC",NA,NA,0,1,1,0,TRUE,TRUE,FALSE
"Scenario1","MR-PCA","Wasserstein","B_TC",NA,NA,0,1,1,0,TRUE,TRUE,FALSE
"Scenario1","MR-PCA","Wasserstein","Q_RE",NA,NA,0,1,1,0,TRUE,TRUE,FALSE
"Scenario1","MR-PCA","Wasserstein","B_RE",NA,NA,0,1,1,0,TRUE,TRUE,FALSE
"Scenario1","MR-PCA","Wasserstein","Q_LC",NA,NA,0,1,1,0,TRUE,TRUE,FALSE
"Scenario1","MR-PCA","Wasserstein","B_LC",NA,NA,0,1,1,0,TRUE,TRUE,FALSE
"Scenario1","MR-PCA","Centers-Euclidean","Q_TC",NA,NA,0,1,1,0,TRUE,TRUE,FALSE
"Scenario1","MR-PCA","Centers-Euclidean","B_TC",NA,NA,0,1,1,0,TRUE,TRUE,FALSE
"Scenario1","MR-PCA","Centers-Euclidean","Q_RE",NA,NA,0,1,1,0,TRUE,TRUE,FALSE
"Scenario1","MR-PCA","Centers-Euclidean","B_RE",NA,NA,0,1,1,0,TRUE,TRUE,FALSE
"Scenario1","MR-PCA","Centers-Euclidean","Q_LC",NA,NA,0,1,1,0,TRUE,TRUE,FALSE
"Scenario1","MR-PCA","Centers-Euclidean","B_LC",NA,NA,0,1,1,0,TRUE,TRUE,FALSE
"Scenario1","SPCA","Int-Euclidean","Q_TC",NA,NA,0,1,1,0.002,TRUE,TRUE,FALSE
"Scenario1","SPCA","Int-Euclidean","B_TC",NA,NA,0.022,0,0,0.081,FALSE,FALSE,FALSE
"Scenario1","SPCA","Int-Euclidean","Q_RE",NA,NA,0,1,1,0.002,TRUE,TRUE,FALSE
"Scenario1","SPCA","Int-Euclidean","B_RE",NA,NA,0.009,0.4,0.28,0.045,FALSE,FALSE,FALSE
"Scenario1","SPCA","Int-Euclidean","Q_LC",NA,NA,0,1,1,0,TRUE,TRUE,FALSE
"Scenario1","SPCA","Int-Euclidean","B_LC",NA,NA,0,1,1,0,TRUE,TRUE,FALSE
"Scenario1","SPCA","Hausdorff","Q_TC",NA,NA,0,1,1,0.002,TRUE,TRUE,FALSE
"Scenario1","SPCA","Hausdorff","B_TC",NA,NA,0.003,1,1,0.024,TRUE,TRUE,FALSE
"Scenario1","SPCA","Hausdorff","Q_RE",NA,NA,0,1,1,0.002,TRUE,TRUE,FALSE
"Scenario1","SPCA","Hausdorff","B_RE",NA,NA,0.003,1,0.96,0.022,TRUE,TRUE,FALSE
"Scenario1","SPCA","Hausdorff","Q_LC",NA,NA,0,1,1,0,TRUE,TRUE,FALSE
"Scenario1","SPCA","Hausdorff","B_LC",NA,NA,0,1,1,0,TRUE,TRUE,FALSE
"Scenario1","SPCA","Ichino-Yaguchi","Q_TC",NA,NA,0,1,1,0.002,TRUE,TRUE,FALSE
"Scenario1","SPCA","Ichino-Yaguchi","B_TC",NA,NA,0,1,1,0.002,TRUE,TRUE,FALSE
"Scenario1","SPCA","Ichino-Yaguchi","Q_RE",NA,NA,0,1,1,0.002,TRUE,TRUE,FALSE
"Scenario1","SPCA","Ichino-Yaguchi","B_RE",NA,NA,0,1,1,0.002,TRUE,TRUE,FALSE
"Scenario1","SPCA","Ichino-Yaguchi","Q_LC",NA,NA,0,1,1,0,TRUE,TRUE,FALSE
"Scenario1","SPCA","Ichino-Yaguchi","B_LC",NA,NA,0,1,1,0,TRUE,TRUE,FALSE
"Scenario1","SPCA","Wasserstein","Q_TC",NA,NA,0,1,1,0.002,TRUE,TRUE,FALSE
"Scenario1","SPCA","Wasserstein","B_TC",NA,NA,0,1,1,0.002,TRUE,TRUE,FALSE
"Scenario1","SPCA","Wasserstein","Q_RE",NA,NA,0,1,1,0.002,TRUE,TRUE,FALSE
"Scenario1","SPCA","Wasserstein","B_RE",NA,NA,0,1,1,0.002,TRUE,TRUE,FALSE
"Scenario1","SPCA","Wasserstein","Q_LC",NA,NA,0,1,1,0,TRUE,TRUE,FALSE
"Scenario1","SPCA","Wasserstein","B_LC",NA,NA,0,1,1,0,TRUE,TRUE,FALSE
"Scenario1","SPCA","Centers-Euclidean","Q_TC",NA,NA,0,1,1,0.002,TRUE,TRUE,FALSE
"Scenario1","SPCA","Centers-Euclidean","B_TC",NA,NA,0,1,1,0.002,TRUE,TRUE,FALSE
"Scenario1","SPCA","Centers-Euclidean","Q_RE",NA,NA,0,1,1,0.002,TRUE,TRUE,FALSE
"Scenario1","SPCA","Centers-Euclidean","B_RE",NA,NA,0,1,1,0.002,TRUE,TRUE,FALSE
"Scenario1","SPCA","Centers-Euclidean","Q_LC",NA,NA,0,1,1,0,TRUE,TRUE,FALSE
"Scenario1","SPCA","Centers-Euclidean","B_LC",NA,NA,0,1,1,0,TRUE,TRUE,FALSE
"Scenario1","IMDS","Int-Euclidean","Q_TC",NA,NA,0.047,0.12,0.12,0.118,FALSE,FALSE,FALSE
"Scenario1","IMDS","Int-Euclidean","B_TC",NA,NA,0.051,0.28,0.24,0.12,FALSE,FALSE,FALSE
"Scenario1","IMDS","Int-Euclidean","Q_RE",NA,NA,0.047,0.12,0.08,0.076,FALSE,FALSE,FALSE
"Scenario1","IMDS","Int-Euclidean","B_RE",NA,NA,0.0419999999999999,0.12,0.12,0.12,FALSE,FALSE,FALSE
"Scenario1","IMDS","Int-Euclidean","Q_LC",NA,NA,0.044,0,0,0.082,FALSE,FALSE,FALSE
"Scenario1","IMDS","Int-Euclidean","B_LC",NA,NA,0.041,0,0,0.089,FALSE,FALSE,FALSE
"Scenario1","IMDS","Hausdorff","Q_TC",NA,NA,0,1,1,0.005,TRUE,TRUE,FALSE
"Scenario1","IMDS","Hausdorff","B_TC",NA,NA,0,1,1,0.005,TRUE,TRUE,FALSE
"Scenario1","IMDS","Hausdorff","Q_RE",NA,NA,0,1,1,0.004,TRUE,TRUE,FALSE
"Scenario1","IMDS","Hausdorff","B_RE",NA,NA,0,1,1,0.004,TRUE,TRUE,FALSE
"Scenario1","IMDS","Hausdorff","Q_LC",NA,NA,0.004,0.92,0.92,0.03,TRUE,TRUE,FALSE
"Scenario1","IMDS","Hausdorff","B_LC",NA,NA,0.034,0.12,0.16,0.092,FALSE,FALSE,FALSE
"Scenario1","IMDS","Ichino-Yaguchi","Q_TC",NA,NA,0,1,1,0.005,TRUE,TRUE,FALSE
"Scenario1","IMDS","Ichino-Yaguchi","B_TC",NA,NA,0.002,1,1,0.006,TRUE,TRUE,FALSE
"Scenario1","IMDS","Ichino-Yaguchi","Q_RE",NA,NA,0,1,1,0.004,TRUE,TRUE,FALSE
"Scenario1","IMDS","Ichino-Yaguchi","B_RE",NA,NA,0.002,1,1,0.01,TRUE,TRUE,FALSE
"Scenario1","IMDS","Ichino-Yaguchi","Q_LC",NA,NA,0.018,0.96,0.96,0.052,TRUE,TRUE,FALSE
"Scenario1","IMDS","Ichino-Yaguchi","B_LC",NA,NA,0.04,0.16,0.12,0.042,FALSE,FALSE,FALSE
"Scenario1","IMDS","Wasserstein","Q_TC",NA,NA,0,1,1,0.005,TRUE,TRUE,FALSE
"Scenario1","IMDS","Wasserstein","B_TC",NA,NA,0.009,0.96,0.96,0.06,TRUE,TRUE,FALSE
"Scenario1","IMDS","Wasserstein","Q_RE",NA,NA,0,1,1,0.004,TRUE,TRUE,FALSE
"Scenario1","IMDS","Wasserstein","B_RE",NA,NA,0,1,1,0.004,TRUE,TRUE,FALSE
"Scenario1","IMDS","Wasserstein","Q_LC",NA,NA,0.003,0.92,0.92,0.029,TRUE,TRUE,FALSE
"Scenario1","IMDS","Wasserstein","B_LC",NA,NA,0.03,0.12,0.12,0.082,FALSE,FALSE,FALSE
"Scenario1","IMDS","Centers-Euclidean","Q_TC",NA,NA,0.054,0,0,0.124,FALSE,FALSE,FALSE
"Scenario1","IMDS","Centers-Euclidean","B_TC",NA,NA,0.049,0.04,0.04,0.076,FALSE,FALSE,FALSE
"Scenario1","IMDS","Centers-Euclidean","Q_RE",NA,NA,0.035,0,0,0.108,FALSE,FALSE,FALSE
"Scenario1","IMDS","Centers-Euclidean","B_RE",NA,NA,0.038,0.04,0.04,0.0459999999999999,FALSE,FALSE,FALSE
"Scenario1","IMDS","Centers-Euclidean","Q_LC",NA,NA,0.034,0,0,0.082,FALSE,FALSE,FALSE
"Scenario1","IMDS","Centers-Euclidean","B_LC",NA,NA,0.057,0,0,0.074,FALSE,FALSE,FALSE
"Scenario1","Int-UMAP","Int-Euclidean","Q_TC",NA,NA,0,1,1,0.004,TRUE,TRUE,FALSE
"Scenario1","Int-UMAP","Int-Euclidean","B_TC",NA,NA,0.024,0.52,0.44,0.052,FALSE,FALSE,FALSE
"Scenario1","Int-UMAP","Int-Euclidean","Q_RE",NA,NA,0,1,1,0.004,TRUE,TRUE,FALSE
"Scenario1","Int-UMAP","Int-Euclidean","B_RE",NA,NA,0.043,0.12,0.16,0.101,FALSE,FALSE,FALSE
"Scenario1","Int-UMAP","Int-Euclidean","Q_LC",NA,NA,0,1,1,0.004,TRUE,TRUE,FALSE
"Scenario1","Int-UMAP","Int-Euclidean","B_LC",NA,NA,0.029,0.24,0.24,0.0810000000000001,FALSE,FALSE,FALSE
"Scenario1","Int-UMAP","Hausdorff","Q_TC",NA,NA,0,1,1,0.004,TRUE,TRUE,FALSE
"Scenario1","Int-UMAP","Hausdorff","B_TC",NA,NA,0.042,0,0,0.076,FALSE,FALSE,FALSE
"Scenario1","Int-UMAP","Hausdorff","Q_RE",NA,NA,0,1,1,0.004,TRUE,TRUE,FALSE
"Scenario1","Int-UMAP","Hausdorff","B_RE",NA,NA,0.036,0,0,0.0359999999999999,FALSE,FALSE,FALSE
"Scenario1","Int-UMAP","Hausdorff","Q_LC",NA,NA,0,1,1,0.004,TRUE,TRUE,FALSE
"Scenario1","Int-UMAP","Hausdorff","B_LC",NA,NA,0.025,0.64,0.64,0.087,FALSE,FALSE,FALSE
"Scenario1","Int-UMAP","Ichino-Yaguchi","Q_TC",NA,NA,0,1,1,0.004,TRUE,TRUE,FALSE
"Scenario1","Int-UMAP","Ichino-Yaguchi","B_TC",NA,NA,0.025,0.56,0.6,0.077,FALSE,FALSE,FALSE
"Scenario1","Int-UMAP","Ichino-Yaguchi","Q_RE",NA,NA,0,1,1,0.004,TRUE,TRUE,FALSE
"Scenario1","Int-UMAP","Ichino-Yaguchi","B_RE",NA,NA,0.024,0.64,0.6,0.084,FALSE,FALSE,FALSE
"Scenario1","Int-UMAP","Ichino-Yaguchi","Q_LC",NA,NA,0,1,1,0.004,TRUE,TRUE,FALSE
"Scenario1","Int-UMAP","Ichino-Yaguchi","B_LC",NA,NA,0.074,0.88,0.88,0.042,FALSE,FALSE,FALSE
"Scenario1","Int-UMAP","Wasserstein","Q_TC",NA,NA,0,1,1,0.004,TRUE,TRUE,FALSE
"Scenario1","Int-UMAP","Wasserstein","B_TC",NA,NA,0.039,0.08,0.04,0.0630000000000001,FALSE,FALSE,FALSE
"Scenario1","Int-UMAP","Wasserstein","Q_RE",NA,NA,0,1,1,0.004,TRUE,TRUE,FALSE
"Scenario1","Int-UMAP","Wasserstein","B_RE",NA,NA,0.035,0.04,0.08,0.082,FALSE,FALSE,FALSE
"Scenario1","Int-UMAP","Wasserstein","Q_LC",NA,NA,0,1,1,0.004,TRUE,TRUE,FALSE
"Scenario1","Int-UMAP","Wasserstein","B_LC",NA,NA,0.024,0.8,0.8,0.036,FALSE,FALSE,FALSE
"Scenario1","Int-UMAP","Centers-Euclidean","Q_TC",NA,NA,0,1,1,0.004,TRUE,TRUE,FALSE
"Scenario1","Int-UMAP","Centers-Euclidean","B_TC",NA,NA,0,1,1,0.004,TRUE,TRUE,FALSE
"Scenario1","Int-UMAP","Centers-Euclidean","Q_RE",NA,NA,0,1,1,0.004,TRUE,TRUE,FALSE
"Scenario1","Int-UMAP","Centers-Euclidean","B_RE",NA,NA,0,1,1,0.004,TRUE,TRUE,FALSE
"Scenario1","Int-UMAP","Centers-Euclidean","Q_LC",NA,NA,0,1,1,0.004,TRUE,TRUE,FALSE
"Scenario1","Int-UMAP","Centers-Euclidean","B_LC",NA,NA,0.043,0.28,0.24,0.055,FALSE,FALSE,FALSE
"Scenario2","C-PCA","Int-Euclidean","Q_TC",NA,NA,0,1,1,0,TRUE,TRUE,FALSE
"Scenario2","C-PCA","Int-Euclidean","B_TC",NA,NA,0,1,1,0,TRUE,TRUE,FALSE
"Scenario2","C-PCA","Int-Euclidean","Q_RE",NA,NA,0,1,1,0,TRUE,TRUE,FALSE
"Scenario2","C-PCA","Int-Euclidean","B_RE",NA,NA,0,1,1,0,TRUE,TRUE,FALSE
"Scenario2","C-PCA","Int-Euclidean","Q_LC",NA,NA,0,1,1,0,TRUE,TRUE,FALSE
"Scenario2","C-PCA","Int-Euclidean","B_LC",NA,NA,0,1,1,0,TRUE,TRUE,FALSE
"Scenario2","C-PCA","Hausdorff","Q_TC",NA,NA,0,1,1,0,TRUE,TRUE,FALSE
"Scenario2","C-PCA","Hausdorff","B_TC",NA,NA,0,1,1,0,TRUE,TRUE,FALSE
"Scenario2","C-PCA","Hausdorff","Q_RE",NA,NA,0,1,1,0,TRUE,TRUE,FALSE
"Scenario2","C-PCA","Hausdorff","B_RE",NA,NA,0,1,1,0,TRUE,TRUE,FALSE
"Scenario2","C-PCA","Hausdorff","Q_LC",NA,NA,0,1,1,0,TRUE,TRUE,FALSE
"Scenario2","C-PCA","Hausdorff","B_LC",NA,NA,0,1,1,0,TRUE,TRUE,FALSE
"Scenario2","C-PCA","Ichino-Yaguchi","Q_TC",NA,NA,0,1,1,0,TRUE,TRUE,FALSE
"Scenario2","C-PCA","Ichino-Yaguchi","B_TC",NA,NA,0,1,1,0,TRUE,TRUE,FALSE
"Scenario2","C-PCA","Ichino-Yaguchi","Q_RE",NA,NA,0,1,1,0,TRUE,TRUE,FALSE
"Scenario2","C-PCA","Ichino-Yaguchi","B_RE",NA,NA,0,1,1,0,TRUE,TRUE,FALSE
"Scenario2","C-PCA","Ichino-Yaguchi","Q_LC",NA,NA,0,1,1,0,TRUE,TRUE,FALSE
"Scenario2","C-PCA","Ichino-Yaguchi","B_LC",NA,NA,0,1,1,0,TRUE,TRUE,FALSE
"Scenario2","C-PCA","Wasserstein","Q_TC",NA,NA,0,1,1,0,TRUE,TRUE,FALSE
"Scenario2","C-PCA","Wasserstein","B_TC",NA,NA,0,1,1,0,TRUE,TRUE,FALSE
"Scenario2","C-PCA","Wasserstein","Q_RE",NA,NA,0,1,1,0,TRUE,TRUE,FALSE
"Scenario2","C-PCA","Wasserstein","B_RE",NA,NA,0,1,1,0,TRUE,TRUE,FALSE
"Scenario2","C-PCA","Wasserstein","Q_LC",NA,NA,0,1,1,0,TRUE,TRUE,FALSE
"Scenario2","C-PCA","Wasserstein","B_LC",NA,NA,0,1,1,0,TRUE,TRUE,FALSE
"Scenario2","C-PCA","Centers-Euclidean","Q_TC",NA,NA,0,1,1,0,TRUE,TRUE,FALSE
"Scenario2","C-PCA","Centers-Euclidean","B_TC",NA,NA,0,1,1,0,TRUE,TRUE,FALSE
"Scenario2","C-PCA","Centers-Euclidean","Q_RE",NA,NA,0,1,1,0,TRUE,TRUE,FALSE
"Scenario2","C-PCA","Centers-Euclidean","B_RE",NA,NA,0,1,1,0,TRUE,TRUE,FALSE
"Scenario2","C-PCA","Centers-Euclidean","Q_LC",NA,NA,0,1,1,0,TRUE,TRUE,FALSE
"Scenario2","C-PCA","Centers-Euclidean","B_LC",NA,NA,0,1,1,0,TRUE,TRUE,FALSE
"Scenario2","V-PCA","Int-Euclidean","Q_TC",NA,NA,0,1,1,0,TRUE,TRUE,FALSE
"Scenario2","V-PCA","Int-Euclidean","B_TC",NA,NA,0,1,1,0,TRUE,TRUE,FALSE
"Scenario2","V-PCA","Int-Euclidean","Q_RE",NA,NA,0,1,1,0,TRUE,TRUE,FALSE
"Scenario2","V-PCA","Int-Euclidean","B_RE",NA,NA,0,1,1,0,TRUE,TRUE,FALSE
"Scenario2","V-PCA","Int-Euclidean","Q_LC",NA,NA,0,1,1,0,TRUE,TRUE,FALSE
"Scenario2","V-PCA","Int-Euclidean","B_LC",NA,NA,0,1,1,0,TRUE,TRUE,FALSE
"Scenario2","V-PCA","Hausdorff","Q_TC",NA,NA,0,1,1,0,TRUE,TRUE,FALSE
"Scenario2","V-PCA","Hausdorff","B_TC",NA,NA,0,1,1,0,TRUE,TRUE,FALSE
"Scenario2","V-PCA","Hausdorff","Q_RE",NA,NA,0,1,1,0,TRUE,TRUE,FALSE
"Scenario2","V-PCA","Hausdorff","B_RE",NA,NA,0,1,1,0,TRUE,TRUE,FALSE
"Scenario2","V-PCA","Hausdorff","Q_LC",NA,NA,0,1,1,0,TRUE,TRUE,FALSE
"Scenario2","V-PCA","Hausdorff","B_LC",NA,NA,0,1,1,0,TRUE,TRUE,FALSE
"Scenario2","V-PCA","Ichino-Yaguchi","Q_TC",NA,NA,0,1,1,0,TRUE,TRUE,FALSE
"Scenario2","V-PCA","Ichino-Yaguchi","B_TC",NA,NA,0,1,1,0,TRUE,TRUE,FALSE
"Scenario2","V-PCA","Ichino-Yaguchi","Q_RE",NA,NA,0,1,1,0,TRUE,TRUE,FALSE
"Scenario2","V-PCA","Ichino-Yaguchi","B_RE",NA,NA,0,1,1,0,TRUE,TRUE,FALSE
"Scenario2","V-PCA","Ichino-Yaguchi","Q_LC",NA,NA,0,1,1,0,TRUE,TRUE,FALSE
"Scenario2","V-PCA","Ichino-Yaguchi","B_LC",NA,NA,0,1,1,0,TRUE,TRUE,FALSE
"Scenario2","V-PCA","Wasserstein","Q_TC",NA,NA,0,1,1,0,TRUE,TRUE,FALSE
"Scenario2","V-PCA","Wasserstein","B_TC",NA,NA,0,1,1,0,TRUE,TRUE,FALSE
"Scenario2","V-PCA","Wasserstein","Q_RE",NA,NA,0,1,1,0,TRUE,TRUE,FALSE
"Scenario2","V-PCA","Wasserstein","B_RE",NA,NA,0,1,1,0,TRUE,TRUE,FALSE
"Scenario2","V-PCA","Wasserstein","Q_LC",NA,NA,0,1,1,0,TRUE,TRUE,FALSE
"Scenario2","V-PCA","Wasserstein","B_LC",NA,NA,0,1,1,0,TRUE,TRUE,FALSE
"Scenario2","V-PCA","Centers-Euclidean","Q_TC",NA,NA,0,1,1,0,TRUE,TRUE,FALSE
"Scenario2","V-PCA","Centers-Euclidean","B_TC",NA,NA,0,1,1,0,TRUE,TRUE,FALSE
"Scenario2","V-PCA","Centers-Euclidean","Q_RE",NA,NA,0,1,1,0,TRUE,TRUE,FALSE
"Scenario2","V-PCA","Centers-Euclidean","B_RE",NA,NA,0,1,1,0,TRUE,TRUE,FALSE
"Scenario2","V-PCA","Centers-Euclidean","Q_LC",NA,NA,0,1,1,0,TRUE,TRUE,FALSE
"Scenario2","V-PCA","Centers-Euclidean","B_LC",NA,NA,0,1,1,0,TRUE,TRUE,FALSE
"Scenario2","MR-PCA","Int-Euclidean","Q_TC",NA,NA,0,1,1,0,TRUE,TRUE,FALSE
"Scenario2","MR-PCA","Int-Euclidean","B_TC",NA,NA,0,1,1,0,TRUE,TRUE,FALSE
"Scenario2","MR-PCA","Int-Euclidean","Q_RE",NA,NA,0,1,1,0,TRUE,TRUE,FALSE
"Scenario2","MR-PCA","Int-Euclidean","B_RE",NA,NA,0,1,1,0,TRUE,TRUE,FALSE
"Scenario2","MR-PCA","Int-Euclidean","Q_LC",NA,NA,0,1,1,0,TRUE,TRUE,FALSE
"Scenario2","MR-PCA","Int-Euclidean","B_LC",NA,NA,0,1,1,0,TRUE,TRUE,FALSE
"Scenario2","MR-PCA","Hausdorff","Q_TC",NA,NA,0,1,1,0,TRUE,TRUE,FALSE
"Scenario2","MR-PCA","Hausdorff","B_TC",NA,NA,0,1,1,0,TRUE,TRUE,FALSE
"Scenario2","MR-PCA","Hausdorff","Q_RE",NA,NA,0,1,1,0,TRUE,TRUE,FALSE
"Scenario2","MR-PCA","Hausdorff","B_RE",NA,NA,0,1,1,0,TRUE,TRUE,FALSE
"Scenario2","MR-PCA","Hausdorff","Q_LC",NA,NA,0,1,1,0,TRUE,TRUE,FALSE
"Scenario2","MR-PCA","Hausdorff","B_LC",NA,NA,0,1,1,0,TRUE,TRUE,FALSE
"Scenario2","MR-PCA","Ichino-Yaguchi","Q_TC",NA,NA,0,1,1,0,TRUE,TRUE,FALSE
"Scenario2","MR-PCA","Ichino-Yaguchi","B_TC",NA,NA,0,1,1,0,TRUE,TRUE,FALSE
"Scenario2","MR-PCA","Ichino-Yaguchi","Q_RE",NA,NA,0,1,1,0,TRUE,TRUE,FALSE
"Scenario2","MR-PCA","Ichino-Yaguchi","B_RE",NA,NA,0,1,1,0,TRUE,TRUE,FALSE
"Scenario2","MR-PCA","Ichino-Yaguchi","Q_LC",NA,NA,0,1,1,0,TRUE,TRUE,FALSE
"Scenario2","MR-PCA","Ichino-Yaguchi","B_LC",NA,NA,0,1,1,0,TRUE,TRUE,FALSE
"Scenario2","MR-PCA","Wasserstein","Q_TC",NA,NA,0,1,1,0,TRUE,TRUE,FALSE
"Scenario2","MR-PCA","Wasserstein","B_TC",NA,NA,0,1,1,0,TRUE,TRUE,FALSE
"Scenario2","MR-PCA","Wasserstein","Q_RE",NA,NA,0,1,1,0,TRUE,TRUE,FALSE
"Scenario2","MR-PCA","Wasserstein","B_RE",NA,NA,0,1,1,0,TRUE,TRUE,FALSE
"Scenario2","MR-PCA","Wasserstein","Q_LC",NA,NA,0,1,1,0,TRUE,TRUE,FALSE
"Scenario2","MR-PCA","Wasserstein","B_LC",NA,NA,0,1,1,0,TRUE,TRUE,FALSE
"Scenario2","MR-PCA","Centers-Euclidean","Q_TC",NA,NA,0,1,1,0,TRUE,TRUE,FALSE
"Scenario2","MR-PCA","Centers-Euclidean","B_TC",NA,NA,0,1,1,0,TRUE,TRUE,FALSE
"Scenario2","MR-PCA","Centers-Euclidean","Q_RE",NA,NA,0,1,1,0,TRUE,TRUE,FALSE
"Scenario2","MR-PCA","Centers-Euclidean","B_RE",NA,NA,0,1,1,0,TRUE,TRUE,FALSE
"Scenario2","MR-PCA","Centers-Euclidean","Q_LC",NA,NA,0,1,1,0,TRUE,TRUE,FALSE
"Scenario2","MR-PCA","Centers-Euclidean","B_LC",NA,NA,0,1,1,0,TRUE,TRUE,FALSE
"Scenario2","SPCA","Int-Euclidean","Q_TC",NA,NA,0,1,1,0,TRUE,TRUE,FALSE
"Scenario2","SPCA","Int-Euclidean","B_TC",NA,NA,0,1,1,0,TRUE,TRUE,FALSE
"Scenario2","SPCA","Int-Euclidean","Q_RE",NA,NA,0,1,1,0,TRUE,TRUE,FALSE
"Scenario2","SPCA","Int-Euclidean","B_RE",NA,NA,0,1,1,0,TRUE,TRUE,FALSE
"Scenario2","SPCA","Int-Euclidean","Q_LC",NA,NA,0,1,1,0,TRUE,TRUE,FALSE
"Scenario2","SPCA","Int-Euclidean","B_LC",NA,NA,0,1,1,0,TRUE,TRUE,FALSE
"Scenario2","SPCA","Hausdorff","Q_TC",NA,NA,0,1,1,0,TRUE,TRUE,FALSE
"Scenario2","SPCA","Hausdorff","B_TC",NA,NA,0,1,1,0,TRUE,TRUE,FALSE
"Scenario2","SPCA","Hausdorff","Q_RE",NA,NA,0,1,1,0,TRUE,TRUE,FALSE
"Scenario2","SPCA","Hausdorff","B_RE",NA,NA,0,1,1,0,TRUE,TRUE,FALSE
"Scenario2","SPCA","Hausdorff","Q_LC",NA,NA,0,1,1,0,TRUE,TRUE,FALSE
"Scenario2","SPCA","Hausdorff","B_LC",NA,NA,0,1,1,0,TRUE,TRUE,FALSE
"Scenario2","SPCA","Ichino-Yaguchi","Q_TC",NA,NA,0,1,1,0,TRUE,TRUE,FALSE
"Scenario2","SPCA","Ichino-Yaguchi","B_TC",NA,NA,0,1,1,0,TRUE,TRUE,FALSE
"Scenario2","SPCA","Ichino-Yaguchi","Q_RE",NA,NA,0,1,1,0,TRUE,TRUE,FALSE
"Scenario2","SPCA","Ichino-Yaguchi","B_RE",NA,NA,0,1,1,0,TRUE,TRUE,FALSE
"Scenario2","SPCA","Ichino-Yaguchi","Q_LC",NA,NA,0,1,1,0,TRUE,TRUE,FALSE
"Scenario2","SPCA","Ichino-Yaguchi","B_LC",NA,NA,0,1,1,0,TRUE,TRUE,FALSE
"Scenario2","SPCA","Wasserstein","Q_TC",NA,NA,0,1,1,0,TRUE,TRUE,FALSE
"Scenario2","SPCA","Wasserstein","B_TC",NA,NA,0,1,1,0,TRUE,TRUE,FALSE
"Scenario2","SPCA","Wasserstein","Q_RE",NA,NA,0,1,1,0,TRUE,TRUE,FALSE
"Scenario2","SPCA","Wasserstein","B_RE",NA,NA,0,1,1,0,TRUE,TRUE,FALSE
"Scenario2","SPCA","Wasserstein","Q_LC",NA,NA,0,1,1,0,TRUE,TRUE,FALSE
"Scenario2","SPCA","Wasserstein","B_LC",NA,NA,0,1,1,0,TRUE,TRUE,FALSE
"Scenario2","SPCA","Centers-Euclidean","Q_TC",NA,NA,0,1,1,0,TRUE,TRUE,FALSE
"Scenario2","SPCA","Centers-Euclidean","B_TC",NA,NA,0,1,1,0,TRUE,TRUE,FALSE
"Scenario2","SPCA","Centers-Euclidean","Q_RE",NA,NA,0,1,1,0,TRUE,TRUE,FALSE
"Scenario2","SPCA","Centers-Euclidean","B_RE",NA,NA,0,1,1,0,TRUE,TRUE,FALSE
"Scenario2","SPCA","Centers-Euclidean","Q_LC",NA,NA,0,1,1,0,TRUE,TRUE,FALSE
"Scenario2","SPCA","Centers-Euclidean","B_LC",NA,NA,0,1,1,0,TRUE,TRUE,FALSE
"Scenario2","IMDS","Int-Euclidean","Q_TC",NA,NA,0,1,1,0.003,TRUE,TRUE,FALSE
"Scenario2","IMDS","Int-Euclidean","B_TC",NA,NA,0,0.92,0.92,0.003,TRUE,TRUE,FALSE
"Scenario2","IMDS","Int-Euclidean","Q_RE",NA,NA,0,1,1,0.004,TRUE,TRUE,FALSE
"Scenario2","IMDS","Int-Euclidean","B_RE",NA,NA,0,0.96,0.96,0.002,TRUE,TRUE,FALSE
"Scenario2","IMDS","Int-Euclidean","Q_LC",NA,NA,0,1,1,0.005,TRUE,TRUE,FALSE
"Scenario2","IMDS","Int-Euclidean","B_LC",NA,NA,0,0.24,0.24,0.00800000000000001,FALSE,FALSE,FALSE
"Scenario2","IMDS","Hausdorff","Q_TC",NA,NA,0,1,1,0.003,TRUE,TRUE,FALSE
"Scenario2","IMDS","Hausdorff","B_TC",NA,NA,0,0.64,0.64,0.001,FALSE,FALSE,FALSE
"Scenario2","IMDS","Hausdorff","Q_RE",NA,NA,0,1,1,0.004,TRUE,TRUE,FALSE
"Scenario2","IMDS","Hausdorff","B_RE",NA,NA,0,0.8,0.8,0.002,FALSE,FALSE,FALSE
"Scenario2","IMDS","Hausdorff","Q_LC",NA,NA,0,1,1,0.005,TRUE,TRUE,FALSE
"Scenario2","IMDS","Hausdorff","B_LC",NA,NA,0,0.24,0.24,0.003,FALSE,FALSE,FALSE
"Scenario2","IMDS","Ichino-Yaguchi","Q_TC",NA,NA,0,1,1,0.003,TRUE,TRUE,FALSE
"Scenario2","IMDS","Ichino-Yaguchi","B_TC",NA,NA,0,0.56,0.56,0.001,FALSE,FALSE,FALSE
"Scenario2","IMDS","Ichino-Yaguchi","Q_RE",NA,NA,0,1,1,0.004,TRUE,TRUE,FALSE
"Scenario2","IMDS","Ichino-Yaguchi","B_RE",NA,NA,0,0.64,0.64,0,FALSE,FALSE,FALSE
"Scenario2","IMDS","Ichino-Yaguchi","Q_LC",NA,NA,0,1,1,0.005,TRUE,TRUE,FALSE
"Scenario2","IMDS","Ichino-Yaguchi","B_LC",NA,NA,0,0.12,0.12,0.00600000000000001,FALSE,FALSE,FALSE
"Scenario2","IMDS","Wasserstein","Q_TC",NA,NA,0,1,1,0.003,TRUE,TRUE,FALSE
"Scenario2","IMDS","Wasserstein","B_TC",NA,NA,0,0.84,0.84,0.002,FALSE,FALSE,FALSE
"Scenario2","IMDS","Wasserstein","Q_RE",NA,NA,0,1,1,0.004,TRUE,TRUE,FALSE
"Scenario2","IMDS","Wasserstein","B_RE",NA,NA,0,0.92,0.92,0.002,TRUE,TRUE,FALSE
"Scenario2","IMDS","Wasserstein","Q_LC",NA,NA,0,1,1,0.005,TRUE,TRUE,FALSE
"Scenario2","IMDS","Wasserstein","B_LC",NA,NA,0,0.12,0.12,0.004,FALSE,FALSE,FALSE
"Scenario2","IMDS","Centers-Euclidean","Q_TC",NA,NA,0,1,1,0.003,TRUE,TRUE,FALSE
"Scenario2","IMDS","Centers-Euclidean","B_TC",NA,NA,0,1,1,0.003,TRUE,TRUE,FALSE
"Scenario2","IMDS","Centers-Euclidean","Q_RE",NA,NA,0,1,1,0.004,TRUE,TRUE,FALSE
"Scenario2","IMDS","Centers-Euclidean","B_RE",NA,NA,0,1,1,0.004,TRUE,TRUE,FALSE
"Scenario2","IMDS","Centers-Euclidean","Q_LC",NA,NA,0,1,1,0.005,TRUE,TRUE,FALSE
"Scenario2","IMDS","Centers-Euclidean","B_LC",NA,NA,0,0.52,0.52,0.00600000000000001,FALSE,FALSE,FALSE
"Scenario2","Int-UMAP","Int-Euclidean","Q_TC",NA,NA,0,1,1,0.002,TRUE,TRUE,FALSE
"Scenario2","Int-UMAP","Int-Euclidean","B_TC",NA,NA,0.004,0.8,0.8,0.00700000000000001,FALSE,FALSE,FALSE
"Scenario2","Int-UMAP","Int-Euclidean","Q_RE",NA,NA,0,1,1,0.003,TRUE,TRUE,FALSE
"Scenario2","Int-UMAP","Int-Euclidean","B_RE",NA,NA,0.749,0.48,0.48,0.618,FALSE,FALSE,FALSE
"Scenario2","Int-UMAP","Int-Euclidean","Q_LC",NA,NA,0,1,1,0,TRUE,TRUE,FALSE
"Scenario2","Int-UMAP","Int-Euclidean","B_LC",NA,NA,0,1,1,0,TRUE,TRUE,FALSE
"Scenario2","Int-UMAP","Hausdorff","Q_TC",NA,NA,0,1,1,0.002,TRUE,TRUE,FALSE
"Scenario2","Int-UMAP","Hausdorff","B_TC",NA,NA,0.819,0.8,0.8,0.898,FALSE,FALSE,FALSE
"Scenario2","Int-UMAP","Hausdorff","Q_RE",NA,NA,0,1,1,0.003,TRUE,TRUE,FALSE
"Scenario2","Int-UMAP","Hausdorff","B_RE",NA,NA,0.597,0.36,0.36,0.448,FALSE,FALSE,FALSE
"Scenario2","Int-UMAP","Hausdorff","Q_LC",NA,NA,0,1,1,0,TRUE,TRUE,FALSE
"Scenario2","Int-UMAP","Hausdorff","B_LC",NA,NA,0,1,1,0,TRUE,TRUE,FALSE
"Scenario2","Int-UMAP","Ichino-Yaguchi","Q_TC",NA,NA,0,1,1,0.002,TRUE,TRUE,FALSE
"Scenario2","Int-UMAP","Ichino-Yaguchi","B_TC",NA,NA,0.158,0.8,0.8,0.277,FALSE,FALSE,FALSE
"Scenario2","Int-UMAP","Ichino-Yaguchi","Q_RE",NA,NA,0,1,1,0.003,TRUE,TRUE,FALSE
"Scenario2","Int-UMAP","Ichino-Yaguchi","B_RE",NA,NA,0.142,0.4,0.4,0.15,FALSE,FALSE,FALSE
"Scenario2","Int-UMAP","Ichino-Yaguchi","Q_LC",NA,NA,0,1,1,0,TRUE,TRUE,FALSE
"Scenario2","Int-UMAP","Ichino-Yaguchi","B_LC",NA,NA,0,1,1,0,TRUE,TRUE,FALSE
"Scenario2","Int-UMAP","Wasserstein","Q_TC",NA,NA,0,1,1,0.002,TRUE,TRUE,FALSE
"Scenario2","Int-UMAP","Wasserstein","B_TC",NA,NA,0.231,0.8,0.8,0.423,FALSE,FALSE,FALSE
"Scenario2","Int-UMAP","Wasserstein","Q_RE",NA,NA,0,1,1,0.003,TRUE,TRUE,FALSE
"Scenario2","Int-UMAP","Wasserstein","B_RE",NA,NA,0.049,0.36,0.36,0.0620000000000001,FALSE,FALSE,FALSE
"Scenario2","Int-UMAP","Wasserstein","Q_LC",NA,NA,0,1,1,0,TRUE,TRUE,FALSE
"Scenario2","Int-UMAP","Wasserstein","B_LC",NA,NA,0,1,1,0,TRUE,TRUE,FALSE
"Scenario2","Int-UMAP","Centers-Euclidean","Q_TC",NA,NA,0,1,1,0.002,TRUE,TRUE,FALSE
"Scenario2","Int-UMAP","Centers-Euclidean","B_TC",NA,NA,0.05,0.8,0.8,0.083,FALSE,FALSE,FALSE
"Scenario2","Int-UMAP","Centers-Euclidean","Q_RE",NA,NA,0,1,1,0.003,TRUE,TRUE,FALSE
"Scenario2","Int-UMAP","Centers-Euclidean","B_RE",NA,NA,0.437,0.4,0.4,0.438,FALSE,FALSE,FALSE
"Scenario2","Int-UMAP","Centers-Euclidean","Q_LC",NA,NA,0,1,1,0,TRUE,TRUE,FALSE
"Scenario2","Int-UMAP","Centers-Euclidean","B_LC",NA,NA,0,1,1,0,TRUE,TRUE,FALSE
"Scenario4","C-PCA","Int-Euclidean","Q_TC",NA,NA,0,1,1,0.003,TRUE,TRUE,FALSE
"Scenario4","C-PCA","Int-Euclidean","B_TC",NA,NA,0.017,0.68,0.68,0.049,FALSE,FALSE,FALSE
"Scenario4","C-PCA","Int-Euclidean","Q_RE",NA,NA,0,1,1,0.002,TRUE,TRUE,FALSE
"Scenario4","C-PCA","Int-Euclidean","B_RE",NA,NA,0.007,0.8,0.84,0.031,FALSE,FALSE,FALSE
"Scenario4","C-PCA","Int-Euclidean","Q_LC",NA,NA,0,1,1,0,TRUE,TRUE,FALSE
"Scenario4","C-PCA","Int-Euclidean","B_LC",NA,NA,0,1,1,0,TRUE,TRUE,FALSE
"Scenario4","C-PCA","Hausdorff","Q_TC",NA,NA,0,1,1,0.003,TRUE,TRUE,FALSE
"Scenario4","C-PCA","Hausdorff","B_TC",NA,NA,0.001,1,1,0.007,TRUE,TRUE,FALSE
"Scenario4","C-PCA","Hausdorff","Q_RE",NA,NA,0,1,1,0.002,TRUE,TRUE,FALSE
"Scenario4","C-PCA","Hausdorff","B_RE",NA,NA,0.001,1,1,0.003,TRUE,TRUE,FALSE
"Scenario4","C-PCA","Hausdorff","Q_LC",NA,NA,0,1,1,0,TRUE,TRUE,FALSE
"Scenario4","C-PCA","Hausdorff","B_LC",NA,NA,0,1,1,0,TRUE,TRUE,FALSE
"Scenario4","C-PCA","Ichino-Yaguchi","Q_TC",NA,NA,0,1,1,0.003,TRUE,TRUE,FALSE
"Scenario4","C-PCA","Ichino-Yaguchi","B_TC",NA,NA,0,1,1,0.002,TRUE,TRUE,FALSE
"Scenario4","C-PCA","Ichino-Yaguchi","Q_RE",NA,NA,0,1,1,0.002,TRUE,TRUE,FALSE
"Scenario4","C-PCA","Ichino-Yaguchi","B_RE",NA,NA,0,1,1,0.002,TRUE,TRUE,FALSE
"Scenario4","C-PCA","Ichino-Yaguchi","Q_LC",NA,NA,0,1,1,0,TRUE,TRUE,FALSE
"Scenario4","C-PCA","Ichino-Yaguchi","B_LC",NA,NA,0,1,1,0,TRUE,TRUE,FALSE
"Scenario4","C-PCA","Wasserstein","Q_TC",NA,NA,0,1,1,0.003,TRUE,TRUE,FALSE
"Scenario4","C-PCA","Wasserstein","B_TC",NA,NA,0.001,1,1,0.008,TRUE,TRUE,FALSE
"Scenario4","C-PCA","Wasserstein","Q_RE",NA,NA,0,1,1,0.002,TRUE,TRUE,FALSE
"Scenario4","C-PCA","Wasserstein","B_RE",NA,NA,0.001,1,1,0.009,TRUE,TRUE,FALSE
"Scenario4","C-PCA","Wasserstein","Q_LC",NA,NA,0,1,1,0,TRUE,TRUE,FALSE
"Scenario4","C-PCA","Wasserstein","B_LC",NA,NA,0,1,1,0,TRUE,TRUE,FALSE
"Scenario4","C-PCA","Centers-Euclidean","Q_TC",NA,NA,0,1,1,0.003,TRUE,TRUE,FALSE
"Scenario4","C-PCA","Centers-Euclidean","B_TC",NA,NA,0,1,1,0.003,TRUE,TRUE,FALSE
"Scenario4","C-PCA","Centers-Euclidean","Q_RE",NA,NA,0,1,1,0.002,TRUE,TRUE,FALSE
"Scenario4","C-PCA","Centers-Euclidean","B_RE",NA,NA,0.001,1,1,0.008,TRUE,TRUE,FALSE
"Scenario4","C-PCA","Centers-Euclidean","Q_LC",NA,NA,0,1,1,0,TRUE,TRUE,FALSE
"Scenario4","C-PCA","Centers-Euclidean","B_LC",NA,NA,0,1,1,0,TRUE,TRUE,FALSE
"Scenario4","V-PCA","Int-Euclidean","Q_TC",NA,NA,0,1,1,0.002,TRUE,TRUE,FALSE
"Scenario4","V-PCA","Int-Euclidean","B_TC",NA,NA,0.012,0.72,0.68,0.058,FALSE,FALSE,FALSE
"Scenario4","V-PCA","Int-Euclidean","Q_RE",NA,NA,0,1,1,0.002,TRUE,TRUE,FALSE
"Scenario4","V-PCA","Int-Euclidean","B_RE",NA,NA,0.024,0.76,0.8,0.09,FALSE,FALSE,FALSE
"Scenario4","V-PCA","Int-Euclidean","Q_LC",NA,NA,0,1,1,0,TRUE,TRUE,FALSE
"Scenario4","V-PCA","Int-Euclidean","B_LC",NA,NA,0,1,1,0,TRUE,TRUE,FALSE
"Scenario4","V-PCA","Hausdorff","Q_TC",NA,NA,0,1,1,0.002,TRUE,TRUE,FALSE
"Scenario4","V-PCA","Hausdorff","B_TC",NA,NA,0.001,1,1,0.006,TRUE,TRUE,FALSE
"Scenario4","V-PCA","Hausdorff","Q_RE",NA,NA,0,1,1,0.002,TRUE,TRUE,FALSE
"Scenario4","V-PCA","Hausdorff","B_RE",NA,NA,0.002,1,1,0.008,TRUE,TRUE,FALSE
"Scenario4","V-PCA","Hausdorff","Q_LC",NA,NA,0,1,1,0,TRUE,TRUE,FALSE
"Scenario4","V-PCA","Hausdorff","B_LC",NA,NA,0,1,1,0,TRUE,TRUE,FALSE
"Scenario4","V-PCA","Ichino-Yaguchi","Q_TC",NA,NA,0,1,1,0.002,TRUE,TRUE,FALSE
"Scenario4","V-PCA","Ichino-Yaguchi","B_TC",NA,NA,0.001,1,1,0.006,TRUE,TRUE,FALSE
"Scenario4","V-PCA","Ichino-Yaguchi","Q_RE",NA,NA,0,1,1,0.002,TRUE,TRUE,FALSE
"Scenario4","V-PCA","Ichino-Yaguchi","B_RE",NA,NA,0.001,1,1,0.004,TRUE,TRUE,FALSE
"Scenario4","V-PCA","Ichino-Yaguchi","Q_LC",NA,NA,0,1,1,0,TRUE,TRUE,FALSE
"Scenario4","V-PCA","Ichino-Yaguchi","B_LC",NA,NA,0,1,1,0,TRUE,TRUE,FALSE
"Scenario4","V-PCA","Wasserstein","Q_TC",NA,NA,0,1,1,0.002,TRUE,TRUE,FALSE
"Scenario4","V-PCA","Wasserstein","B_TC",NA,NA,0,1,1,0.002,TRUE,TRUE,FALSE
"Scenario4","V-PCA","Wasserstein","Q_RE",NA,NA,0,1,1,0.002,TRUE,TRUE,FALSE
"Scenario4","V-PCA","Wasserstein","B_RE",NA,NA,0,1,1,0.001,TRUE,TRUE,FALSE
"Scenario4","V-PCA","Wasserstein","Q_LC",NA,NA,0,1,1,0,TRUE,TRUE,FALSE
"Scenario4","V-PCA","Wasserstein","B_LC",NA,NA,0,1,1,0,TRUE,TRUE,FALSE
"Scenario4","V-PCA","Centers-Euclidean","Q_TC",NA,NA,0,1,1,0.002,TRUE,TRUE,FALSE
"Scenario4","V-PCA","Centers-Euclidean","B_TC",NA,NA,0,1,1,0.002,TRUE,TRUE,FALSE
"Scenario4","V-PCA","Centers-Euclidean","Q_RE",NA,NA,0,1,1,0.002,TRUE,TRUE,FALSE
"Scenario4","V-PCA","Centers-Euclidean","B_RE",NA,NA,0,1,1,0.002,TRUE,TRUE,FALSE
"Scenario4","V-PCA","Centers-Euclidean","Q_LC",NA,NA,0,1,1,0,TRUE,TRUE,FALSE
"Scenario4","V-PCA","Centers-Euclidean","B_LC",NA,NA,0,1,1,0,TRUE,TRUE,FALSE
"Scenario4","MR-PCA","Int-Euclidean","Q_TC",NA,NA,0,1,1,0,TRUE,TRUE,FALSE
"Scenario4","MR-PCA","Int-Euclidean","B_TC",NA,NA,0,1,1,0,TRUE,TRUE,FALSE
"Scenario4","MR-PCA","Int-Euclidean","Q_RE",NA,NA,0,1,1,0.001,TRUE,TRUE,FALSE
"Scenario4","MR-PCA","Int-Euclidean","B_RE",NA,NA,0,1,1,0.001,TRUE,TRUE,FALSE
"Scenario4","MR-PCA","Int-Euclidean","Q_LC",NA,NA,0,1,1,0,TRUE,TRUE,FALSE
"Scenario4","MR-PCA","Int-Euclidean","B_LC",NA,NA,0,1,1,0,TRUE,TRUE,FALSE
"Scenario4","MR-PCA","Hausdorff","Q_TC",NA,NA,0,1,1,0,TRUE,TRUE,FALSE
"Scenario4","MR-PCA","Hausdorff","B_TC",NA,NA,0.001,1,1,0.005,TRUE,TRUE,FALSE
"Scenario4","MR-PCA","Hausdorff","Q_RE",NA,NA,0,1,1,0.001,TRUE,TRUE,FALSE
"Scenario4","MR-PCA","Hausdorff","B_RE",NA,NA,0.004,1,1,0.012,TRUE,TRUE,FALSE
"Scenario4","MR-PCA","Hausdorff","Q_LC",NA,NA,0,1,1,0,TRUE,TRUE,FALSE
"Scenario4","MR-PCA","Hausdorff","B_LC",NA,NA,0,1,1,0,TRUE,TRUE,FALSE
"Scenario4","MR-PCA","Ichino-Yaguchi","Q_TC",NA,NA,0,1,1,0,TRUE,TRUE,FALSE
"Scenario4","MR-PCA","Ichino-Yaguchi","B_TC",NA,NA,0,1,1,0,TRUE,TRUE,FALSE
"Scenario4","MR-PCA","Ichino-Yaguchi","Q_RE",NA,NA,0,1,1,0.001,TRUE,TRUE,FALSE
"Scenario4","MR-PCA","Ichino-Yaguchi","B_RE",NA,NA,0.001,1,1,0.004,TRUE,TRUE,FALSE
"Scenario4","MR-PCA","Ichino-Yaguchi","Q_LC",NA,NA,0,1,1,0,TRUE,TRUE,FALSE
"Scenario4","MR-PCA","Ichino-Yaguchi","B_LC",NA,NA,0,1,1,0,TRUE,TRUE,FALSE
"Scenario4","MR-PCA","Wasserstein","Q_TC",NA,NA,0,1,1,0,TRUE,TRUE,FALSE
"Scenario4","MR-PCA","Wasserstein","B_TC",NA,NA,0,1,1,0,TRUE,TRUE,FALSE
"Scenario4","MR-PCA","Wasserstein","Q_RE",NA,NA,0,1,1,0.001,TRUE,TRUE,FALSE
"Scenario4","MR-PCA","Wasserstein","B_RE",NA,NA,0.001,1,1,0.004,TRUE,TRUE,FALSE
"Scenario4","MR-PCA","Wasserstein","Q_LC",NA,NA,0,1,1,0,TRUE,TRUE,FALSE
"Scenario4","MR-PCA","Wasserstein","B_LC",NA,NA,0,1,1,0,TRUE,TRUE,FALSE
"Scenario4","MR-PCA","Centers-Euclidean","Q_TC",NA,NA,0,1,1,0,TRUE,TRUE,FALSE
"Scenario4","MR-PCA","Centers-Euclidean","B_TC",NA,NA,0,1,1,0,TRUE,TRUE,FALSE
"Scenario4","MR-PCA","Centers-Euclidean","Q_RE",NA,NA,0,1,1,0.001,TRUE,TRUE,FALSE
"Scenario4","MR-PCA","Centers-Euclidean","B_RE",NA,NA,0,1,1,0.001,TRUE,TRUE,FALSE
"Scenario4","MR-PCA","Centers-Euclidean","Q_LC",NA,NA,0,1,1,0,TRUE,TRUE,FALSE
"Scenario4","MR-PCA","Centers-Euclidean","B_LC",NA,NA,0,1,1,0,TRUE,TRUE,FALSE
"Scenario4","SPCA","Int-Euclidean","Q_TC",NA,NA,0,1,1,0.002,TRUE,TRUE,FALSE
"Scenario4","SPCA","Int-Euclidean","B_TC",NA,NA,0.018,0.68,0.68,0.062,FALSE,FALSE,FALSE
"Scenario4","SPCA","Int-Euclidean","Q_RE",NA,NA,0,1,1,0.002,TRUE,TRUE,FALSE
"Scenario4","SPCA","Int-Euclidean","B_RE",NA,NA,0.009,0.84,0.76,0.047,FALSE,FALSE,FALSE
"Scenario4","SPCA","Int-Euclidean","Q_LC",NA,NA,0,1,1,0,TRUE,TRUE,FALSE
"Scenario4","SPCA","Int-Euclidean","B_LC",NA,NA,0,1,1,0,TRUE,TRUE,FALSE
"Scenario4","SPCA","Hausdorff","Q_TC",NA,NA,0,1,1,0.002,TRUE,TRUE,FALSE
"Scenario4","SPCA","Hausdorff","B_TC",NA,NA,0,1,1,0.002,TRUE,TRUE,FALSE
"Scenario4","SPCA","Hausdorff","Q_RE",NA,NA,0,1,1,0.002,TRUE,TRUE,FALSE
"Scenario4","SPCA","Hausdorff","B_RE",NA,NA,0.003,1,1,0.014,TRUE,TRUE,FALSE
"Scenario4","SPCA","Hausdorff","Q_LC",NA,NA,0,1,1,0,TRUE,TRUE,FALSE
"Scenario4","SPCA","Hausdorff","B_LC",NA,NA,0,1,1,0,TRUE,TRUE,FALSE
"Scenario4","SPCA","Ichino-Yaguchi","Q_TC",NA,NA,0,1,1,0.002,TRUE,TRUE,FALSE
"Scenario4","SPCA","Ichino-Yaguchi","B_TC",NA,NA,0,1,1,0.002,TRUE,TRUE,FALSE
"Scenario4","SPCA","Ichino-Yaguchi","Q_RE",NA,NA,0,1,1,0.002,TRUE,TRUE,FALSE
"Scenario4","SPCA","Ichino-Yaguchi","B_RE",NA,NA,0.001,1,1,0.005,TRUE,TRUE,FALSE
"Scenario4","SPCA","Ichino-Yaguchi","Q_LC",NA,NA,0,1,1,0,TRUE,TRUE,FALSE
"Scenario4","SPCA","Ichino-Yaguchi","B_LC",NA,NA,0,1,1,0,TRUE,TRUE,FALSE
"Scenario4","SPCA","Wasserstein","Q_TC",NA,NA,0,1,1,0.002,TRUE,TRUE,FALSE
"Scenario4","SPCA","Wasserstein","B_TC",NA,NA,0,1,1,0.002,TRUE,TRUE,FALSE
"Scenario4","SPCA","Wasserstein","Q_RE",NA,NA,0,1,1,0.002,TRUE,TRUE,FALSE
"Scenario4","SPCA","Wasserstein","B_RE",NA,NA,0.001,1,1,0.007,TRUE,TRUE,FALSE
"Scenario4","SPCA","Wasserstein","Q_LC",NA,NA,0,1,1,0,TRUE,TRUE,FALSE
"Scenario4","SPCA","Wasserstein","B_LC",NA,NA,0,1,1,0,TRUE,TRUE,FALSE
"Scenario4","SPCA","Centers-Euclidean","Q_TC",NA,NA,0,1,1,0.002,TRUE,TRUE,FALSE
"Scenario4","SPCA","Centers-Euclidean","B_TC",NA,NA,0,1,1,0.002,TRUE,TRUE,FALSE
"Scenario4","SPCA","Centers-Euclidean","Q_RE",NA,NA,0,1,1,0.002,TRUE,TRUE,FALSE
"Scenario4","SPCA","Centers-Euclidean","B_RE",NA,NA,0,1,1,0.002,TRUE,TRUE,FALSE
"Scenario4","SPCA","Centers-Euclidean","Q_LC",NA,NA,0,1,1,0,TRUE,TRUE,FALSE
"Scenario4","SPCA","Centers-Euclidean","B_LC",NA,NA,0,1,1,0,TRUE,TRUE,FALSE
"Scenario4","IMDS","Int-Euclidean","Q_TC",NA,NA,0.063,0.6,0.56,0.099,FALSE,FALSE,FALSE
"Scenario4","IMDS","Int-Euclidean","B_TC",NA,NA,0.111,0.2,0.24,0.159,FALSE,FALSE,FALSE
"Scenario4","IMDS","Int-Euclidean","Q_RE",NA,NA,0.022,0.8,0.72,0.078,FALSE,FALSE,FALSE
"Scenario4","IMDS","Int-Euclidean","B_RE",NA,NA,0.069,0.6,0.64,0.107,FALSE,FALSE,FALSE
"Scenario4","IMDS","Int-Euclidean","Q_LC",NA,NA,0.003,0.96,0.92,0.031,TRUE,TRUE,FALSE
"Scenario4","IMDS","Int-Euclidean","B_LC",NA,NA,0.26,0.04,0.08,0.445,FALSE,FALSE,FALSE
"Scenario4","IMDS","Hausdorff","Q_TC",NA,NA,0,1,1,0.006,TRUE,TRUE,FALSE
"Scenario4","IMDS","Hausdorff","B_TC",NA,NA,0.016,0.88,0.88,0.044,FALSE,FALSE,FALSE
"Scenario4","IMDS","Hausdorff","Q_RE",NA,NA,0,1,1,0.005,TRUE,TRUE,FALSE
"Scenario4","IMDS","Hausdorff","B_RE",NA,NA,0.013,0.92,0.96,0.059,TRUE,TRUE,FALSE
"Scenario4","IMDS","Hausdorff","Q_LC",NA,NA,0.001,1,1,0.014,TRUE,TRUE,FALSE
"Scenario4","IMDS","Hausdorff","B_LC",NA,NA,0.11,0,0,0.139,FALSE,FALSE,FALSE
"Scenario4","IMDS","Ichino-Yaguchi","Q_TC",NA,NA,0,1,1,0.006,TRUE,TRUE,FALSE
"Scenario4","IMDS","Ichino-Yaguchi","B_TC",NA,NA,0.004,0.96,0.92,0.016,TRUE,TRUE,FALSE
"Scenario4","IMDS","Ichino-Yaguchi","Q_RE",NA,NA,0,1,1,0.005,TRUE,TRUE,FALSE
"Scenario4","IMDS","Ichino-Yaguchi","B_RE",NA,NA,0.003,0.96,0.96,0.019,TRUE,TRUE,FALSE
"Scenario4","IMDS","Ichino-Yaguchi","Q_LC",NA,NA,0.001,1,1,0.009,TRUE,TRUE,FALSE
"Scenario4","IMDS","Ichino-Yaguchi","B_LC",NA,NA,0.125,0,0,0.073,FALSE,FALSE,FALSE
"Scenario4","IMDS","Wasserstein","Q_TC",NA,NA,0,1,1,0.006,TRUE,TRUE,FALSE
"Scenario4","IMDS","Wasserstein","B_TC",NA,NA,0.013,0.88,0.88,0.022,FALSE,FALSE,FALSE
"Scenario4","IMDS","Wasserstein","Q_RE",NA,NA,0,1,1,0.005,TRUE,TRUE,FALSE
"Scenario4","IMDS","Wasserstein","B_RE",NA,NA,0.003,0.96,0.96,0.017,TRUE,TRUE,FALSE
"Scenario4","IMDS","Wasserstein","Q_LC",NA,NA,0.001,1,1,0.011,TRUE,TRUE,FALSE
"Scenario4","IMDS","Wasserstein","B_LC",NA,NA,0.149,0.04,0.04,0.078,FALSE,FALSE,FALSE
"Scenario4","IMDS","Centers-Euclidean","Q_TC",NA,NA,0,1,1,0.006,TRUE,TRUE,FALSE
"Scenario4","IMDS","Centers-Euclidean","B_TC",NA,NA,0.013,0.84,0.84,0.049,FALSE,FALSE,FALSE
"Scenario4","IMDS","Centers-Euclidean","Q_RE",NA,NA,0,1,1,0.005,TRUE,TRUE,FALSE
"Scenario4","IMDS","Centers-Euclidean","B_RE",NA,NA,0.003,0.96,0.96,0.02,TRUE,TRUE,FALSE
"Scenario4","IMDS","Centers-Euclidean","Q_LC",NA,NA,0.004,1,1,0.019,TRUE,TRUE,FALSE
"Scenario4","IMDS","Centers-Euclidean","B_LC",NA,NA,0.131,0.04,0.04,0.125,FALSE,FALSE,FALSE
"Scenario4","Int-UMAP","Int-Euclidean","Q_TC",NA,NA,0,1,1,0.004,TRUE,TRUE,FALSE
"Scenario4","Int-UMAP","Int-Euclidean","B_TC",NA,NA,0.038,0.6,0.64,0.061,FALSE,FALSE,FALSE
"Scenario4","Int-UMAP","Int-Euclidean","Q_RE",NA,NA,0,1,1,0.004,TRUE,TRUE,FALSE
"Scenario4","Int-UMAP","Int-Euclidean","B_RE",NA,NA,0.026,0.64,0.64,0.066,FALSE,FALSE,FALSE
"Scenario4","Int-UMAP","Int-Euclidean","Q_LC",NA,NA,0,1,1,0.005,TRUE,TRUE,FALSE
"Scenario4","Int-UMAP","Int-Euclidean","B_LC",NA,NA,0.015,0.8,0.84,0.068,FALSE,FALSE,FALSE
"Scenario4","Int-UMAP","Hausdorff","Q_TC",NA,NA,0,1,1,0.004,TRUE,TRUE,FALSE
"Scenario4","Int-UMAP","Hausdorff","B_TC",NA,NA,0.02,0.48,0.52,0.054,FALSE,FALSE,FALSE
"Scenario4","Int-UMAP","Hausdorff","Q_RE",NA,NA,0,1,1,0.004,TRUE,TRUE,FALSE
"Scenario4","Int-UMAP","Hausdorff","B_RE",NA,NA,0.06,0.28,0.28,0.053,FALSE,FALSE,FALSE
"Scenario4","Int-UMAP","Hausdorff","Q_LC",NA,NA,0,1,1,0.005,TRUE,TRUE,FALSE
"Scenario4","Int-UMAP","Hausdorff","B_LC",NA,NA,0.176,0.44,0.36,0.12,FALSE,FALSE,FALSE
"Scenario4","Int-UMAP","Ichino-Yaguchi","Q_TC",NA,NA,0,1,1,0.004,TRUE,TRUE,FALSE
"Scenario4","Int-UMAP","Ichino-Yaguchi","B_TC",NA,NA,0.046,0.44,0.44,0.052,FALSE,FALSE,FALSE
"Scenario4","Int-UMAP","Ichino-Yaguchi","Q_RE",NA,NA,0,1,1,0.004,TRUE,TRUE,FALSE
"Scenario4","Int-UMAP","Ichino-Yaguchi","B_RE",NA,NA,0.029,0.36,0.32,0.071,FALSE,FALSE,FALSE
"Scenario4","Int-UMAP","Ichino-Yaguchi","Q_LC",NA,NA,0,1,1,0.005,TRUE,TRUE,FALSE
"Scenario4","Int-UMAP","Ichino-Yaguchi","B_LC",NA,NA,0.146,0.56,0.56,0.152,FALSE,FALSE,FALSE
"Scenario4","Int-UMAP","Wasserstein","Q_TC",NA,NA,0,1,1,0.004,TRUE,TRUE,FALSE
"Scenario4","Int-UMAP","Wasserstein","B_TC",NA,NA,0.026,0.48,0.48,0.062,FALSE,FALSE,FALSE
"Scenario4","Int-UMAP","Wasserstein","Q_RE",NA,NA,0,1,1,0.004,TRUE,TRUE,FALSE
"Scenario4","Int-UMAP","Wasserstein","B_RE",NA,NA,0.043,0.48,0.4,0.068,FALSE,FALSE,FALSE
"Scenario4","Int-UMAP","Wasserstein","Q_LC",NA,NA,0,1,1,0.005,TRUE,TRUE,FALSE
"Scenario4","Int-UMAP","Wasserstein","B_LC",NA,NA,0.129,0.56,0.6,0.26,FALSE,FALSE,FALSE
"Scenario4","Int-UMAP","Centers-Euclidean","Q_TC",NA,NA,0,1,1,0.004,TRUE,TRUE,FALSE
"Scenario4","Int-UMAP","Centers-Euclidean","B_TC",NA,NA,0.039,0.72,0.72,0.0700000000000001,FALSE,FALSE,FALSE
"Scenario4","Int-UMAP","Centers-Euclidean","Q_RE",NA,NA,0,1,1,0.004,TRUE,TRUE,FALSE
"Scenario4","Int-UMAP","Centers-Euclidean","B_RE",NA,NA,0.024,0.68,0.72,0.054,FALSE,FALSE,FALSE
"Scenario4","Int-UMAP","Centers-Euclidean","Q_LC",NA,NA,0,1,1,0.005,TRUE,TRUE,FALSE
"Scenario4","Int-UMAP","Centers-Euclidean","B_LC",NA,NA,0.056,0.8,0.8,0.13,FALSE,FALSE,FALSE
