"level","Method","Metric","index","primary","mean_qc_diff","mcse","n_rep"
"L3","C-PCA","Int-Euclidean","Q_TC",FALSE,0.192338186533031,0.00222103271273566,25
"L3","C-PCA","Int-Euclidean","Q_RE",FALSE,0.177167292807066,0.00244079342814626,25
"L3","C-PCA","Int-Euclidean","Q_LC",FALSE,0.134291349480969,0.00283246485143624,25
"L3","C-PCA","Hausdorff","Q_TC",FALSE,0.225997050471304,0.00174978256041162,25
"L3","C-PCA","Hausdorff","Q_RE",FALSE,0.206972632149365,0.00178732346291469,25
"L3","C-PCA","Hausdorff","Q_LC",FALSE,0.149520692041523,0.00233060602353199,25
"L3","C-PCA","Ichino-Yaguchi","Q_TC",FALSE,0.182332894722189,0.00179335140243229,25
"L3","C-PCA","Ichino-Yaguchi","Q_RE",FALSE,0.169266160053153,0.0018333894598756,25
"L3","C-PCA","Ichino-Yaguchi","Q_LC",FALSE,0.140402399077278,0.00222177031984103,25
"L3","C-PCA","Wasserstein","Q_TC",TRUE,0.172928908881199,0.00173996865593011,25
"L3","C-PCA","Wasserstein","Q_RE",FALSE,0.161420167266322,0.00174459377436136,25
"L3","C-PCA","Wasserstein","Q_LC",FALSE,0.122800369088812,0.00207302482074705,25
"L3","C-PCA","CR-Euclidean","Q_TC",FALSE,0.209128374975142,0.00168933368438478,25
"L3","C-PCA","CR-Euclidean","Q_RE",FALSE,0.191509731021811,0.00178111665496424,25
"L3","C-PCA","CR-Euclidean","Q_LC",FALSE,0.150017301038062,0.00232002878071572,25
"L3","V-PCA","Int-Euclidean","Q_TC",FALSE,0.192295042437259,0.00229475028637173,25
"L3","V-PCA","Int-Euclidean","Q_RE",FALSE,0.177148376751965,0.00237795629569505,25
"L3","V-PCA","Int-Euclidean","Q_LC",FALSE,0.133780945790081,0.00268376242387444,25
"L3","V-PCA","Hausdorff","Q_TC",FALSE,0.226128433042994,0.00181196980112194,25
"L3","V-PCA","Hausdorff","Q_RE",FALSE,0.20701102182249,0.00176919739588798,25
"L3","V-PCA","Hausdorff","Q_LC",FALSE,0.148830957324106,0.00235539440797932,25
"L3","V-PCA","Ichino-Yaguchi","Q_TC",FALSE,0.1824289343356,0.00177937858153055,25
"L3","V-PCA","Ichino-Yaguchi","Q_RE",FALSE,0.16927077097286,0.00176709489472728,25
"L3","V-PCA","Ichino-Yaguchi","Q_LC",FALSE,0.140195478662053,0.00232890776868674,25
"L3","V-PCA","Wasserstein","Q_TC",TRUE,0.172976476792746,0.00170993753319449,25
"L3","V-PCA","Wasserstein","Q_RE",FALSE,0.161602589818492,0.00171199997603026,25
"L3","V-PCA","Wasserstein","Q_LC",FALSE,0.122138223760092,0.00213397203943132,25
"L3","V-PCA","CR-Euclidean","Q_TC",FALSE,0.209295052937199,0.00169433575914418,25
"L3","V-PCA","CR-Euclidean","Q_RE",FALSE,0.19170149133622,0.00172321221758357,25
"L3","V-PCA","CR-Euclidean","Q_LC",FALSE,0.149410334486736,0.00242858457269283,25
"L3","MR-PCA","Int-Euclidean","Q_TC",FALSE,-0.207611006164738,0.00185618214852597,25
"L3","MR-PCA","Int-Euclidean","Q_RE",FALSE,-0.189227341289151,0.00150318497200663,25
"L3","MR-PCA","Int-Euclidean","Q_LC",FALSE,-0.0807127566320646,0.00175605790810348,25
"L3","MR-PCA","Hausdorff","Q_TC",FALSE,-0.192106435667979,0.00459909174586933,25
"L3","MR-PCA","Hausdorff","Q_RE",FALSE,-0.156310268782072,0.00595526970930492,25
"L3","MR-PCA","Hausdorff","Q_LC",FALSE,-0.0747534486735871,0.00209332687584862,25
"L3","MR-PCA","Ichino-Yaguchi","Q_TC",FALSE,-0.240119582866007,0.00197970080160075,25
"L3","MR-PCA","Ichino-Yaguchi","Q_RE",FALSE,-0.21831071074745,0.00267348985878888,25
"L3","MR-PCA","Ichino-Yaguchi","Q_LC",FALSE,-0.0792505190311419,0.00124979727783257,25
"L3","MR-PCA","Wasserstein","Q_TC",TRUE,-0.183781099789206,0.00167328748552741,25
"L3","MR-PCA","Wasserstein","Q_RE",FALSE,-0.169202781188451,0.00198214827849815,25
"L3","MR-PCA","Wasserstein","Q_LC",FALSE,-0.0619657670126874,0.00119875020801866,25
"L3","MR-PCA","CR-Euclidean","Q_TC",FALSE,-0.216140360816132,0.0020862793480745,25
"L3","MR-PCA","CR-Euclidean","Q_RE",FALSE,-0.187285835314202,0.00326902259148686,25
"L3","MR-PCA","CR-Euclidean","Q_LC",FALSE,-0.083844152249135,0.00149376009804624,25
"L3","SPCA","Int-Euclidean","Q_TC",FALSE,0.192338186533031,0.00222103271273566,25
"L3","SPCA","Int-Euclidean","Q_RE",FALSE,0.177167292807066,0.00244079342814626,25
"L3","SPCA","Int-Euclidean","Q_LC",FALSE,0.134291349480969,0.00283246485143624,25
"L3","SPCA","Hausdorff","Q_TC",FALSE,0.225997050471304,0.00174978256041162,25
"L3","SPCA","Hausdorff","Q_RE",FALSE,0.206972632149365,0.00178732346291469,25
"L3","SPCA","Hausdorff","Q_LC",FALSE,0.149520692041523,0.00233060602353199,25
"L3","SPCA","Ichino-Yaguchi","Q_TC",FALSE,0.182332894722189,0.00179335140243229,25
"L3","SPCA","Ichino-Yaguchi","Q_RE",FALSE,0.169266160053153,0.0018333894598756,25
"L3","SPCA","Ichino-Yaguchi","Q_LC",FALSE,0.140402399077278,0.00222177031984103,25
"L3","SPCA","Wasserstein","Q_TC",TRUE,0.172928908881199,0.00173996865593011,25
"L3","SPCA","Wasserstein","Q_RE",FALSE,0.161420167266322,0.00174459377436136,25
"L3","SPCA","Wasserstein","Q_LC",FALSE,0.122800369088812,0.00207302482074705,25
"L3","SPCA","CR-Euclidean","Q_TC",FALSE,0.209128374975142,0.00168933368438478,25
"L3","SPCA","CR-Euclidean","Q_RE",FALSE,0.191509731021811,0.00178111665496424,25
"L3","SPCA","CR-Euclidean","Q_LC",FALSE,0.150017301038062,0.00232002878071572,25
"L3","IMDS","Int-Euclidean","Q_TC",FALSE,0.0197694980296703,0.0137554063174635,25
"L3","IMDS","Int-Euclidean","Q_RE",FALSE,0.0080537651700627,0.0134333097678173,25
"L3","IMDS","Int-Euclidean","Q_LC",FALSE,-2.75893886966553e-05,0.00163389987589989,25
"L3","IMDS","Hausdorff","Q_TC",FALSE,0.148521272144136,0.00598195690654292,25
"L3","IMDS","Hausdorff","Q_RE",FALSE,0.166723423860948,0.00572352605448772,25
"L3","IMDS","Hausdorff","Q_LC",FALSE,0.0213955709342561,0.00114249165417029,25
"L3","IMDS","Ichino-Yaguchi","Q_TC",FALSE,0.129309297627173,0.00574322376128194,25
"L3","IMDS","Ichino-Yaguchi","Q_RE",FALSE,0.144189223655514,0.00580366213986998,25
"L3","IMDS","Ichino-Yaguchi","Q_LC",FALSE,0.0212162399077278,0.00110251888570863,25
"L3","IMDS","Wasserstein","Q_TC",TRUE,0.117195632342998,0.00560233668313275,25
"L3","IMDS","Wasserstein","Q_RE",FALSE,0.135713573792474,0.00543017867658547,25
"L3","IMDS","Wasserstein","Q_LC",FALSE,0.0187056055363322,0.00103446411998339,25
"L3","IMDS","CR-Euclidean","Q_TC",FALSE,0.138599955772979,0.00613782937839607,25
"L3","IMDS","CR-Euclidean","Q_RE",FALSE,0.154421122474254,0.00582665372405204,25
"L3","IMDS","CR-Euclidean","Q_LC",FALSE,0.0217266435986159,0.00129619976886771,25
"L3","Int-UMAP","Int-Euclidean","Q_TC",FALSE,0.361053054130374,0.00539261769674284,25
"L3","Int-UMAP","Int-Euclidean","Q_RE",FALSE,0.342608089725764,0.0059108108927734,25
"L3","Int-UMAP","Int-Euclidean","Q_LC",FALSE,0.0566961937716263,0.0026968833253393,25
"L3","Int-UMAP","Hausdorff","Q_TC",FALSE,0.6142796896154,0.00317711877135264,25
"L3","Int-UMAP","Hausdorff","Q_RE",FALSE,0.592478648967937,0.0031575245093396,25
"L3","Int-UMAP","Hausdorff","Q_LC",FALSE,0.175868558246828,0.00228936519100156,25
"L3","Int-UMAP","Ichino-Yaguchi","Q_TC",FALSE,0.549637751899137,0.00288850957597329,25
"L3","Int-UMAP","Ichino-Yaguchi","Q_RE",FALSE,0.540817438051125,0.00296168643904938,25
"L3","Int-UMAP","Ichino-Yaguchi","Q_LC",FALSE,0.180034555940023,0.0026000711827199,25
"L3","Int-UMAP","Wasserstein","Q_TC",TRUE,0.516874258759893,0.00277337677227396,25
"L3","Int-UMAP","Wasserstein","Q_RE",FALSE,0.51500006842936,0.0028307135558489,25
"L3","Int-UMAP","Wasserstein","Q_LC",FALSE,0.157742329873126,0.00249133351127637,25
"L3","Int-UMAP","CR-Euclidean","Q_TC",FALSE,0.584094377281947,0.002982896874073,25
"L3","Int-UMAP","CR-Euclidean","Q_RE",FALSE,0.567655879020159,0.00298919723937536,25
"L3","Int-UMAP","CR-Euclidean","Q_LC",FALSE,0.184297116493656,0.0025136706526124,25
"L1","C-PCA","Int-Euclidean","Q_TC",FALSE,0.006876892972199,0.00225372129566731,25
"L1","C-PCA","Int-Euclidean","Q_RE",FALSE,0.0136094634233416,0.0024316002421941,25
"L1","C-PCA","Int-Euclidean","Q_LC",FALSE,0.0225681199538639,0.00206384026033944,25
"L1","C-PCA","Hausdorff","Q_TC",FALSE,0.0885779205345424,0.00110433504695748,25
"L1","C-PCA","Hausdorff","Q_RE",FALSE,0.0873198560347184,0.00133479683842875,25
"L1","C-PCA","Hausdorff","Q_LC",FALSE,0.0721462514417532,0.00171742559621621,25
"L1","C-PCA","Ichino-Yaguchi","Q_TC",FALSE,-0.00708761882034761,0.00121382652101501,25
"L1","C-PCA","Ichino-Yaguchi","Q_RE",FALSE,-0.00564405639021132,0.00127638006488177,25
"L1","C-PCA","Ichino-Yaguchi","Q_LC",FALSE,0.000137946943483276,0.00169769108830609,25
"L1","C-PCA","Wasserstein","Q_TC",TRUE,0.0046135166050193,0.000915670493031305,25
"L1","C-PCA","Wasserstein","Q_RE",FALSE,0.00444725226030176,0.00106474959335732,25
"L1","C-PCA","Wasserstein","Q_LC",FALSE,0.00502126874279124,0.00150996252162462,25
"L1","C-PCA","CR-Euclidean","Q_TC",FALSE,0.017572062204192,0.00111807852024276,25
"L1","C-PCA","CR-Euclidean","Q_RE",FALSE,0.0189441921954214,0.00120235964686231,25
"L1","C-PCA","CR-Euclidean","Q_LC",FALSE,0.0214921337946943,0.00165592842462511,25
"L1","V-PCA","Int-Euclidean","Q_TC",FALSE,0.00678599069323466,0.0022546218673792,25
"L1","V-PCA","Int-Euclidean","Q_RE",FALSE,0.0136192056835594,0.0023604776884026,25
"L1","V-PCA","Int-Euclidean","Q_LC",FALSE,0.0220439215686274,0.0019783005745428,25
"L1","V-PCA","Hausdorff","Q_TC",FALSE,0.0887728062681462,0.00113444027292088,25
"L1","V-PCA","Hausdorff","Q_RE",FALSE,0.0874794767148992,0.00139203477581895,25
"L1","V-PCA","Hausdorff","Q_LC",FALSE,0.071884152249135,0.00168221758671926,25
"L1","V-PCA","Ichino-Yaguchi","Q_TC",FALSE,-0.00716225287356325,0.00131637744923978,25
"L1","V-PCA","Ichino-Yaguchi","Q_RE",FALSE,-0.00572824334053477,0.0012690326081582,25
"L1","V-PCA","Ichino-Yaguchi","Q_LC",FALSE,-0.00059317185697809,0.00166795101901578,25
"L1","V-PCA","Wasserstein","Q_TC",TRUE,0.0049170950165056,0.000953142086950724,25
"L1","V-PCA","Wasserstein","Q_RE",FALSE,0.00453231152680896,0.00107939484063379,25
"L1","V-PCA","Wasserstein","Q_LC",FALSE,0.00471778546712802,0.00145250445731519,25
"L1","V-PCA","CR-Euclidean","Q_TC",FALSE,0.0174521910670962,0.00119449388672559,25
"L1","V-PCA","CR-Euclidean","Q_RE",FALSE,0.0190282323019529,0.00119813545901964,25
"L1","V-PCA","CR-Euclidean","Q_LC",FALSE,0.0209955247981546,0.0016765803877677,25
"L1","MR-PCA","Int-Euclidean","Q_TC",FALSE,-0.00541375158095694,0.000472996610241765,25
"L1","MR-PCA","Int-Euclidean","Q_RE",FALSE,-0.00704791266904594,0.000360538931007984,25
"L1","MR-PCA","Int-Euclidean","Q_LC",FALSE,-0.00649730103806229,0.00118777979209234,25
"L1","MR-PCA","Hausdorff","Q_TC",FALSE,-0.0192940681700673,0.00204852408951561,25
"L1","MR-PCA","Hausdorff","Q_RE",FALSE,-0.0121454330962883,0.00220146151437309,25
"L1","MR-PCA","Hausdorff","Q_LC",FALSE,-0.0126911188004614,0.00192251309040999,25
"L1","MR-PCA","Ichino-Yaguchi","Q_TC",FALSE,-0.000883764228612329,0.000175473507177562,25
"L1","MR-PCA","Ichino-Yaguchi","Q_RE",FALSE,-0.00169473732314904,0.000314599001983505,25
"L1","MR-PCA","Ichino-Yaguchi","Q_LC",FALSE,0.000234509803921574,0.000422243103032027,25
"L1","MR-PCA","Wasserstein","Q_TC",TRUE,-0.000592220498747165,0.00016070706161317,25
"L1","MR-PCA","Wasserstein","Q_RE",FALSE,-0.00071652927222952,0.000232205291012891,25
"L1","MR-PCA","Wasserstein","Q_LC",FALSE,-0.000206920415224908,0.000477447238564496,25
"L1","MR-PCA","CR-Euclidean","Q_TC",FALSE,-0.00488160935449232,0.000404645370275203,25
"L1","MR-PCA","CR-Euclidean","Q_RE",FALSE,-0.00480020080005205,0.000650223686683541,25
"L1","MR-PCA","CR-Euclidean","Q_LC",FALSE,-0.00389010380622837,0.000852578328640217,25
"L1","SPCA","Int-Euclidean","Q_TC",FALSE,0.006876892972199,0.00225372129566731,25
"L1","SPCA","Int-Euclidean","Q_RE",FALSE,0.0136094634233416,0.0024316002421941,25
"L1","SPCA","Int-Euclidean","Q_LC",FALSE,0.0225681199538639,0.00206384026033944,25
"L1","SPCA","Hausdorff","Q_TC",FALSE,0.0885779205345424,0.00110433504695748,25
"L1","SPCA","Hausdorff","Q_RE",FALSE,0.0873198560347184,0.00133479683842875,25
"L1","SPCA","Hausdorff","Q_LC",FALSE,0.0721462514417532,0.00171742559621621,25
"L1","SPCA","Ichino-Yaguchi","Q_TC",FALSE,-0.00708761882034761,0.00121382652101501,25
"L1","SPCA","Ichino-Yaguchi","Q_RE",FALSE,-0.00564405639021132,0.00127638006488177,25
"L1","SPCA","Ichino-Yaguchi","Q_LC",FALSE,0.000137946943483276,0.00169769108830609,25
"L1","SPCA","Wasserstein","Q_TC",TRUE,0.0046135166050193,0.000915670493031305,25
"L1","SPCA","Wasserstein","Q_RE",FALSE,0.00444725226030176,0.00106474959335732,25
"L1","SPCA","Wasserstein","Q_LC",FALSE,0.00502126874279124,0.00150996252162462,25
"L1","SPCA","CR-Euclidean","Q_TC",FALSE,0.017572062204192,0.00111807852024276,25
"L1","SPCA","CR-Euclidean","Q_RE",FALSE,0.0189441921954214,0.00120235964686231,25
"L1","SPCA","CR-Euclidean","Q_LC",FALSE,0.0214921337946943,0.00165592842462511,25
"L1","IMDS","Int-Euclidean","Q_TC",FALSE,-0.0296709129379946,0.003856626902158,25
"L1","IMDS","Int-Euclidean","Q_RE",FALSE,-0.0395474526547296,0.00447051890899606,25
"L1","IMDS","Int-Euclidean","Q_LC",FALSE,-0.00195884659746251,0.000930443356550936,25
"L1","IMDS","Hausdorff","Q_TC",FALSE,0.0780097072043909,0.00170312486107649,25
"L1","IMDS","Hausdorff","Q_RE",FALSE,0.086914924494483,0.00209121592374991,25
"L1","IMDS","Hausdorff","Q_LC",FALSE,0.0171468050749712,0.000834483997883727,25
"L1","IMDS","Ichino-Yaguchi","Q_TC",FALSE,0.00719545527582228,0.0014473247001657,25
"L1","IMDS","Ichino-Yaguchi","Q_RE",FALSE,0.0103004893568708,0.00171663798659366,25
"L1","IMDS","Ichino-Yaguchi","Q_LC",FALSE,0.00209679354094579,0.000579787573648589,25
"L1","IMDS","Wasserstein","Q_TC",TRUE,0.00812569335401502,0.00108526292467059,25
"L1","IMDS","Wasserstein","Q_RE",FALSE,0.00934619208263361,0.00177839075738494,25
"L1","IMDS","Wasserstein","Q_LC",FALSE,0.00299344867358708,0.000527816084377669,25
"L1","IMDS","CR-Euclidean","Q_TC",FALSE,0.0222453935552639,0.00160663462836241,25
"L1","IMDS","CR-Euclidean","Q_RE",FALSE,0.026208020194235,0.0021284175253309,25
"L1","IMDS","CR-Euclidean","Q_LC",FALSE,0.00744913494809689,0.000709846162383332,25
"L1","Int-UMAP","Int-Euclidean","Q_TC",FALSE,-0.0359926883824524,0.00315478558567497,25
"L1","Int-UMAP","Int-Euclidean","Q_RE",FALSE,-0.0252059195250015,0.00303786070081533,25
"L1","Int-UMAP","Int-Euclidean","Q_LC",FALSE,0.00346246828143022,0.00227172063557201,25
"L1","Int-UMAP","Hausdorff","Q_TC",FALSE,0.0540541292606292,0.00250693309690878,25
"L1","Int-UMAP","Hausdorff","Q_RE",FALSE,0.0685988710843758,0.0024280569498895,25
"L1","Int-UMAP","Hausdorff","Q_LC",FALSE,0.0458397693194925,0.00219082808584996,25
"L1","Int-UMAP","Ichino-Yaguchi","Q_TC",FALSE,0.00334568905858486,0.00233556113200346,25
"L1","Int-UMAP","Ichino-Yaguchi","Q_RE",FALSE,0.0244971861551949,0.0024173231178839,25
"L1","Int-UMAP","Ichino-Yaguchi","Q_LC",FALSE,0.0219887427912341,0.00168059069029103,25
"L1","Int-UMAP","Wasserstein","Q_TC",TRUE,0.0127231795728433,0.00169600346871704,25
"L1","Int-UMAP","Wasserstein","Q_RE",FALSE,0.026873770513623,0.00189527041121049,25
"L1","Int-UMAP","Wasserstein","Q_LC",FALSE,0.0191746251441753,0.00139745768793935,25
"L1","Int-UMAP","CR-Euclidean","Q_TC",FALSE,0.0155802510440281,0.00230861974869731,25
"L1","Int-UMAP","CR-Euclidean","Q_RE",FALSE,0.035098340886359,0.00226770758879711,25
"L1","Int-UMAP","CR-Euclidean","Q_LC",FALSE,0.0308449365628604,0.0019812202045609,25
"L2","C-PCA","Int-Euclidean","Q_TC",FALSE,0.128864754563895,0.00260391311647627,25
"L2","C-PCA","Int-Euclidean","Q_RE",FALSE,0.124050041922776,0.00252002274131285,25
"L2","C-PCA","Int-Euclidean","Q_LC",FALSE,0.103501591695502,0.00241828179015142,25
"L2","C-PCA","Hausdorff","Q_TC",FALSE,0.201493630036193,0.00154939204390689,25
"L2","C-PCA","Hausdorff","Q_RE",FALSE,0.186917018590371,0.00164325717069172,25
"L2","C-PCA","Hausdorff","Q_LC",FALSE,0.144444244521338,0.00211737324484386,25
"L2","C-PCA","Ichino-Yaguchi","Q_TC",FALSE,0.104614823529412,0.00170141876205556,25
"L2","C-PCA","Ichino-Yaguchi","Q_RE",FALSE,0.0989649860489684,0.00172802921861583,25
"L2","C-PCA","Ichino-Yaguchi","Q_LC",FALSE,0.0829061130334487,0.00192240998171932,25
"L2","C-PCA","Wasserstein","Q_TC",TRUE,0.0839486113828899,0.00153600764575703,25
"L2","C-PCA","Wasserstein","Q_RE",FALSE,0.0816116142476688,0.00151987668920403,25
"L2","C-PCA","Wasserstein","Q_LC",FALSE,0.0740637139561707,0.00166435335957526,25
"L2","C-PCA","CR-Euclidean","Q_TC",FALSE,0.148933466173488,0.00154814192917814,25
"L2","C-PCA","CR-Euclidean","Q_RE",FALSE,0.140563533510735,0.00161895149378046,25
"L2","C-PCA","CR-Euclidean","Q_LC",FALSE,0.109212595155709,0.00176700019434783,25
"L2","V-PCA","Int-Euclidean","Q_TC",FALSE,0.129295624706678,0.00263556184662462,25
"L2","V-PCA","Int-Euclidean","Q_RE",FALSE,0.123756095329517,0.00250166275101321,25
"L2","V-PCA","Int-Euclidean","Q_LC",FALSE,0.103832664359862,0.00233560511640196,25
"L2","V-PCA","Hausdorff","Q_TC",FALSE,0.201803725251561,0.0016682491101891,25
"L2","V-PCA","Hausdorff","Q_RE",FALSE,0.186795198113899,0.00150161773123303,25
"L2","V-PCA","Hausdorff","Q_LC",FALSE,0.14418214532872,0.00206689608555393,25
"L2","V-PCA","Ichino-Yaguchi","Q_TC",FALSE,0.104908507815297,0.00176070908881816,25
"L2","V-PCA","Ichino-Yaguchi","Q_RE",FALSE,0.0987654435679439,0.0016046617674148,25
"L2","V-PCA","Ichino-Yaguchi","Q_LC",FALSE,0.082161199538639,0.00189941052856768,25
"L2","V-PCA","Wasserstein","Q_TC",TRUE,0.0843994124806109,0.00161789401217299,25
"L2","V-PCA","Wasserstein","Q_RE",FALSE,0.0813651278882764,0.00145187036678192,25
"L2","V-PCA","Wasserstein","Q_LC",FALSE,0.0736774625144175,0.001612032659281,25
"L2","V-PCA","CR-Euclidean","Q_TC",FALSE,0.149334606371555,0.00163566009472539,25
"L2","V-PCA","CR-Euclidean","Q_RE",FALSE,0.140305468481387,0.00147176560830664,25
"L2","V-PCA","CR-Euclidean","Q_LC",FALSE,0.108440092272203,0.00182041625298562,25
"L2","MR-PCA","Int-Euclidean","Q_TC",FALSE,-0.0999134965596786,0.00136003967842069,25
"L2","MR-PCA","Int-Euclidean","Q_RE",FALSE,-0.0894206559870489,0.00125917906666054,25
"L2","MR-PCA","Int-Euclidean","Q_LC",FALSE,-0.0523508650519031,0.00152951686772767,25
"L2","MR-PCA","Hausdorff","Q_TC",FALSE,-0.129106019011256,0.00467317913169931,25
"L2","MR-PCA","Hausdorff","Q_RE",FALSE,-0.0999997325939395,0.006130996153797,25
"L2","MR-PCA","Hausdorff","Q_LC",FALSE,-0.058282583621684,0.00256603872415256,25
"L2","MR-PCA","Ichino-Yaguchi","Q_TC",FALSE,-0.0911085334287874,0.00125274744040212,25
"L2","MR-PCA","Ichino-Yaguchi","Q_RE",FALSE,-0.0797708862925025,0.00212432148731881,25
"L2","MR-PCA","Ichino-Yaguchi","Q_LC",FALSE,-0.0506265282583622,0.001625760962183,25
"L2","MR-PCA","Wasserstein","Q_TC",TRUE,-0.0434375422185101,0.000799378671796786,25
"L2","MR-PCA","Wasserstein","Q_RE",FALSE,-0.0380842745637106,0.00113939962359987,25
"L2","MR-PCA","Wasserstein","Q_LC",FALSE,-0.0371904959630911,0.00154546244349203,25
"L2","MR-PCA","CR-Euclidean","Q_TC",FALSE,-0.111595604820427,0.00179723043172286,25
"L2","MR-PCA","CR-Euclidean","Q_RE",FALSE,-0.094285824509024,0.00313047504846398,25
"L2","MR-PCA","CR-Euclidean","Q_LC",FALSE,-0.0556064129181084,0.00169316410354875,25
"L2","SPCA","Int-Euclidean","Q_TC",FALSE,0.128864754563895,0.00260391311647627,25
"L2","SPCA","Int-Euclidean","Q_RE",FALSE,0.124050041922776,0.00252002274131285,25
"L2","SPCA","Int-Euclidean","Q_LC",FALSE,0.103501591695502,0.00241828179015142,25
"L2","SPCA","Hausdorff","Q_TC",FALSE,0.201493630036193,0.00154939204390689,25
"L2","SPCA","Hausdorff","Q_RE",FALSE,0.186917018590371,0.00164325717069172,25
"L2","SPCA","Hausdorff","Q_LC",FALSE,0.144444244521338,0.00211737324484386,25
"L2","SPCA","Ichino-Yaguchi","Q_TC",FALSE,0.104614823529412,0.00170141876205556,25
"L2","SPCA","Ichino-Yaguchi","Q_RE",FALSE,0.0989649860489684,0.00172802921861583,25
"L2","SPCA","Ichino-Yaguchi","Q_LC",FALSE,0.0829061130334487,0.00192240998171932,25
"L2","SPCA","Wasserstein","Q_TC",TRUE,0.0839486113828899,0.00153600764575703,25
"L2","SPCA","Wasserstein","Q_RE",FALSE,0.0816116142476688,0.00151987668920403,25
"L2","SPCA","Wasserstein","Q_LC",FALSE,0.0740637139561707,0.00166435335957526,25
"L2","SPCA","CR-Euclidean","Q_TC",FALSE,0.148933466173488,0.00154814192917814,25
"L2","SPCA","CR-Euclidean","Q_RE",FALSE,0.140563533510735,0.00161895149378046,25
"L2","SPCA","CR-Euclidean","Q_LC",FALSE,0.109212595155709,0.00176700019434783,25
"L2","IMDS","Int-Euclidean","Q_TC",FALSE,-0.0477695519230005,0.0115001792017054,25
"L2","IMDS","Int-Euclidean","Q_RE",FALSE,-0.0519224093734007,0.0109172299124216,25
"L2","IMDS","Int-Euclidean","Q_LC",FALSE,-0.00244166089965398,0.001084354234547,25
"L2","IMDS","Hausdorff","Q_TC",FALSE,0.134935201142266,0.00338528147441812,25
"L2","IMDS","Hausdorff","Q_RE",FALSE,0.155512770643684,0.00302920365201987,25
"L2","IMDS","Hausdorff","Q_LC",FALSE,0.0232164705882353,0.0011338254175406,25
"L2","IMDS","Ichino-Yaguchi","Q_TC",FALSE,0.0765014267191664,0.00254531277778108,25
"L2","IMDS","Ichino-Yaguchi","Q_RE",FALSE,0.0860225921492351,0.00247428303147711,25
"L2","IMDS","Ichino-Yaguchi","Q_LC",FALSE,0.0139188465974625,0.00105994222028166,25
"L2","IMDS","Wasserstein","Q_TC",TRUE,0.0511490617666945,0.00194263218679352,25
"L2","IMDS","Wasserstein","Q_RE",FALSE,0.057949531139718,0.00193366822729573,25
"L2","IMDS","Wasserstein","Q_LC",FALSE,0.0125393771626298,0.000915443674995869,25
"L2","IMDS","CR-Euclidean","Q_TC",FALSE,0.100371575547866,0.00305890889131258,25
"L2","IMDS","CR-Euclidean","Q_RE",FALSE,0.117385875322263,0.00263071661645889,25
"L2","IMDS","CR-Euclidean","Q_LC",FALSE,0.0177261822376009,0.00126681067800779,25
"L2","Int-UMAP","Int-Euclidean","Q_TC",FALSE,0.174271275345026,0.00773930139343727,25
"L2","Int-UMAP","Int-Euclidean","Q_RE",FALSE,0.167721433272423,0.00789761383734952,25
"L2","Int-UMAP","Int-Euclidean","Q_LC",FALSE,0.0332038292964245,0.00358858308474134,25
"L2","Int-UMAP","Hausdorff","Q_TC",FALSE,0.312592245316788,0.0049905905320332,25
"L2","Int-UMAP","Hausdorff","Q_RE",FALSE,0.320979920577997,0.00467960289923219,25
"L2","Int-UMAP","Hausdorff","Q_LC",FALSE,0.132360092272203,0.00244839633191662,25
"L2","Int-UMAP","Ichino-Yaguchi","Q_TC",FALSE,0.206332190430736,0.00423244938620327,25
"L2","Int-UMAP","Ichino-Yaguchi","Q_RE",FALSE,0.232040936066136,0.00416023093708492,25
"L2","Int-UMAP","Ichino-Yaguchi","Q_LC",FALSE,0.113847612456747,0.0021010810921073,25
"L2","Int-UMAP","Wasserstein","Q_TC",TRUE,0.170466936483315,0.0034724564050259,25
"L2","Int-UMAP","Wasserstein","Q_RE",FALSE,0.196452717329419,0.00355918734399435,25
"L2","Int-UMAP","Wasserstein","Q_LC",FALSE,0.0934314648212226,0.00194607482215978,25
"L2","Int-UMAP","CR-Euclidean","Q_TC",FALSE,0.250776507497116,0.0046292475756153,25
"L2","Int-UMAP","CR-Euclidean","Q_RE",FALSE,0.273119206733568,0.00441104503439147,25
"L2","Int-UMAP","CR-Euclidean","Q_LC",FALSE,0.121862329873126,0.00234939480171014,25
