"scenario","rep","Method","Metric","cell_index","Q_TC_u50","B_TC_u50","Q_RE_u50","B_RE_u50","Q_LC_u50","B_LC_u50","Q_TC_u500","B_TC_u500","Q_RE_u500","B_RE_u500","Q_LC_u500","B_LC_u500","Q_TC_pri","B_TC_pri","Q_RE_pri","B_RE_pri","Q_LC_pri","B_LC_pri","d50_500","d50_pri","equivariant"
"S1",1,"IMDS","Hausdorff",1,0.607840656121851,-0.0744253075571177,0.610110500821097,-0.0946675426472515,0.0646666666666667,-0.00266666666666666,0.607840656121851,-0.0744253075571177,0.610110500821097,-0.0946675426472515,0.0646666666666667,-0.00266666666666666,0.607840656121851,-0.0744253075571177,0.610110500821097,-0.0946675426472515,0.0646666666666667,-0.00266666666666666,0,0,TRUE
"S1",1,"IMDS","Ichino-Yaguchi",2,0.594813122437024,-0.0672618629173989,0.598300283718843,-0.0847153930483126,0.0613333333333333,-0.00866666666666667,0.594813122437024,-0.0672618629173989,0.598300283718843,-0.0847153930483126,0.0613333333333333,-0.00866666666666667,0.594813122437024,-0.0672618629173989,0.598300283718843,-0.0847153930483126,0.0613333333333333,-0.00866666666666667,0,0,TRUE
"S1",1,"IMDS","Int-Euclidean",3,0.573020972466315,-0.0401982425307557,0.560341686543566,-0.0361284413824528,0.045,-0.00133333333333333,0.573020774458114,-0.0401986385471588,0.560341583862245,-0.0361286467450935,0.045,-0.00133333333333333,0.573022261277094,-0.0401956649091975,0.560342387742535,-0.0361270389845135,0.045,-0.00133333333333333,3.96016403038379e-07,2.57762155827373e-06,TRUE
"S1",1,"IMDS","Wasserstein",4,0.588415934387815,-0.0756367896895138,0.592325130495162,-0.091129370173644,0.0563333333333333,-0.00266666666666667,0.588415934387815,-0.0756367896895138,0.592325130495162,-0.091129370173644,0.0563333333333333,-0.00266666666666667,0.588415934387815,-0.0756367896895138,0.592325130495162,-0.091129370173644,0.0563333333333333,-0.00266666666666667,0,0,TRUE
"S1",10,"IMDS","Hausdorff",25,0.573031634446397,-0.0789279437609841,0.576230082610219,-0.103650892414816,0.053,-0.00833333333333333,0.573031634446397,-0.0789279437609841,0.576230082610219,-0.103650892414816,0.053,-0.00833333333333333,0.573031634446397,-0.0789279437609841,0.576230082610219,-0.103650892414816,0.053,-0.00833333333333333,0,0,TRUE
"S1",10,"IMDS","Int-Euclidean",26,0.527754586994728,-0.0864427885178676,0.515421868012477,-0.0886783893931739,0.0386666666666667,-0.00133333333333334,0.527754548330404,-0.0864428658465144,0.515421869989805,-0.0886783854385192,0.0386666666666667,-0.00133333333333334,0.527755125951963,-0.0864417106033978,0.515422839482008,-0.0886764464541132,0.0386666666666667,-0.00133333333333334,7.7328646749808e-08,1.94293906065346e-06,TRUE
"S1",2,"IMDS","Hausdorff",5,0.591366725248975,-0.100973637961336,0.59217088821453,-0.116562488534034,0.063,-0.000333333333333335,0.591366725248975,-0.100973637961336,0.59217088821453,-0.116562488534034,0.063,-0.000333333333333335,0.591366725248975,-0.100973637961336,0.59217088821453,-0.116562488534034,0.063,-0.000333333333333335,0,0,TRUE
"S1",3,"IMDS","Hausdorff",6,0.585106303456356,-0.107692489748096,0.589978275650795,-0.122642412167441,0.0553333333333333,0.00133333333333333,0.58510633274751,-0.107692431165788,0.589978291770311,-0.122642379928408,0.0553333333333333,0.00133333333333333,0.58510661980082,-0.107691857059168,0.589978449741573,-0.122642063985884,0.0553333333333333,0.00133333333333333,5.85823081433734e-08,6.32688927942882e-07,TRUE
"S1",3,"IMDS","Int-Euclidean",7,0.517517867603984,-0.0775547744581137,0.502090208499038,-0.0659576259360257,0.034,0.00133333333333333,0.517517867603984,-0.0775547744581137,0.502090208499038,-0.0659576259360257,0.034,0.00133333333333333,0.517517867603984,-0.0775547744581137,0.502090208499038,-0.0659576259360257,0.034,0.00133333333333333,0,0,TRUE
"S1",4,"IMDS","Hausdorff",8,0.578091974223784,-0.0941101347393087,0.581642994772825,-0.124153437532959,0.0523333333333333,-0.00533333333333333,0.578091974223784,-0.0941101347393087,0.581642994772825,-0.124153437532959,0.0523333333333333,-0.00533333333333333,0.578091974223784,-0.0941101347393087,0.581642994772825,-0.124153437532959,0.0523333333333333,-0.00533333333333333,0,0,TRUE
"S1",4,"IMDS","Int-Euclidean",9,0.506559191564148,-0.0661856590509666,0.494767711165283,-0.0609482721643736,0.0263333333333333,-0.00333333333333333,0.506559183362625,-0.0661856754540129,0.494767707296599,-0.0609482799017416,0.0263333333333333,-0.00333333333333333,0.506559461042765,-0.0661851200937317,0.494767838279185,-0.0609480179365699,0.0263333333333333,-0.00333333333333333,1.64030462684872e-08,5.38957234924586e-07,TRUE
"S1",5,"IMDS","Hausdorff",10,0.582123608670182,-0.11202460456942,0.585742583909376,-0.134250794807305,0.0476666666666667,-0.00233333333333334,0.582123608670182,-0.11202460456942,0.585742583909376,-0.134250794807305,0.0476666666666667,-0.00233333333333334,0.582123608670182,-0.11202460456942,0.585742583909376,-0.134250794807305,0.0476666666666667,-0.00233333333333334,0,0,TRUE
"S1",6,"IMDS","Hausdorff",11,0.571011716461629,-0.0695711775043937,0.571831959259687,-0.101057260667781,0.0526666666666667,-0.00166666666666667,0.571011716461629,-0.0695711775043937,0.571831959259687,-0.101057260667781,0.0526666666666667,-0.00166666666666667,0.571011716461629,-0.0695711775043937,0.571831959259687,-0.101057260667781,0.0526666666666667,-0.00166666666666667,0,0,TRUE
"S1",7,"IMDS","Centers-Euclidean",12,0.504942003514938,-0.00259871118922095,0.498378765806913,0.0119241329580709,0.0253333333333333,-0.001,0.504942003514938,-0.00259871118922095,0.498378765806913,0.0119241329580709,0.0253333333333333,-0.001,0.504942003514938,-0.00259871118922095,0.498378765806913,0.0119241329580709,0.0253333333333333,-0.001,0,0,TRUE
"S1",7,"IMDS","Hausdorff",13,0.548504979496192,-0.0477445811364967,0.554813900181506,-0.0729262218938958,0.0413333333333333,-0.000333333333333335,0.548504979496192,-0.0477445811364967,0.554813900181506,-0.0729262218938958,0.0413333333333333,-0.000333333333333335,0.548504979496192,-0.0477445811364967,0.554813900181506,-0.0729262218938958,0.0413333333333333,-0.000333333333333335,0,0,TRUE
"S1",7,"IMDS","Ichino-Yaguchi",14,0.542759226713532,-0.0346736965436438,0.548526072857451,-0.0478904357995732,0.046,-0.004,0.542759226713532,-0.0346736965436438,0.548526072857451,-0.0478904357995732,0.046,-0.004,0.542759226713532,-0.0346736965436438,0.548526072857451,-0.0478904357995732,0.046,-0.004,0,0,TRUE
"S1",7,"IMDS","Int-Euclidean",15,0.458562975981254,-0.131694200351494,0.44807208893429,-0.114825457107271,0.0286666666666667,-0.00266666666666667,0.458562975981254,-0.131694200351494,0.44807208893429,-0.114825457107271,0.0286666666666667,-0.00266666666666667,0.458562975981254,-0.131694200351494,0.44807208893429,-0.114825457107271,0.0286666666666667,-0.00266666666666667,0,0,TRUE
"S1",7,"IMDS","Wasserstein",16,0.53232396016403,-0.0236332747510252,0.539557694282776,-0.0378626227251716,0.0406666666666667,-0.00766666666666667,0.53232396016403,-0.0236332747510252,0.539557694282776,-0.0378626227251716,0.0406666666666667,-0.00766666666666667,0.53232396016403,-0.0236332747510252,0.539557694282776,-0.0378626227251716,0.0406666666666667,-0.00766666666666667,0,0,TRUE
"S1",8,"IMDS","Centers-Euclidean",17,0.505140597539543,-0.00177270064440538,0.500754602927949,-0.00866981135406553,0.0273333333333333,0.000666666666666666,0.505140597539543,-0.00177270064440538,0.500754602927949,-0.00866981135406553,0.0273333333333333,0.000666666666666666,0.505140597539543,-0.00177270064440538,0.500754602927949,-0.00866981135406553,0.0273333333333333,0.000666666666666666,0,0,TRUE
"S1",8,"IMDS","Hausdorff",18,0.581318101933216,-0.0944815465729351,0.58504787189375,-0.111475878371646,0.0563333333333333,-0.003,0.581318101933216,-0.0944815465729351,0.58504787189375,-0.111475878371646,0.0563333333333333,-0.003,0.581318101933216,-0.0944815465729351,0.58504787189375,-0.111475878371646,0.0563333333333333,-0.003,0,0,TRUE
"S1",8,"IMDS","Int-Euclidean",19,0.491732009373169,-0.075427603983597,0.483795882246471,-0.0692365962765759,0.0316666666666667,-0.000333333333333333,0.491732,-0.0754276227299356,0.483795874509103,-0.0692366117513118,0.0316666666666667,-0.000333333333333333,0.491731693028705,-0.075428236672525,0.483795621110303,-0.069237118548912,0.0316666666666667,-0.000333333333333333,1.87463386064346e-08,6.32688927942882e-07,TRUE
"S1",9,"IMDS","Centers-Euclidean",20,0.5090820152314,-0.0165213825424722,0.507052669982988,-0.0260716922406635,0.0356666666666667,-0.000333333333333335,0.5090820152314,-0.0165213825424722,0.507052669982988,-0.0260716922406635,0.0356666666666667,-0.000333333333333335,0.5090820152314,-0.0165213825424722,0.507052669982988,-0.0260716922406635,0.0356666666666667,-0.000333333333333335,0,0,TRUE
"S1",9,"IMDS","Hausdorff",21,0.59136086701816,-0.0793919156414762,0.597201965107234,-0.111067386794554,0.055,-0.00366666666666667,0.59136086701816,-0.0793919156414762,0.597201965107234,-0.111067386794554,0.055,-0.00366666666666667,0.59136086701816,-0.0793919156414762,0.597201965107234,-0.111067386794554,0.055,-0.00366666666666667,0,0,TRUE
"S1",9,"IMDS","Ichino-Yaguchi",22,0.581638547158758,-0.065758640890451,0.582238470439033,-0.0946066507897105,0.052,-0.00733333333333333,0.581638547158758,-0.065758640890451,0.582238470439033,-0.0946066507897105,0.052,-0.00733333333333333,0.581638547158758,-0.065758640890451,0.582238470439033,-0.0946066507897105,0.052,-0.00733333333333333,0,0,TRUE
"S1",9,"IMDS","Int-Euclidean",23,0.52211482132396,-0.0329607498535442,0.510754939902604,-0.0142059364955527,0.0196666666666667,-0.003,0.52211482132396,-0.0329607498535442,0.510754939902604,-0.0142059364955527,0.0196666666666667,-0.003,0.52211482132396,-0.0329607498535442,0.510754939902604,-0.0142059364955527,0.0196666666666667,-0.003,0,0,TRUE
"S1",9,"IMDS","Wasserstein",24,0.57684827182191,-0.0652677211482133,0.580884569984263,-0.0946500245707488,0.052,-0.00566666666666667,0.57684827182191,-0.0652677211482133,0.580884569984263,-0.0946500245707488,0.052,-0.00566666666666667,0.57684827182191,-0.0652677211482133,0.580884569984263,-0.0946500245707488,0.052,-0.00566666666666667,0,0,TRUE
"S2",1,"IMDS","Centers-Euclidean",27,0.621484464627151,-0.0800492351816444,0.630254755444634,-0.0971764044494327,0.05525,-0.010125,NA,NA,NA,NA,NA,NA,0.621484464627151,-0.0800492351816444,0.630254755444634,-0.0971764044494327,0.05525,-0.010125,NA,0,TRUE
"S2",1,"IMDS","Hausdorff",28,0.626473985022307,-0.0328499904397706,0.63941834250546,-0.049553067608633,0.053,-0.005,NA,NA,NA,NA,NA,NA,0.626473948374761,-0.032850063734863,0.639418317786011,-0.0495531170475322,0.053,-0.005,NA,7.32950924328679e-08,TRUE
"S2",1,"IMDS","Ichino-Yaguchi",29,0.637609623964309,-0.0304987253027406,0.646807857223769,-0.0434188472326073,0.054875,-0.005125,NA,NA,NA,NA,NA,NA,0.637609623964309,-0.0304987253027406,0.646807857223769,-0.0434188472326073,0.054875,-0.005125,NA,0,TRUE
"S2",1,"IMDS","Int-Euclidean",30,0.595993865519439,-0.0869361057998725,0.604570206776746,-0.101437569059642,0.04175,-0.005,NA,NA,NA,NA,NA,NA,0.595993865519439,-0.0869361057998725,0.604570206776746,-0.101437569059642,0.04175,-0.005,NA,0,TRUE
"S2",1,"IMDS","Wasserstein",31,0.628220841300191,-0.0545796685787125,0.637857406413682,-0.0703971713119272,0.054375,-0.0035,NA,NA,NA,NA,NA,NA,0.628220841300191,-0.0545796685787125,0.637857406413682,-0.0703971713119272,0.054375,-0.0035,NA,0,TRUE
"S2",10,"IMDS","Centers-Euclidean",72,0.602956899298916,-0.0808150095602294,0.617268773773705,-0.0892180307486752,0.054,-0.00925,NA,NA,NA,NA,NA,NA,0.602956899298916,-0.0808150095602294,0.617268773773705,-0.0892180307486752,0.054,-0.00925,NA,0,TRUE
"S2",10,"IMDS","Hausdorff",73,0.60473143722116,-0.018583970681963,0.620894672092833,-0.0330123764859179,0.045625,-0.000625000000000001,NA,NA,NA,NA,NA,NA,0.60473143722116,-0.018583970681963,0.620894672092833,-0.0330123764859179,0.045625,-0.000625000000000001,NA,0,TRUE
"S2",10,"IMDS","Ichino-Yaguchi",74,0.61158604206501,-0.0185347355003187,0.627181514244561,-0.0302104821043298,0.0445,-0.003,NA,NA,NA,NA,NA,NA,0.61158604206501,-0.0185347355003187,0.627181514244561,-0.0302104821043298,0.0445,-0.003,NA,0,TRUE
"S2",10,"IMDS","Int-Euclidean",75,0.562822850541746,-0.0483472880815807,0.564128501069044,-0.0432657760926245,0.03925,-0.001625,NA,NA,NA,NA,NA,NA,0.562822896749522,-0.0483471956660294,0.564128540029046,-0.0432656981726203,0.03925,-0.001625,NA,9.24155512671554e-08,TRUE
"S2",10,"IMDS","Wasserstein",76,0.605063256851498,-0.0444037603569152,0.620148595623071,-0.0553950932319034,0.049625,-0.001125,NA,NA,NA,NA,NA,NA,0.605063256851498,-0.0444037603569152,0.620148595623071,-0.0553950932319034,0.049625,-0.001125,NA,0,TRUE
"S2",2,"IMDS","Centers-Euclidean",32,0.598139294136393,-0.0532233237731038,0.600266890962832,-0.0621551819745569,0.049,-0.006125,NA,NA,NA,NA,NA,NA,0.598139340344168,-0.0532232313575525,0.60026691322569,-0.0621551374488402,0.049,-0.006125,NA,9.24155513296054e-08,TRUE
"S2",2,"IMDS","Hausdorff",33,0.609709528362014,-0.0154305289993627,0.620012085064249,-0.0352434285757179,0.05225,-0.0065,NA,NA,NA,NA,NA,NA,0.609709528362014,-0.0154305289993627,0.620012085064249,-0.0352434285757179,0.05225,-0.0065,NA,0,TRUE
"S2",2,"IMDS","Ichino-Yaguchi",34,0.613502825047801,-0.00922666347992346,0.623221641362071,-0.0219959911074808,0.05375,-0.00425,NA,NA,NA,NA,NA,NA,0.613502788400255,-0.00922673677501584,0.623221610462759,-0.0219960529061048,0.05375,-0.00425,NA,7.32950923842957e-08,TRUE
"S2",2,"IMDS","Int-Euclidean",35,0.570651688973869,-0.0426698534098151,0.572425357476678,-0.04496589325838,0.039,0.000749999999999997,NA,NA,NA,NA,NA,NA,0.570651688973869,-0.0426698534098151,0.572425357476678,-0.04496589325838,0.039,0.000749999999999997,NA,0,TRUE
"S2",2,"IMDS","Wasserstein",36,0.605968769917145,-0.026004142766093,0.61403942089017,-0.0422737332305659,0.053875,-0.00525,NA,NA,NA,NA,NA,NA,0.605968769917145,-0.026004142766093,0.61403942089017,-0.0422737332305659,0.053875,-0.00525,NA,0,TRUE
"S2",3,"IMDS","Centers-Euclidean",37,0.621075207138305,-0.07538304652645,0.631764895025078,-0.0895282852174109,0.0565,-0.005625,NA,NA,NA,NA,NA,NA,0.621075207138305,-0.07538304652645,0.631764895025078,-0.0895282852174109,0.0565,-0.005625,NA,0,TRUE
"S2",3,"IMDS","Hausdorff",38,0.62319888623327,-0.0308297609942638,0.635870222463105,-0.047753016190813,0.052375,-0.0045,NA,NA,NA,NA,NA,NA,0.623198932441045,-0.0308296685787125,0.635870239778661,-0.0477529815597,0.052375,-0.0045,NA,9.24155513330749e-08,TRUE
"S2",3,"IMDS","Ichino-Yaguchi",39,0.636735420650096,-0.0291951880178457,0.645497795166691,-0.0383035104859769,0.053875,-0.000875000000000001,NA,NA,NA,NA,NA,NA,0.636735420650096,-0.0291951880178457,0.645497795166691,-0.0383035104859769,0.053875,-0.000875000000000001,NA,0,TRUE
"S2",3,"IMDS","Int-Euclidean",40,0.59060460484385,-0.072119980879541,0.597188396112035,-0.0847253701562716,0.042875,-0.000875000000000001,NA,NA,NA,NA,NA,NA,0.59060460484385,-0.072119980879541,0.597188396112035,-0.0847253701562716,0.042875,-0.000875000000000001,NA,0,TRUE
"S2",3,"IMDS","Wasserstein",41,0.627933397068196,-0.0531096239643085,0.637078042385923,-0.062133496415168,0.0535,-0.003125,NA,NA,NA,NA,NA,NA,0.627933397068196,-0.0531096239643085,0.637078042385923,-0.062133496415168,0.0535,-0.003125,NA,0,TRUE
"S2",4,"IMDS","Centers-Euclidean",42,0.616686982154238,-0.0707637029955385,0.6219963971914,-0.0848144405684894,0.050375,-0.004625,NA,NA,NA,NA,NA,NA,0.616686982154238,-0.0707637029955385,0.6219963971914,-0.0848144405684894,0.050375,-0.004625,NA,0,TRUE
"S2",4,"IMDS","Hausdorff",43,0.635786567877629,-0.0354147546207776,0.64327834396662,-0.0461865487212846,0.05275,-0.00125,NA,NA,NA,NA,NA,NA,0.635786567877629,-0.0354147546207776,0.64327834396662,-0.0461865487212846,0.05275,-0.00125,NA,0,TRUE
"S2",4,"IMDS","Ichino-Yaguchi",44,0.637345044614404,-0.0307184512428298,0.644963895358766,-0.0411759305746837,0.05375,-0.001375,NA,NA,NA,NA,NA,NA,0.637345044614404,-0.0307184512428298,0.644963895358766,-0.0411759305746837,0.05375,-0.001375,NA,0,TRUE
"S2",4,"IMDS","Int-Euclidean",45,0.58837904875717,-0.0780860707456979,0.595512220688559,-0.0929823101545418,0.0405,0.000249999999999997,NA,NA,NA,NA,NA,NA,0.588378903760357,-0.0780863607393244,0.59551200842372,-0.0929827346842197,0.0405,0.000249999999999997,NA,4.24529677939267e-07,TRUE
"S2",4,"IMDS","Wasserstein",46,0.628648103887827,-0.0539083811344806,0.635208631770788,-0.0669835758961312,0.05325,-0.00125,NA,NA,NA,NA,NA,NA,0.628648103887827,-0.0539083811344806,0.635208631770788,-0.0669835758961312,0.05325,-0.00125,NA,0,TRUE
"S2",5,"IMDS","Centers-Euclidean",47,0.593061504142766,-0.0578355640535373,0.597982753449847,-0.0634584488912159,0.047875,-0.000874999999999997,NA,NA,NA,NA,NA,NA,0.593061504142766,-0.0578355640535373,0.597982753449847,-0.0634584488912159,0.047875,-0.000874999999999997,NA,0,TRUE
"S2",5,"IMDS","Hausdorff",48,0.602681207775653,-0.00959073932441046,0.609717444216186,-0.0205156611531547,0.052,-0.002875,NA,NA,NA,NA,NA,NA,0.602681246016571,-0.00959066284257493,0.609717487206533,-0.0205155751724604,0.052,-0.002875,NA,8.59806942726804e-08,TRUE
"S2",5,"IMDS","Ichino-Yaguchi",49,0.605178696622052,-0.00756453154875714,0.611884713024932,-0.0140787407444938,0.0515,0,NA,NA,NA,NA,NA,NA,0.605178696622052,-0.00756453154875714,0.611884713024932,-0.0140787407444938,0.0515,0,NA,0,TRUE
"S2",5,"IMDS","Int-Euclidean",50,0.57203868387508,-0.0646925493945189,0.579285945453268,-0.0779010910250656,0.03975,-0.00225,NA,NA,NA,NA,NA,NA,0.572038718929254,-0.0646924792861696,0.579285958589207,-0.0779010647531868,0.03975,-0.00225,NA,7.01083492371524e-08,TRUE
"S2",5,"IMDS","Wasserstein",51,0.597501752708732,-0.0289840662842575,0.603775595996336,-0.0371920780134912,0.052125,-0.001125,NA,NA,NA,NA,NA,NA,0.597501752708732,-0.0289840662842575,0.603775595996336,-0.0371920780134912,0.052125,-0.001125,NA,0,TRUE
"S2",6,"IMDS","Centers-Euclidean",52,0.59933540471638,-0.0584056724028044,0.611926958184722,-0.0818827381558608,0.055875,-0.002,NA,NA,NA,NA,NA,NA,0.59933540471638,-0.0584056724028044,0.611926958184722,-0.0818827381558608,0.055875,-0.002,NA,0,TRUE
"S2",6,"IMDS","Hausdorff",53,0.596072100063735,-0.00128537284894836,0.607399753910117,-0.0235759172425583,0.053,-0.00275,NA,NA,NA,NA,NA,NA,0.596072100063735,-0.00128537284894836,0.607399753910117,-0.0235759172425583,0.053,-0.00275,NA,0,TRUE
"S2",6,"IMDS","Ichino-Yaguchi",54,0.610354445506692,0.00817543021032496,0.619975811638988,-0.0109816877754389,0.054875,-0.002875,NA,NA,NA,NA,NA,NA,0.610354445506692,0.00817543021032496,0.619975811638988,-0.0109816877754389,0.054875,-0.002875,NA,0,TRUE
"S2",6,"IMDS","Int-Euclidean",55,0.563188932441045,-0.0478034608030593,0.568112017000465,-0.0549466639490626,0.039625,5e-04,NA,NA,NA,NA,NA,NA,0.563188973868706,-0.0478033779477375,0.568112032524757,-0.0549466329004786,0.039625,5e-04,NA,8.28553218257255e-08,TRUE
"S2",6,"IMDS","Wasserstein",56,0.59821845124283,-0.0146647546207775,0.609757899092443,-0.0349760960022218,0.055375,-0.00375,NA,NA,NA,NA,NA,NA,0.59821845124283,-0.0146647546207775,0.609757899092443,-0.0349760960022218,0.055375,-0.00375,NA,0,TRUE
"S2",7,"IMDS","Centers-Euclidean",57,0.618943594646272,-0.0674034416826004,0.628328136640553,-0.0840627846297909,0.0575,-0.002875,NA,NA,NA,NA,NA,NA,0.618943594646272,-0.0674034416826004,0.628328136640553,-0.0840627846297909,0.0575,-0.002875,NA,0,TRUE
"S2",7,"IMDS","Hausdorff",58,0.620296163161249,-0.0234666284257489,0.632032454747968,-0.0400485715433586,0.05275,-0.001,NA,NA,NA,NA,NA,NA,0.620296128107075,-0.0234666985340981,0.632032437858903,-0.0400486053214885,0.05275,-0.001,NA,7.01083492371524e-08,TRUE
"S2",7,"IMDS","Ichino-Yaguchi",59,0.630765137029955,-0.0175162523900574,0.643365270299249,-0.0340465875473683,0.05425,-0.0015,NA,NA,NA,NA,NA,NA,0.630765137029955,-0.0175162523900574,0.643365270299249,-0.0340465875473683,0.05425,-0.0015,NA,0,TRUE
"S2",7,"IMDS","Int-Euclidean",60,0.589414913957935,-0.0673954748247292,0.595817271981843,-0.0805003238350256,0.04425,-0.006625,NA,NA,NA,NA,NA,NA,0.589414913957935,-0.0673954748247292,0.595817271981843,-0.0805003238350256,0.04425,-0.006625,NA,0,TRUE
"S2",7,"IMDS","Wasserstein",61,0.621873247291268,-0.0379341937539834,0.633142095060358,-0.0541505045565503,0.052875,-0.002375,NA,NA,NA,NA,NA,NA,0.621873247291268,-0.0379341937539834,0.633142095060358,-0.0541505045565503,0.052875,-0.002375,NA,0,TRUE
"S2",8,"IMDS","Centers-Euclidean",62,0.618827517527087,-0.0697901529636711,0.625431979951998,-0.0871394916067318,0.056875,-0.008375,NA,NA,NA,NA,NA,NA,0.618827517527087,-0.0697901529636711,0.625431979951998,-0.0871394916067318,0.056875,-0.008375,NA,0,TRUE
"S2",8,"IMDS","Hausdorff",63,0.630974904397706,-0.0343449649458254,0.642594506366751,-0.0513736816933283,0.05875,-0.0015,NA,NA,NA,NA,NA,NA,0.630974904397706,-0.0343449649458254,0.642594506366751,-0.0513736816933283,0.05875,-0.0015,NA,0,TRUE
"S2",8,"IMDS","Ichino-Yaguchi",64,0.640031389420013,-0.0329359464627151,0.647714080946559,-0.0448410451106925,0.060875,-0.000750000000000001,NA,NA,NA,NA,NA,NA,0.640031389420013,-0.0329359464627151,0.647714080946559,-0.0448410451106925,0.060875,-0.000750000000000001,NA,0,TRUE
"S2",8,"IMDS","Int-Euclidean",65,0.58834839069471,-0.0700689929891651,0.596110653698936,-0.0921479623684338,0.038375,-0.0025,NA,NA,NA,NA,NA,NA,0.58834839069471,-0.0700689929891651,0.596110653698936,-0.0921479623684338,0.038375,-0.0025,NA,0,TRUE
"S2",8,"IMDS","Wasserstein",66,0.629931086679414,-0.0543914913957936,0.636714922798208,-0.0677468198231903,0.060875,-0.000750000000000001,NA,NA,NA,NA,NA,NA,0.629931086679414,-0.0543914913957936,0.636714922798208,-0.0677468198231903,0.060875,-0.000750000000000001,NA,0,TRUE
"S2",9,"IMDS","Centers-Euclidean",67,0.574321701720841,-0.0290905035054174,0.57870688255839,-0.0333676010755093,0.045375,0,NA,NA,NA,NA,NA,NA,0.574321701720841,-0.0290905035054174,0.57870688255839,-0.0333676010755093,0.045375,0,NA,0,TRUE
"S2",9,"IMDS","Hausdorff",68,0.582421081899299,0.00354866475462089,0.588127031336551,-0.00590166781222289,0.048875,-0.000374999999999997,NA,NA,NA,NA,NA,NA,0.582421048438496,0.00354859783301475,0.588127003124136,-0.00590172423705349,0.048875,-0.000374999999999997,NA,6.69216061368466e-08,TRUE
"S2",9,"IMDS","Ichino-Yaguchi",69,0.584985340981517,0.0136845124282983,0.591449821628444,0.00683901466977355,0.048625,0.00275,NA,NA,NA,NA,NA,NA,0.584985340981517,0.0136845124282983,0.591449821628444,0.00683901466977355,0.048625,0.00275,NA,0,TRUE
"S2",9,"IMDS","Int-Euclidean",70,0.560212794773741,-0.0419992033142128,0.564138692340263,-0.0539406075986121,0.033375,0.00025,NA,NA,NA,NA,NA,NA,0.560212794773741,-0.0419992033142128,0.564138692340263,-0.0539406075986121,0.033375,0.00025,NA,0,TRUE
"S2",9,"IMDS","Wasserstein",71,0.57802039515615,-0.00567080943275977,0.585193535996142,-0.0158045620008663,0.048375,0.000499999999999997,NA,NA,NA,NA,NA,NA,0.57802039515615,-0.00567080943275977,0.585193535996142,-0.0158045620008663,0.048375,0.000499999999999997,NA,0,TRUE
"S4",1,"C-PCA","Centers-Euclidean",77,0.887152126537786,0.0907017223198594,0.885670327163243,0.100140911440451,0.278,0.06186,NA,NA,NA,NA,NA,NA,0.887155243116579,0.0906994727592267,0.885680407096088,0.100139066907201,0.278,0.0616666666666667,NA,0.000193333333333337,TRUE
"S4",1,"C-PCA","Hausdorff",78,0.906941558289397,0.071469619214997,0.908390936302886,0.0760718558614323,0.32,0.0521933333333333,NA,NA,NA,NA,NA,NA,0.906944932630346,0.0714715875805507,0.908401632492524,0.0760737386516685,0.32,0.052,NA,0.00019333333333333,TRUE
"S4",1,"C-PCA","Ichino-Yaguchi",79,0.895459683655536,0.0783137668424136,0.894153164898202,0.0878170609577173,0.29994,0.0607866666666667,NA,NA,NA,NA,NA,NA,0.895462214411248,0.0783081429408319,0.894133800123829,0.087853706329735,0.3,0.061,NA,0.000213333333333343,TRUE
"S4",1,"C-PCA","Int-Euclidean",80,0.913537434094903,0.0484543643819566,0.901577784312579,0.0743331169940694,0.324666666666667,0.05548,NA,NA,NA,NA,NA,NA,0.913539543057996,0.0484522554188636,0.901585129546414,0.0743359104602306,0.324666666666667,0.0556666666666667,NA,0.000186666666666654,TRUE
"S4",1,"C-PCA","Wasserstein",81,0.893770544815466,0.0814505916813123,0.894120888513893,0.0874909839245435,0.289333333333333,0.0535133333333333,NA,NA,NA,NA,NA,NA,0.893772700644405,0.0814504979496191,0.894129994382732,0.0874903325118521,0.289333333333333,0.0533333333333333,NA,0.000180000000000007,TRUE
"S4",1,"IMDS","Centers-Euclidean",82,0.538307147041593,-0.0392499355594611,0.535117446014588,-0.0406923004745432,0.046,-0.00748,NA,NA,NA,NA,NA,NA,0.538122437024019,-0.039602811950791,0.534794585930302,-0.0413327032905153,0.046,-0.00766666666666667,NA,0.000640402815972094,TRUE
"S4",1,"IMDS","Hausdorff",83,0.547656520210896,-0.0262570123022847,0.545936550082647,-0.0353475258154057,0.0486666666666667,-0.00366666666666667,NA,NA,NA,NA,NA,NA,0.547827182190978,-0.0259109548916228,0.546096504014604,-0.0350261773272706,0.0486666666666667,-0.00366666666666667,NA,0.000346057410661942,TRUE
"S4",1,"IMDS","Ichino-Yaguchi",84,0.545924288224956,-0.0346669009958992,0.545677631238579,-0.04034986286897,0.0433333333333333,-0.00366666666666667,NA,NA,NA,NA,NA,NA,0.545902167545401,-0.0347498535442297,0.545737223786327,-0.0402478797846371,0.0433333333333333,-0.00366666666666667,NA,0.000101983084332853,TRUE
"S4",1,"IMDS","Int-Euclidean",85,0.529238148799063,-0.0410703222026948,0.536585519408435,-0.0614380515158256,0.0459733333333333,-0.00118,NA,NA,NA,NA,NA,NA,0.530207381370826,-0.0422472173403632,0.536966097432806,-0.0617512657274669,0.0463333333333333,-0.00133333333333333,NA,0.00117689513766838,TRUE
"S4",1,"IMDS","Wasserstein",86,0.54703345049795,-0.0438724077328647,0.546673195147626,-0.046627749087597,0.046,-0.00433333333333333,NA,NA,NA,NA,NA,NA,0.546978324545987,-0.04396719390744,0.546633620890157,-0.0467042497032857,0.046,-0.00433333333333333,NA,9.47861745752981e-05,TRUE
"S4",1,"Int-UMAP","Centers-Euclidean",87,0.784745975395431,0.0543353485647334,0.806900907191039,0.0694518240614642,0.277333333333333,0.0218333333333333,NA,NA,NA,NA,NA,NA,0.784746338605741,0.0543362624487405,0.806895351945081,0.0694475135492212,0.277333333333333,0.022,NA,0.000166666666666662,TRUE
"S4",1,"Int-UMAP","Hausdorff",88,0.791254680726421,0.0505892208553017,0.819378010553831,0.0491631548380887,0.287,0.00215333333333333,NA,NA,NA,NA,NA,NA,0.791254833040422,0.0505869947275922,0.81937789335727,0.0491651901957109,0.287,0.00266666666666666,NA,0.000513333333333334,TRUE
"S4",1,"Int-UMAP","Ichino-Yaguchi",89,0.794457516110135,0.0528341417691857,0.825868149877116,0.0546859989103207,0.291333333333333,0.00183333333333333,NA,NA,NA,NA,NA,NA,0.794457527826596,0.0528377270064441,0.825876858714587,0.0546889094502278,0.291333333333333,0.002,NA,0.000166666666666667,TRUE
"S4",1,"Int-UMAP","Int-Euclidean",90,0.771562108963093,0.0649180082015231,0.792431544389387,0.0697554081054763,0.267,0.0165333333333333,NA,NA,NA,NA,NA,NA,0.771562390158172,0.0649197422378441,0.792430796228893,0.0697536293091497,0.267,0.0166666666666667,NA,0.000133333333333336,TRUE
"S4",1,"Int-UMAP","Wasserstein",91,0.791038676039836,0.0493354188635032,0.820083215607131,0.0528853503530865,0.288666666666667,0.00598666666666667,NA,NA,NA,NA,NA,NA,0.791039250146456,0.0493333333333333,0.820084698080688,0.0528910414328378,0.288666666666667,0.00566666666666667,NA,0.000319999999999999,TRUE
"S4",1,"MR-PCA","Centers-Euclidean",92,0.887152126537786,0.0907017223198594,0.885670327163243,0.100140911440451,0.278,0.06186,NA,NA,NA,NA,NA,NA,0.887155243116579,0.0906994727592267,0.885680407096088,0.100139066907201,0.278,0.0616666666666667,NA,0.000193333333333337,TRUE
"S4",1,"MR-PCA","Hausdorff",93,0.891659191564148,0.0806776801405976,0.892912778493433,0.0840700034065912,0.29,0.0474866666666667,NA,NA,NA,NA,NA,NA,0.891663151728178,0.0806783831282952,0.892925939418558,0.0840718819904011,0.29,0.0476666666666667,NA,0.000179999999999993,TRUE
"S4",1,"MR-PCA","Ichino-Yaguchi",94,0.887349560632689,0.0901568834212068,0.887776061090204,0.0963972508701852,0.278666666666667,0.0575133333333333,NA,NA,NA,NA,NA,NA,0.887353251318102,0.0901534856473345,0.887786023550153,0.0963950144331081,0.278666666666667,0.0573333333333333,NA,0.00018,TRUE
"S4",1,"MR-PCA","Int-Euclidean",95,0.887054434680726,0.0911002226127709,0.884502928777989,0.101614060670483,0.270666666666667,0.0533333333333333,NA,NA,NA,NA,NA,NA,0.887056824838899,0.0910978324545987,0.884515097308916,0.101609791639129,0.270666666666667,0.0533333333333333,NA,1.21685309271147e-05,TRUE
"S4",1,"MR-PCA","Wasserstein",96,0.887293790275337,0.0906876391329818,0.886667271087129,0.0986567494181238,0.280333333333333,0.0575333333333333,NA,NA,NA,NA,NA,NA,0.887297012302285,0.0906854130052724,0.886677276378936,0.0986544686447002,0.280333333333333,0.0573333333333333,NA,0.000199999999999999,TRUE
"S4",1,"SPCA","Centers-Euclidean",97,0.887152126537786,0.0907017223198594,0.885670327163243,0.100140911440451,0.278,0.06186,NA,NA,NA,NA,NA,NA,0.887155243116579,0.0906994727592267,0.885680407096088,0.100139066907201,0.278,0.0616666666666667,NA,0.000193333333333337,TRUE
"S4",1,"SPCA","Hausdorff",98,0.906941558289397,0.071469619214997,0.908390936302886,0.0760718558614323,0.32,0.0521933333333333,NA,NA,NA,NA,NA,NA,0.906944932630346,0.0714715875805507,0.908401632492524,0.0760737386516685,0.32,0.052,NA,0.00019333333333333,TRUE
"S4",1,"SPCA","Ichino-Yaguchi",99,0.895459683655536,0.0783137668424136,0.894153164898202,0.0878170609577173,0.29994,0.0607866666666667,NA,NA,NA,NA,NA,NA,0.895464557703574,0.0783128295254832,0.894140891175916,0.0878902838155602,0.3,0.0613333333333334,NA,0.000546666666666681,TRUE
"S4",1,"SPCA","Int-Euclidean",100,0.913537434094903,0.0484543643819566,0.901577784312579,0.0743331169940694,0.324666666666667,0.05548,NA,NA,NA,NA,NA,NA,0.913539543057996,0.0484522554188636,0.901585129546414,0.0743359104602306,0.324666666666667,0.0556666666666667,NA,0.000186666666666654,TRUE
"S4",1,"SPCA","Wasserstein",101,0.893770544815466,0.0814505916813123,0.894120888513893,0.0874909839245435,0.289333333333333,0.0535133333333333,NA,NA,NA,NA,NA,NA,0.893772700644405,0.0814504979496191,0.894129994382732,0.0874903325118521,0.289333333333333,0.0533333333333333,NA,0.000180000000000007,TRUE
"S4",1,"V-PCA","Centers-Euclidean",102,0.88675935559461,0.0913724428822496,0.885169330885009,0.100959362575979,0.278,0.0635266666666667,NA,NA,NA,NA,NA,NA,0.886761570005858,0.0913719976567077,0.885179278192612,0.100957783293211,0.278,0.0633333333333333,NA,0.000193333333333337,TRUE
"S4",1,"V-PCA","Hausdorff",103,0.906820609256005,0.071470158172232,0.908025458765279,0.0765607602762302,0.319,0.05186,NA,NA,NA,NA,NA,NA,0.906824253075571,0.0714715875805506,0.908036293628815,0.0765623657186702,0.319,0.0516666666666667,NA,0.000193333333333337,TRUE
"S4",1,"V-PCA","Ichino-Yaguchi",104,0.895817926186292,0.0775214528412419,0.89432282558852,0.0873305320376927,0.299613333333333,0.0584866666666667,NA,NA,NA,NA,NA,NA,0.895821323960164,0.077519625073228,0.894303741278382,0.0874086080981688,0.299666666666667,0.059,NA,0.000513333333333345,TRUE
"S4",1,"V-PCA","Int-Euclidean",105,0.913569455184534,0.0482708142940831,0.901686454601377,0.0740152735336114,0.324,0.0561466666666667,NA,NA,NA,NA,NA,NA,0.913571177504394,0.0482694786174576,0.90169370677187,0.074018253126457,0.324,0.0563333333333333,NA,0.000186666666666668,TRUE
"S4",1,"V-PCA","Wasserstein",106,0.893843116578793,0.0810500292911541,0.893870929695419,0.0877887462439608,0.290333333333333,0.0543466666666667,NA,NA,NA,NA,NA,NA,0.893845342706503,0.0810497949619216,0.893880019828541,0.0877881520939329,0.290333333333333,0.054,NA,0.000346666666666676,TRUE
"S4",2,"C-PCA","Centers-Euclidean",107,0.919512454598711,0.0638866315172818,0.913581864085456,0.0727990070070771,0.340333333333333,0.06048,NA,NA,NA,NA,NA,NA,0.919515524311658,0.0638863503222027,0.913591088240843,0.0727961189730855,0.340333333333333,0.0606666666666667,NA,0.000186666666666661,TRUE
"S4",2,"C-PCA","Hausdorff",108,0.935820761570006,0.0504518804920914,0.931212833668235,0.0586165790302284,0.402,0.0735666666666667,NA,NA,NA,NA,NA,NA,0.935824838898653,0.0504522554188634,0.931224327175217,0.0586107479102582,0.402,0.0736666666666667,NA,0.000100000000000017,TRUE
"S4",2,"C-PCA","Ichino-Yaguchi",109,0.925442975981254,0.0538152548330404,0.920405827773252,0.0629492941724263,0.360466666666667,0.0666666666666667,NA,NA,NA,NA,NA,NA,0.925438195664909,0.053810193321617,0.920409614570078,0.0629457311144896,0.360333333333333,0.0666666666666667,NA,0.000133333333333319,TRUE
"S4",2,"C-PCA","Int-Euclidean",110,0.939856028119508,0.0307844405389572,0.92629823884303,0.0500461077124518,0.397,0.0565333333333333,NA,NA,NA,NA,NA,NA,0.939859988283538,0.0307850029291155,0.926305757599623,0.0500513705964359,0.397,0.0563333333333333,NA,0.000199999999999992,TRUE
"S4",2,"C-PCA","Wasserstein",111,0.924203702401875,0.0571581956649091,0.91972218625779,0.0644733810440319,0.352333333333333,0.05616,NA,NA,NA,NA,NA,NA,0.924206209724663,0.0571575864089044,0.919732323146259,0.0644681012422313,0.352333333333333,0.056,NA,0.000159999999999993,TRUE
"S4",2,"IMDS","Centers-Euclidean",112,0.547196344463972,-0.0526177855887522,0.548207755606022,-0.0643847550516646,0.0576666666666667,0.00166666666666667,NA,NA,NA,NA,NA,NA,0.5472460456942,-0.0525401288810778,0.548289056859369,-0.0642464563545667,0.0576666666666667,0.00166666666666667,NA,0.000138298697097874,TRUE
"S4",2,"IMDS","Hausdorff",113,0.557868963093146,-0.0442687287639133,0.562081029079147,-0.0637527174971825,0.0593333333333333,0.000999999999999997,NA,NA,NA,NA,NA,NA,0.558046280023433,-0.0439191564147627,0.562210287383346,-0.0635035922726415,0.0593333333333333,0.000999999999999997,NA,0.000349572349150569,TRUE
"S4",2,"IMDS","Ichino-Yaguchi",114,0.555357363796134,-0.0477642413591096,0.558592632966438,-0.0703996695959666,0.059,-0.00466666666666667,NA,NA,NA,NA,NA,NA,0.555333333333333,-0.0478078500292912,0.558487315398913,-0.0706122637588901,0.059,-0.00466666666666667,NA,0.000212594162923491,TRUE
"S4",2,"IMDS","Int-Euclidean",115,0.53621129466901,-0.0339505096660808,0.539572155008956,-0.058600066443112,0.0436333333333333,-0.00256666666666667,NA,NA,NA,NA,NA,NA,0.538355008787346,-0.0376215582893966,0.540792816928501,-0.0605040726342345,0.044,-0.00366666666666667,NA,0.00367104862331579,TRUE
"S4",2,"IMDS","Wasserstein",116,0.55196964264792,-0.0509713181019332,0.55853261971466,-0.0706811771177168,0.0553333333333333,-0.000666666666666666,NA,NA,NA,NA,NA,NA,0.551933216168717,-0.0510509666080845,0.558470232549357,-0.0708263355441634,0.0553333333333333,-0.000666666666666666,NA,0.000145158426446551,TRUE
"S4",2,"Int-UMAP","Centers-Euclidean",117,0.811843936731107,0.0450086467486819,0.828296771982377,0.0538180061447597,0.284333333333333,0.0180066666666667,NA,NA,NA,NA,NA,NA,0.811844756883421,0.0450087873462215,0.828295407181291,0.0538127338961041,0.284333333333333,0.0176666666666667,NA,0.00034,TRUE
"S4",2,"Int-UMAP","Hausdorff",118,0.819730626830697,0.0300977855887522,0.839921666748799,0.0274223128497263,0.29,-0.00185333333333334,NA,NA,NA,NA,NA,NA,0.81973345049795,0.0301031048623316,0.839923598864756,0.0274264623817307,0.29,-0.00133333333333334,NA,0.000519999999999999,TRUE
"S4",2,"Int-UMAP","Ichino-Yaguchi",119,0.823276742823667,0.0391580082015231,0.846328235543902,0.0391052569734948,0.3,9.33333333333353e-05,NA,NA,NA,NA,NA,NA,0.823276508494435,0.0391575864089044,0.846326030578262,0.0391049922449773,0.3,0,NA,9.33333333333353e-05,TRUE
"S4",2,"Int-UMAP","Int-Euclidean",120,0.797878301113064,0.0574051552431166,0.801721828957192,0.0748050646906903,0.258666666666667,0.02364,NA,NA,NA,NA,NA,NA,0.797878148799063,0.0574036321031048,0.801720245636869,0.0748012747620721,0.258666666666667,0.024,NA,0.000360000000000006,TRUE
"S4",2,"Int-UMAP","Wasserstein",121,0.819175606326889,0.037036625659051,0.841412929986185,0.036278055795941,0.291333333333333,-0.000173333333333335,NA,NA,NA,NA,NA,NA,0.819175746924429,0.0370369068541301,0.841414539773218,0.0362731462824634,0.291333333333333,-0.001,NA,0.000826666666666666,TRUE
"S4",2,"MR-PCA","Centers-Euclidean",122,0.919512454598711,0.0638866315172818,0.913581864085456,0.0727990070070771,0.340333333333333,0.06048,NA,NA,NA,NA,NA,NA,0.919515524311658,0.0638863503222027,0.913591088240843,0.0727961189730855,0.340333333333333,0.0606666666666667,NA,0.000186666666666661,TRUE
"S4",2,"MR-PCA","Hausdorff",123,0.921197762155829,0.0592620738137082,0.918602091622411,0.0618389057580909,0.345,0.0574533333333333,NA,NA,NA,NA,NA,NA,0.92120093731693,0.0592642062097246,0.918614493011268,0.0618315255679328,0.345,0.0573333333333333,NA,0.000120000000000016,TRUE
"S4",2,"MR-PCA","Ichino-Yaguchi",124,0.919647486818981,0.0633986408904511,0.914890028206084,0.069656227698457,0.339333333333333,0.06048,NA,NA,NA,NA,NA,NA,0.919650849443468,0.0633977738722906,0.914901299432608,0.0696526535871374,0.339333333333333,0.0606666666666667,NA,0.000186666666666661,TRUE
"S4",2,"MR-PCA","Int-Euclidean",125,0.918232091388401,0.0622910134739309,0.912198293434459,0.0720152313465338,0.334666666666667,0.0489266666666667,NA,NA,NA,NA,NA,NA,0.918235500878735,0.0622940831868775,0.912207917814415,0.072011158389909,0.334666666666667,0.0493333333333333,NA,0.000406666666666673,TRUE
"S4",2,"MR-PCA","Wasserstein",126,0.91966366725249,0.0635106736965436,0.914326029457572,0.071109427199888,0.342,0.0561133333333333,NA,NA,NA,NA,NA,NA,0.919666666666667,0.0635090802577621,0.914335396170893,0.0711067982449071,0.342,0.0566666666666667,NA,0.000553333333333336,TRUE
"S4",2,"SPCA","Centers-Euclidean",127,0.919512454598711,0.0638866315172818,0.913581864085456,0.0727990070070771,0.340333333333333,0.06048,NA,NA,NA,NA,NA,NA,0.919515524311658,0.0638863503222027,0.913591088240843,0.0727961189730855,0.340333333333333,0.0606666666666667,NA,0.000186666666666661,TRUE
"S4",2,"SPCA","Hausdorff",128,0.935820761570006,0.0504518804920914,0.931212833668235,0.0586165790302284,0.402,0.0735666666666667,NA,NA,NA,NA,NA,NA,0.935824838898653,0.0504522554188634,0.931224327175217,0.0586107479102582,0.402,0.0736666666666667,NA,0.000100000000000017,TRUE
"S4",2,"SPCA","Ichino-Yaguchi",129,0.925442975981254,0.0538152548330404,0.920405827773252,0.0629492941724263,0.360466666666667,0.0666666666666667,NA,NA,NA,NA,NA,NA,0.925451669595782,0.0538160515524311,0.920427204033011,0.0629232113822823,0.360666666666667,0.0666666666666667,NA,0.000200000000000033,TRUE
"S4",2,"SPCA","Int-Euclidean",130,0.939856028119508,0.0307844405389572,0.92629823884303,0.0500461077124518,0.397,0.0565333333333333,NA,NA,NA,NA,NA,NA,0.939859988283538,0.0307850029291155,0.926305757599623,0.0500513705964359,0.397,0.0563333333333333,NA,0.000199999999999992,TRUE
"S4",2,"SPCA","Wasserstein",131,0.924203702401875,0.0571581956649091,0.91972218625779,0.0644733810440319,0.352333333333333,0.05616,NA,NA,NA,NA,NA,NA,0.924206209724663,0.0571575864089044,0.919732323146259,0.0644681012422313,0.352333333333333,0.056,NA,0.000159999999999993,TRUE
"S4",2,"V-PCA","Centers-Euclidean",132,0.919235360281195,0.064506432337434,0.91383422139588,0.0724090676425576,0.341333333333333,0.06148,NA,NA,NA,NA,NA,NA,0.919238429994142,0.064506151142355,0.913844997492264,0.0724052421895953,0.341333333333333,0.0613333333333333,NA,0.000146666666666663,TRUE
"S4",2,"V-PCA","Hausdorff",133,0.936362835383714,0.0495059871118922,0.931431430539545,0.0583035331984514,0.402666666666667,0.0735333333333333,NA,NA,NA,NA,NA,NA,0.936367311072056,0.0495055653192736,0.931442642231322,0.0582973538048123,0.402666666666667,0.0733333333333333,NA,0.000200000000000006,TRUE
"S4",2,"V-PCA","Ichino-Yaguchi",134,0.925369994141769,0.0540979730521383,0.92041767896463,0.0629596309889569,0.361766666666667,0.0664866666666667,NA,NA,NA,NA,NA,NA,0.925371411833626,0.0540820152314001,0.920429506053492,0.0629375915262311,0.362,0.0666666666666667,NA,0.000233333333333308,TRUE
"S4",2,"V-PCA","Int-Euclidean",135,0.939832923257176,0.0309009490333919,0.926305187582814,0.0502303429787915,0.397666666666667,0.0606933333333333,NA,NA,NA,NA,NA,NA,0.939836555360281,0.0309021675454013,0.926312170864419,0.0502358592308719,0.397666666666667,0.0603333333333333,NA,0.000360000000000013,TRUE
"S4",2,"V-PCA","Wasserstein",136,0.924308810779145,0.0570042179261862,0.919808221659626,0.0642595376646321,0.352333333333333,0.0527866666666667,NA,NA,NA,NA,NA,NA,0.92431165787932,0.0570029291154071,0.919818739874449,0.0642534952101241,0.352333333333333,0.0523333333333333,NA,0.000453333333333319,TRUE
"S4",3,"C-PCA","Centers-Euclidean",137,0.909324182776801,0.0612893966022261,0.905011034684133,0.0717327544431145,0.318,0.0455,NA,NA,NA,NA,NA,NA,0.909326303456356,0.0612911540714703,0.905024236076921,0.0717322063181443,0.318,0.046,NA,5e-04,TRUE
"S4",3,"C-PCA","Hausdorff",138,0.924609103690685,0.0514495840656122,0.921421242590587,0.0589473514482925,0.366666666666667,0.0501333333333333,NA,NA,NA,NA,NA,NA,0.924613942589338,0.0514516695957821,0.921433634491958,0.0589472819655002,0.366666666666667,0.05,NA,0.000133333333333319,TRUE
"S4",3,"C-PCA","Ichino-Yaguchi",139,0.91636776801406,0.0511006678383128,0.911899684180291,0.0625541626655724,0.340666666666667,0.0508733333333333,NA,NA,NA,NA,NA,NA,0.916371997656708,0.0510849443468072,0.911902298689115,0.0625330192944472,0.340666666666667,0.051,NA,0.000126666666666657,TRUE
"S4",3,"C-PCA","Int-Euclidean",140,0.935084499121265,0.0228993087287639,0.927131187196253,0.0331395869995639,0.378666666666667,0.0504733333333333,NA,NA,NA,NA,NA,NA,0.935087287639133,0.0228986526069127,0.927139226413655,0.0331458894541978,0.378666666666667,0.0506666666666667,NA,0.00019333333333333,TRUE
"S4",3,"C-PCA","Wasserstein",141,0.915249513766842,0.0531656004686585,0.911270221403862,0.0636423536766238,0.336,0.05496,NA,NA,NA,NA,NA,NA,0.915252489748096,0.0531669595782074,0.911287306893949,0.0636409244128236,0.336,0.0553333333333333,NA,0.00037333333333333,TRUE
"S4",3,"IMDS","Centers-Euclidean",142,0.53897913298184,-0.0458699707088459,0.536771845913388,-0.0487768328158969,0.048,0.008,NA,NA,NA,NA,NA,NA,0.53872114821324,-0.0462038664323374,0.536301895056421,-0.0496493160796169,0.048,0.008,NA,0.000872483263720067,TRUE
"S4",3,"IMDS","Hausdorff",143,0.548340304628002,-0.0533682249560633,0.546767272146412,-0.0542597846770332,0.0543333333333333,0.005,NA,NA,NA,NA,NA,NA,0.548410661980082,-0.0532524897480962,0.547176358103811,-0.0534583839371013,0.0543333333333333,0.005,NA,0.00080140073993186,TRUE
"S4",3,"IMDS","Ichino-Yaguchi",144,0.549414294083187,-0.0534587932044523,0.549527188082365,-0.0489210175928404,0.049,0.00333333333333333,NA,NA,NA,NA,NA,NA,0.549285881663738,-0.0537141183362624,0.549567089658133,-0.0488464152421236,0.049,0.00333333333333333,NA,0.000255325131810133,TRUE
"S4",3,"IMDS","Int-Euclidean",145,0.530451704745167,-0.0284961452841242,0.536853557799904,-0.0457574201588832,0.0477333333333333,-0.000413333333333333,NA,NA,NA,NA,NA,NA,0.52916813122437,-0.0260878734622143,0.536277303582539,-0.0437147164891755,0.048,-0.000333333333333335,NA,0.00240827182190988,TRUE
"S4",3,"IMDS","Wasserstein",146,0.547456602226128,-0.0557838312829525,0.546386319750108,-0.0530847255606253,0.0463333333333333,0.00533333333333333,NA,NA,NA,NA,NA,NA,0.547129466900996,-0.0564475688342121,0.546447947087457,-0.0529635961443959,0.0463333333333333,0.00533333333333333,NA,0.000663737551259556,TRUE
"S4",3,"Int-UMAP","Centers-Euclidean",147,0.773849876977153,0.0848507791446983,0.806421683574504,0.0788301745682234,0.281,0.00966666666666666,NA,NA,NA,NA,NA,NA,0.773850029291154,0.0848553016988869,0.806420307489757,0.0788350394690201,0.281,0.00966666666666667,NA,4.86490079666668e-06,TRUE
"S4",3,"Int-UMAP","Hausdorff",148,0.791368857644991,0.0373141183362625,0.825924374320965,0.0256220376204953,0.306333333333333,-0.0116333333333333,NA,NA,NA,NA,NA,NA,0.791367896895138,0.0373134153485647,0.825923119424278,0.0256177896826804,0.306333333333333,-0.0113333333333333,NA,3e-04,TRUE
"S4",3,"Int-UMAP","Ichino-Yaguchi",149,0.799165342706503,0.0512732044522554,0.836665064954743,0.0418114956408989,0.316333333333333,-0.0178066666666667,NA,NA,NA,NA,NA,NA,0.7991640304628,0.0512724077328647,0.836665770114508,0.0418124569474579,0.316333333333333,-0.0176666666666667,NA,0.000140000000000001,TRUE
"S4",3,"Int-UMAP","Int-Euclidean",150,0.757364288224956,0.0944520679554774,0.777225883199825,0.104555023785498,0.260666666666667,0.0243333333333333,NA,NA,NA,NA,NA,NA,0.757363796133568,0.0944510837727006,0.77722432287668,0.104551882813264,0.260666666666667,0.0243333333333333,NA,3.14097223406973e-06,TRUE
"S4",3,"Int-UMAP","Wasserstein",151,0.791661933216169,0.0522777270064441,0.826862839463586,0.0439866879812731,0.303666666666667,-0.0160666666666667,NA,NA,NA,NA,NA,NA,0.791660808435852,0.0522729935559461,0.826859659497473,0.043981503699122,0.303666666666667,-0.016,NA,6.66666666666628e-05,TRUE
"S4",3,"MR-PCA","Centers-Euclidean",152,0.909324182776801,0.0612893966022261,0.905011034684133,0.0717327544431145,0.318,0.0455,NA,NA,NA,NA,NA,NA,0.909326303456356,0.0612911540714703,0.905024236076921,0.0717322063181443,0.318,0.046,NA,5e-04,TRUE
"S4",3,"MR-PCA","Hausdorff",153,0.912590638547159,0.0555752314001171,0.909404958946662,0.0626233350112983,0.327333333333333,0.0520933333333333,NA,NA,NA,NA,NA,NA,0.912596953719977,0.0555746924428823,0.909420221672521,0.0626234543878322,0.327333333333333,0.0523333333333333,NA,0.000240000000000011,TRUE
"S4",3,"MR-PCA","Ichino-Yaguchi",154,0.90984258933802,0.0606989806678383,0.906817006719382,0.0681998811147275,0.32,0.0393,NA,NA,NA,NA,NA,NA,0.909845342706503,0.0607006444053895,0.906839696627628,0.0681804274373822,0.32,0.04,NA,0.000699999999999992,TRUE
"S4",3,"MR-PCA","Int-Euclidean",155,0.909466069127124,0.0631647334504979,0.904297188449276,0.0740721116244282,0.316666666666667,0.0541666666666667,NA,NA,NA,NA,NA,NA,0.909468658465144,0.0631646162858817,0.904309758463629,0.0740717085136992,0.316666666666667,0.0543333333333333,NA,0.000166666666666655,TRUE
"S4",3,"MR-PCA","Wasserstein",156,0.909858476859988,0.0602874516695957,0.906187948281836,0.0692188200421779,0.319333333333333,0.04346,NA,NA,NA,NA,NA,NA,0.909861159929701,0.0602893966022261,0.906201389870772,0.0692190002123171,0.319333333333333,0.0436666666666667,NA,0.000206666666666667,TRUE
"S4",3,"SPCA","Centers-Euclidean",157,0.909324182776801,0.0612893966022261,0.905011034684133,0.0717327544431145,0.318,0.0455,NA,NA,NA,NA,NA,NA,0.909326303456356,0.0612911540714703,0.905024236076921,0.0717322063181443,0.318,0.046,NA,5e-04,TRUE
"S4",3,"SPCA","Hausdorff",158,0.924609103690685,0.0514495840656122,0.921421242590587,0.0589473514482925,0.366666666666667,0.0501333333333333,NA,NA,NA,NA,NA,NA,0.924613942589338,0.0514516695957821,0.921433634491958,0.0589472819655002,0.366666666666667,0.05,NA,0.000133333333333319,TRUE
"S4",3,"SPCA","Ichino-Yaguchi",159,0.91636776801406,0.0511006678383128,0.911899684180291,0.0625541626655724,0.340666666666667,0.0508733333333333,NA,NA,NA,NA,NA,NA,0.916352079671939,0.0510896309314587,0.911897314688119,0.0625362785071731,0.340666666666667,0.051,NA,0.000126666666666657,TRUE
"S4",3,"SPCA","Int-Euclidean",160,0.935084499121265,0.0228993087287639,0.927131187196253,0.0331395869995639,0.378666666666667,0.0504733333333333,NA,NA,NA,NA,NA,NA,0.935087287639133,0.0228986526069127,0.927139226413655,0.0331458894541978,0.378666666666667,0.0506666666666667,NA,0.00019333333333333,TRUE
"S4",3,"SPCA","Wasserstein",161,0.915249513766842,0.0531656004686585,0.911270221403862,0.0636423536766238,0.336,0.05496,NA,NA,NA,NA,NA,NA,0.915252489748096,0.0531669595782074,0.911287306893949,0.0636409244128236,0.336,0.0553333333333333,NA,0.00037333333333333,TRUE
"S4",3,"V-PCA","Centers-Euclidean",162,0.90892410076157,0.0616560515524311,0.904338673621701,0.0728128399164671,0.315666666666667,0.0424666666666667,NA,NA,NA,NA,NA,NA,0.908925600468659,0.0616590509666081,0.904351580165503,0.0728128694535622,0.315666666666667,0.043,NA,0.00053333333333333,TRUE
"S4",3,"V-PCA","Hausdorff",163,0.924518207381371,0.0513126889279438,0.921193278238361,0.0591583985981854,0.366666666666667,0.0498,NA,NA,NA,NA,NA,NA,0.924523725834798,0.0513134153485647,0.921206214979391,0.0591572394360748,0.366666666666667,0.0496666666666667,NA,0.000133333333333333,TRUE
"S4",3,"V-PCA","Ichino-Yaguchi",164,0.916304838898653,0.0509302870533099,0.911840678106611,0.0624389241803955,0.339333333333333,0.0503,NA,NA,NA,NA,NA,NA,0.916313415348565,0.0509349736379613,0.911863067623828,0.0624524754434517,0.339333333333333,0.0506666666666667,NA,0.000366666666666675,TRUE
"S4",3,"V-PCA","Int-Euclidean",165,0.934827369654364,0.0232846865846514,0.927139908867929,0.0330392420572617,0.378666666666667,0.0514733333333333,NA,NA,NA,NA,NA,NA,0.934830111306385,0.0232841241944932,0.927147886432019,0.0330456567651385,0.378666666666667,0.0516666666666667,NA,0.000193333333333337,TRUE
"S4",3,"V-PCA","Wasserstein",166,0.915609431751611,0.0521622261277095,0.911378474442814,0.0632419193093847,0.337,0.0566266666666667,NA,NA,NA,NA,NA,NA,0.915612185120094,0.0521640304628003,0.911395400533909,0.0632408088435659,0.337,0.057,NA,0.000373333333333344,TRUE
"S4",4,"C-PCA","Centers-Euclidean",167,0.947590837727006,0.0367505565319273,0.940598616976184,0.045302723016198,0.383,0.0726266666666667,NA,NA,NA,NA,NA,NA,0.947592852958407,0.0367510251903924,0.940609706128932,0.045307404553656,0.383,0.0726666666666667,NA,3.99999999999845e-05,TRUE
"S4",4,"C-PCA","Hausdorff",168,0.957667135325132,0.0301515172817809,0.951687232866988,0.0369018139982803,0.442333333333333,0.0687866666666667,NA,NA,NA,NA,NA,NA,0.957669009958992,0.0301523140011717,0.951698727617476,0.036907790071084,0.442333333333333,0.069,NA,0.000213333333333315,TRUE
"S4",4,"C-PCA","Ichino-Yaguchi",169,0.949145143526655,0.0347196719390744,0.943198530022907,0.0407313370002931,0.393833333333333,0.05816,NA,NA,NA,NA,NA,NA,0.949157000585823,0.0347147041593439,0.943221299622972,0.0407627141151545,0.394,0.0583333333333333,NA,0.000173333333333359,TRUE
"S4",4,"C-PCA","Int-Euclidean",170,0.957123116578793,0.0207835032220269,0.951685567690225,0.0238952108302273,0.424,0.0439866666666667,NA,NA,NA,NA,NA,NA,0.957125366139426,0.0207861745752782,0.951696934513159,0.0239048730526665,0.424,0.044,NA,1.33333333333444e-05,TRUE
"S4",4,"C-PCA","Wasserstein",171,0.949028799062683,0.0356450380785004,0.94269813340604,0.0429764452106076,0.394666666666667,0.0676333333333333,NA,NA,NA,NA,NA,NA,0.949031048623316,0.035643819566491,0.942711006390544,0.0429786932230329,0.394666666666667,0.068,NA,0.000366666666666682,TRUE
"S4",4,"IMDS","Centers-Euclidean",172,0.575668810779145,-0.0826212770943175,0.569369411881742,-0.0955269694403135,0.0636666666666667,-0.00248,NA,NA,NA,NA,NA,NA,0.575589923842999,-0.082772114821324,0.569343498146946,-0.0955576792378939,0.0636666666666667,-0.00266666666666666,NA,0.000186666666666666,TRUE
"S4",4,"IMDS","Hausdorff",173,0.579645940246046,-0.0638819214997071,0.575370705511324,-0.0745827773558558,0.068,-0.00233333333333333,NA,NA,NA,NA,NA,NA,0.579876391329818,-0.0634153485647335,0.575528513659294,-0.0742587317502126,0.068,-0.00233333333333333,NA,0.000466572934973569,TRUE
"S4",4,"IMDS","Ichino-Yaguchi",174,0.582148189806678,-0.0606376098418278,0.575988166263755,-0.0782983552105877,0.059,-0.00317333333333333,NA,NA,NA,NA,NA,NA,0.58225834797891,-0.0604253075571177,0.576124281011992,-0.0780331533934729,0.059,-0.00333333333333333,NA,0.00026520181711473,TRUE
"S4",4,"IMDS","Int-Euclidean",175,0.536832126537786,-0.0335084710017575,0.539683991109396,-0.0568433906988547,0.05972,-0.00046,NA,NA,NA,NA,NA,NA,0.537538957234915,-0.0345834797891038,0.539772360954969,-0.057553003656981,0.0596666666666667,-0.000333333333333335,NA,0.00107500878734636,TRUE
"S4",4,"IMDS","Wasserstein",176,0.579291458699473,-0.0694891622729936,0.571633060437594,-0.0875323842161993,0.0636666666666667,-0.003,NA,NA,NA,NA,NA,NA,0.579305799648506,-0.0694563561804336,0.571412883300994,-0.0879736432087786,0.0636666666666667,-0.003,NA,0.000441258992579338,TRUE
"S4",4,"Int-UMAP","Centers-Euclidean",177,0.756330591681312,0.0794789923842999,0.783511447896426,0.076921443178781,0.265,0.0221866666666667,NA,NA,NA,NA,NA,NA,0.756331575864089,0.079477445811365,0.783507091742923,0.0769216589960796,0.265,0.0223333333333333,NA,0.000146666666666663,TRUE
"S4",4,"Int-UMAP","Hausdorff",178,0.775199660222613,0.0573316695957821,0.807138554767132,0.0319027794191539,0.281333333333333,-0.00971333333333333,NA,NA,NA,NA,NA,NA,0.775199765670767,0.0573309900410077,0.807131195056436,0.0319014336083937,0.281333333333333,-0.01,NA,0.000286666666666678,TRUE
"S4",4,"Int-UMAP","Ichino-Yaguchi",179,0.781874376098418,0.0482205975395431,0.818123625162596,0.0335354419503203,0.3,-0.02292,NA,NA,NA,NA,NA,NA,0.781874048037493,0.0482190978324547,0.818126765566809,0.0335367447449992,0.3,-0.023,NA,8.00000000000071e-05,TRUE
"S4",4,"Int-UMAP","Int-Euclidean",180,0.735156438195665,0.0917023081429408,0.734682931872936,0.123630383170119,0.223666666666667,0.0273866666666667,NA,NA,NA,NA,NA,NA,0.735155243116579,0.0917024018746339,0.734685178165946,0.12363090267911,0.223666666666667,0.0273333333333333,NA,5.33333333333358e-05,TRUE
"S4",4,"Int-UMAP","Wasserstein",181,0.770891587580551,0.0570997773872291,0.810527619363869,0.0311690359439121,0.290333333333333,-0.0246533333333333,NA,NA,NA,NA,NA,NA,0.770891622729936,0.0570990041007615,0.810522680697094,0.0311659829688864,0.290333333333333,-0.025,NA,0.000346666666666669,TRUE
"S4",4,"MR-PCA","Centers-Euclidean",182,0.947590837727006,0.0367505565319273,0.940598616976184,0.045302723016198,0.383,0.0726266666666667,NA,NA,NA,NA,NA,NA,0.947592852958407,0.0367510251903924,0.940609706128932,0.045307404553656,0.383,0.0726666666666667,NA,3.99999999999845e-05,TRUE
"S4",4,"MR-PCA","Hausdorff",183,0.955109525483304,0.0308519742237844,0.949930975401157,0.0359271958504373,0.434,0.0706066666666667,NA,NA,NA,NA,NA,NA,0.955111892208553,0.0308517867603983,0.949942305947503,0.0359303593899945,0.434,0.0706666666666667,NA,6.00000000000184e-05,TRUE
"S4",4,"MR-PCA","Ichino-Yaguchi",184,0.947463983596954,0.0363759812536614,0.941748712135064,0.0427060148978107,0.386666666666667,0.0666666666666667,NA,NA,NA,NA,NA,NA,0.947467486818981,0.0363760984182776,0.941757441037495,0.0427088448401351,0.386666666666667,0.0666666666666667,NA,8.72890243130975e-06,TRUE
"S4",4,"MR-PCA","Int-Euclidean",185,0.940583913298184,0.0446607850029291,0.928258161272846,0.0612213522493557,0.361,0.0754733333333333,NA,NA,NA,NA,NA,NA,0.940586408904511,0.0446619800820152,0.928270011266774,0.0612274213547978,0.361,0.076,NA,0.000526666666666661,TRUE
"S4",4,"MR-PCA","Wasserstein",186,0.948272384299941,0.0359276391329819,0.941862792394597,0.0432995437562741,0.388333333333333,0.0716333333333333,NA,NA,NA,NA,NA,NA,0.948274165202109,0.0359273579379027,0.941874653718243,0.0433039666445753,0.388333333333333,0.072,NA,0.000366666666666682,TRUE
"S4",4,"SPCA","Centers-Euclidean",187,0.947590837727006,0.0367505565319273,0.940598616976184,0.045302723016198,0.383,0.0726266666666667,NA,NA,NA,NA,NA,NA,0.947592852958407,0.0367510251903924,0.940609706128932,0.045307404553656,0.383,0.0726666666666667,NA,3.99999999999845e-05,TRUE
"S4",4,"SPCA","Hausdorff",188,0.957667135325132,0.0301515172817809,0.951687232866988,0.0369018139982803,0.442333333333333,0.0687866666666667,NA,NA,NA,NA,NA,NA,0.957669009958992,0.0301523140011717,0.951698727617476,0.036907790071084,0.442333333333333,0.069,NA,0.000213333333333315,TRUE
"S4",4,"SPCA","Ichino-Yaguchi",189,0.949145143526655,0.0347196719390744,0.943198530022907,0.0407313370002931,0.393833333333333,0.05816,NA,NA,NA,NA,NA,NA,0.949179847685999,0.0346760398359696,0.943223866464083,0.0407463980940284,0.394333333333333,0.059,NA,0.000840000000000007,TRUE
"S4",4,"SPCA","Int-Euclidean",190,0.957123116578793,0.0207835032220269,0.951685567690225,0.0238952108302273,0.424,0.0439866666666667,NA,NA,NA,NA,NA,NA,0.957125366139426,0.0207861745752782,0.951696934513159,0.0239048730526665,0.424,0.044,NA,1.33333333333444e-05,TRUE
"S4",4,"SPCA","Wasserstein",191,0.949028799062683,0.0356450380785004,0.94269813340604,0.0429764452106076,0.394666666666667,0.0676333333333333,NA,NA,NA,NA,NA,NA,0.949031048623316,0.035643819566491,0.942711006390544,0.0429786932230329,0.394666666666667,0.068,NA,0.000366666666666682,TRUE
"S4",4,"V-PCA","Centers-Euclidean",192,0.947414610427651,0.0371334739308729,0.940601334849489,0.0452349032053735,0.383333333333333,0.0717933333333333,NA,NA,NA,NA,NA,NA,0.947417106033978,0.0371329818394844,0.9406125516074,0.0452393479548095,0.383333333333333,0.072,NA,0.000206666666666674,TRUE
"S4",4,"V-PCA","Hausdorff",193,0.957716344463972,0.0300484124194494,0.951603855711598,0.0370455127948279,0.442666666666667,0.0672866666666667,NA,NA,NA,NA,NA,NA,0.957718219097832,0.0300492091388401,0.95161599535021,0.0370514886527047,0.442666666666667,0.0673333333333333,NA,4.66666666666671e-05,TRUE
"S4",4,"V-PCA","Ichino-Yaguchi",194,0.949249021675454,0.0345176801405976,0.943379069590716,0.0404113165146903,0.394466666666667,0.05592,NA,NA,NA,NA,NA,NA,0.949250732278852,0.0345038078500293,0.943387379769515,0.0404160431867946,0.394333333333333,0.0563333333333333,NA,0.000413333333333356,TRUE
"S4",4,"V-PCA","Int-Euclidean",195,0.957352899824253,0.0203726772114821,0.951831239008984,0.0237680557544909,0.426333333333333,0.0455,NA,NA,NA,NA,NA,NA,0.957355008787346,0.0203760984182777,0.951842722491162,0.0237776394058009,0.426333333333333,0.0453333333333333,NA,0.000166666666666669,TRUE
"S4",4,"V-PCA","Wasserstein",196,0.949081722319859,0.0355485647334504,0.942853193590942,0.042665213361759,0.393333333333333,0.0663,NA,NA,NA,NA,NA,NA,0.949083772700644,0.0355477445811364,0.942866035457103,0.04266752361087,0.393333333333333,0.0666666666666667,NA,0.000366666666666668,TRUE
"S4",5,"C-PCA","Centers-Euclidean",197,0.914281640304628,0.0642239250146455,0.908456069389453,0.0758562566521791,0.309333333333333,0.0647133333333333,NA,NA,NA,NA,NA,NA,0.914285881663738,0.0642226127709432,0.908465789703559,0.0758555786499613,0.309333333333333,0.0646666666666667,NA,4.66666666666671e-05,TRUE
"S4",5,"C-PCA","Hausdorff",198,0.928238230814294,0.0520128646748682,0.925123875705939,0.0596166689003711,0.360666666666667,0.0625266666666666,NA,NA,NA,NA,NA,NA,0.928240187463386,0.0520140597539543,0.925132850146987,0.0596159440747958,0.360666666666667,0.0623333333333333,NA,0.000193333333333323,TRUE
"S4",5,"C-PCA","Ichino-Yaguchi",199,0.91745532513181,0.0606913649677797,0.914543214167121,0.067077930063712,0.322846666666667,0.0595133333333333,NA,NA,NA,NA,NA,NA,0.917490333919156,0.0606373755125952,0.914561510770217,0.0670668497843746,0.322666666666667,0.0593333333333333,NA,0.000180000000000013,TRUE
"S4",5,"C-PCA","Int-Euclidean",200,0.935130685413005,0.0314689162272993,0.924773004829868,0.0495484594578039,0.371666666666667,0.0546666666666667,NA,NA,NA,NA,NA,NA,0.935133567662566,0.031469244288225,0.924777680395429,0.0495543782679441,0.371666666666667,0.0546666666666667,NA,5.91881014019163e-06,TRUE
"S4",5,"C-PCA","Wasserstein",201,0.917510990041008,0.0606308377270065,0.913843818019562,0.0690468660359177,0.316,0.0638533333333333,NA,NA,NA,NA,NA,NA,0.917514352665495,0.060631517281781,0.91385349478027,0.0690458059858059,0.316,0.064,NA,0.000146666666666656,TRUE
"S4",5,"IMDS","Centers-Euclidean",202,0.553704522554189,-0.0403330990041008,0.551596336448391,-0.0651229221828036,0.0556466666666667,0.00848,NA,NA,NA,NA,NA,NA,0.553888693614528,-0.0399601640304628,0.551621432232862,-0.0650600989308462,0.056,0.00833333333333333,NA,0.000372934973638002,TRUE
"S4",5,"IMDS","Hausdorff",203,0.561651400117165,-0.037840820152314,0.562025610626476,-0.0454098220052279,0.0626666666666667,0.00233333333333333,NA,NA,NA,NA,NA,NA,0.561580550673697,-0.03800820152314,0.561909520232526,-0.0456754253978796,0.0626666666666667,0.00233333333333333,NA,0.000265603392651609,TRUE
"S4",5,"IMDS","Ichino-Yaguchi",204,0.562649021675454,-0.0317849326303456,0.564860154857893,-0.0543014956608564,0.0658933333333333,0.00477333333333333,NA,NA,NA,NA,NA,NA,0.562597539543058,-0.0318828353837142,0.564675119587623,-0.0546586047591261,0.0656666666666667,0.005,NA,0.000357109098269665,TRUE
"S4",5,"IMDS","Int-Euclidean",205,0.549579402460457,-0.0377045577035735,0.545545840604387,-0.0579644219242005,0.059,0.002,NA,NA,NA,NA,NA,NA,0.5497539543058,-0.0375465729349735,0.545701274194051,-0.0577526738056168,0.059,0.002,NA,0.000211748118583738,TRUE
"S4",5,"IMDS","Wasserstein",206,0.560134938488576,-0.0387286467486819,0.55789523355107,-0.0550904030692788,0.06372,0.00594666666666666,NA,NA,NA,NA,NA,NA,0.559865260691271,-0.0392595196250732,0.557659694131406,-0.0555629495522075,0.0633333333333333,0.00633333333333333,NA,0.000530872876391336,TRUE
"S4",5,"Int-UMAP","Centers-Euclidean",207,0.852690556531927,0.011574762741652,0.863764421954904,0.0193351214022199,0.313,0.00914,NA,NA,NA,NA,NA,NA,0.852690099589924,0.0115735207967194,0.863767258437147,0.019335476768476,0.313,0.00899999999999999,NA,0.000140000000000008,TRUE
"S4",5,"Int-UMAP","Hausdorff",208,0.854743069712947,0.0131547978910369,0.868143674095307,0.0158339273758978,0.327333333333333,-0.00515333333333333,NA,NA,NA,NA,NA,NA,0.854742237844171,0.013154071470416,0.86814637764527,0.0158277364069106,0.327333333333333,-0.00533333333333333,NA,0.000180000000000001,TRUE
"S4",5,"Int-UMAP","Ichino-Yaguchi",209,0.855426198008202,0.00125117750439369,0.871093385256599,0.00859215928293021,0.339333333333333,-0.00168,NA,NA,NA,NA,NA,NA,0.855426479203281,0.00124780316344464,0.871089488954523,0.00858528828527183,0.339333333333333,-0.002,NA,0.000320000000000005,TRUE
"S4",5,"Int-UMAP","Int-Euclidean",210,0.850900281195079,-0.00085307557117748,0.854322121180999,0.012897135224168,0.319333333333333,0.005,NA,NA,NA,NA,NA,NA,0.850899824253076,-0.000855301698886923,0.854319659684767,0.0128912179799237,0.319333333333333,0.005,NA,5.91724424429951e-06,TRUE
"S4",5,"Int-UMAP","Wasserstein",211,0.855326748681898,0.00405352079671935,0.870019215062445,0.0101225897830206,0.328333333333333,-0.00334666666666666,NA,NA,NA,NA,NA,NA,0.855328646748682,0.0040562390158172,0.870023909081014,0.0101311038660281,0.328333333333333,-0.003,NA,0.000346666666666659,TRUE
"S4",5,"MR-PCA","Centers-Euclidean",212,0.914281640304628,0.0642239250146455,0.908456069389453,0.0758562566521791,0.309333333333333,0.0647133333333333,NA,NA,NA,NA,NA,NA,0.914285881663738,0.0642226127709432,0.908465789703559,0.0758555786499613,0.309333333333333,0.0646666666666667,NA,4.66666666666671e-05,TRUE
"S4",5,"MR-PCA","Hausdorff",213,0.916676274165202,0.0579348564733451,0.914099200042126,0.0641368700780783,0.316,0.053,NA,NA,NA,NA,NA,NA,0.916678968951377,0.0579343878148799,0.914110416846092,0.0641343704476758,0.316,0.053,NA,1.12168039666516e-05,TRUE
"S4",5,"MR-PCA","Ichino-Yaguchi",214,0.914971552431166,0.063281640304628,0.910052602572705,0.0728109578017155,0.310333333333333,0.0649533333333333,NA,NA,NA,NA,NA,NA,0.914975981253661,0.0632806092560046,0.910062096983302,0.0728095872129556,0.310333333333333,0.065,NA,4.6666666666681e-05,TRUE
"S4",5,"MR-PCA","Int-Euclidean",215,0.913067533684827,0.0647885647334505,0.90573795914332,0.079535828296752,0.303666666666667,0.06772,NA,NA,NA,NA,NA,NA,0.913070884592853,0.0647873462214411,0.905747041339498,0.0795324925700543,0.303666666666667,0.0676666666666667,NA,5.33333333333358e-05,TRUE
"S4",5,"MR-PCA","Wasserstein",216,0.914755512595196,0.0633954540128881,0.90991830358822,0.073259023713037,0.311,0.06552,NA,NA,NA,NA,NA,NA,0.914759812536614,0.063394258933802,0.909928658857759,0.073256768700136,0.311,0.0656666666666667,NA,0.000146666666666656,TRUE
"S4",5,"SPCA","Centers-Euclidean",217,0.914281640304628,0.0642239250146455,0.908456069389453,0.0758562566521791,0.309333333333333,0.0647133333333333,NA,NA,NA,NA,NA,NA,0.914285881663738,0.0642226127709432,0.908465789703559,0.0758555786499613,0.309333333333333,0.0646666666666667,NA,4.66666666666671e-05,TRUE
"S4",5,"SPCA","Hausdorff",218,0.928238230814294,0.0520128646748682,0.925123875705939,0.0596166689003711,0.360666666666667,0.0625266666666666,NA,NA,NA,NA,NA,NA,0.928240187463386,0.0520140597539543,0.925132850146987,0.0596159440747958,0.360666666666667,0.0623333333333333,NA,0.000193333333333323,TRUE
"S4",5,"SPCA","Ichino-Yaguchi",219,0.91745532513181,0.0606913649677797,0.914543214167121,0.067077930063712,0.322846666666667,0.0595133333333333,NA,NA,NA,NA,NA,NA,0.917493263034564,0.0606244874048038,0.914573854481909,0.0670589020951226,0.322666666666667,0.0593333333333333,NA,0.000180000000000013,TRUE
"S4",5,"SPCA","Int-Euclidean",220,0.935130685413005,0.0314689162272993,0.924773004829868,0.0495484594578039,0.371666666666667,0.0546666666666667,NA,NA,NA,NA,NA,NA,0.935133567662566,0.031469244288225,0.924777680395429,0.0495543782679441,0.371666666666667,0.0546666666666667,NA,5.91881014019163e-06,TRUE
"S4",5,"SPCA","Wasserstein",221,0.917510990041008,0.0606308377270065,0.913843818019562,0.0690468660359177,0.316,0.0638533333333333,NA,NA,NA,NA,NA,NA,0.917514352665495,0.060631517281781,0.91385349478027,0.0690458059858059,0.316,0.064,NA,0.000146666666666656,TRUE
"S4",5,"V-PCA","Centers-Euclidean",222,0.914146315172818,0.0644406795547744,0.908586671002049,0.0755413155644064,0.308666666666667,0.06438,NA,NA,NA,NA,NA,NA,0.914150556531927,0.0644393673110721,0.908596391561786,0.0755406370709272,0.308666666666667,0.0643333333333333,NA,4.66666666666671e-05,TRUE
"S4",5,"V-PCA","Hausdorff",223,0.928228529584066,0.051966654950205,0.925181200452636,0.0594798266706766,0.36,0.06186,NA,NA,NA,NA,NA,NA,0.928230814294083,0.05196719390744,0.925190274005683,0.0594789036211036,0.36,0.0616666666666667,NA,0.00019333333333333,TRUE
"S4",5,"V-PCA","Ichino-Yaguchi",224,0.917227416520211,0.0610875219683655,0.914552956787568,0.067012666685396,0.3225,0.0595,NA,NA,NA,NA,NA,NA,0.917207381370826,0.0611493848857645,0.914554270036904,0.0670303014671984,0.322666666666667,0.0596666666666667,NA,0.000166666666666676,TRUE
"S4",5,"V-PCA","Int-Euclidean",225,0.934949666080844,0.0317067603983597,0.924503758334366,0.0499598692507633,0.370333333333333,0.055,NA,NA,NA,NA,NA,NA,0.934952548330404,0.0317070884592853,0.924508437645795,0.0499657805691663,0.370333333333333,0.055,NA,5.91131840297493e-06,TRUE
"S4",5,"V-PCA","Wasserstein",226,0.917289923842999,0.0609862683069713,0.913936711907241,0.068827030771236,0.314666666666667,0.06152,NA,NA,NA,NA,NA,NA,0.917292911540715,0.06098769771529,0.913946160507706,0.0688264270416097,0.314666666666667,0.0616666666666667,NA,0.000146666666666677,TRUE
"USHCN",0,"IMDS","Centers-Euclidean",227,0.517046739444988,-0.0173269298261818,0.521852118531669,-0.0221664338370457,0.0268217054263566,-0.00248062015503876,0.517046753976024,-0.0173269007641109,0.521852134818586,-0.0221664012632128,0.0268217054263566,-0.00248062015503876,0.517046998048162,-0.0173264126198349,0.521852408383573,-0.0221658541332391,0.0268217054263566,-0.00248062015503876,3.25738329434722e-08,5.79703806648929e-07,TRUE
"USHCN",0,"IMDS","Hausdorff",228,0.530482019075063,0.00236332760712021,0.529659351097108,-0.00078946902440615,0.0333333333333333,0.00124031007751938,0.530482066116211,0.00236342168941759,0.529659414369609,-0.000789342479403085,0.0333333333333333,0.00124031007751938,0.530481063474765,0.00236141640652421,0.529658913124966,-0.000790344968688683,0.0333333333333333,0.00124031007751938,1.26545003064737e-07,1.91120059599885e-06,TRUE
"USHCN",0,"IMDS","Ichino-Yaguchi",229,0.530713313753379,0.01004020663625,0.52988010134708,0.0037454561072251,0.0336434108527132,-0.000620155038759691,0.530713313753379,0.01004020663625,0.52988010134708,0.0037454561072251,0.0336434108527132,-0.000620155038759691,0.530713313753379,0.01004020663625,0.52988010134708,0.0037454561072251,0.0336434108527132,-0.000620155038759691,0,0,TRUE
"USHCN",0,"IMDS","Int-Euclidean",230,0.494057175930202,-0.0144837480219936,0.504627111162382,-0.0123782822881291,0.0151937984496124,0,0.494057175930202,-0.0144837480219936,0.504627111162382,-0.0123782822881291,0.0151937984496124,0,0.494057175930202,-0.0144837480219936,0.504627111162382,-0.0123782822881291,0.0151937984496124,0,0,0,TRUE
