"Method","lambda","Q_TC","B_TC","Q_RE","B_RE","Q_LC","B_LC","tie_affected","tie_spread","n_res"
"C-PCA",0,0.532339477005868,0.00114272555430359,0.529159614640514,0.000358882224190211,0.0172093023255814,3.41085271317829e-05,TRUE,0.0388651924003579,50
"V-PCA",0,0.535417128150187,0.00201156818195811,0.532057179367591,0.00257011030675674,0.0169674418604651,4.34108527131784e-05,TRUE,0.0302415116714012,50
"MR-PCA",0,0.643666887095086,-0.0155411690094883,0.638929710798423,-0.016120749555576,0.0256186046511628,-0.000207751937984496,TRUE,0.0239199606240461,50
"SPCA",0,0.532339477005868,0.00114272555430359,0.529159614640514,0.000358882224190211,0.0172093023255814,3.41085271317829e-05,TRUE,0.0388651924003579,50
"IMDS",0,0.495963115798807,0.00646124708301777,0.493051870269899,0.00600899562940465,0.0153488372093023,-0.000207751937984496,TRUE,0.0276870908838563,50
"Int-UMAP",0,0.503458218963001,0.000613111180892918,0.500744956244144,0.000291364509613447,0.0153984496124031,-1.24031007751937e-05,TRUE,0.0305404758350156,50
"C-PCA",0.05,0.996182647727063,0.00456151369057511,0.996218877484619,0.0031264448332776,0.818294573643411,0.042015503875969,FALSE,0,0
"V-PCA",0.05,0.995242563619459,0.00647714748385275,0.995854274024221,0.00384212598917754,0.795968992248062,0.0696124031007752,FALSE,0,0
"MR-PCA",0.05,0.898669425100517,-0.00836248776252835,0.888445761250624,-0.0152925486269372,0.153178294573643,-0.0252713178294574,FALSE,0,0
"SPCA",0.05,0.996182647727063,0.00456151369057511,0.996218877484619,0.0031264448332776,0.818294573643411,0.042015503875969,FALSE,0,0
"IMDS",0.05,0.502376440019457,-0.0267137078153574,0.511430542313535,-0.0340949918366104,0.0162790697674419,0.000930232558139534,TRUE,0,50
"Int-UMAP",0.05,0.617724045785076,0.407412552105461,0.582964436811327,0.463389627995359,0.0708527131782946,0.0248062015503876,FALSE,0,0
"C-PCA",0.1,0.996913878986029,0.00309954375011545,0.99676202544527,0.00204358046931473,0.818294573643411,0.0412403100775194,FALSE,0,0
"V-PCA",0.1,0.996346183448166,0.00427286329127952,0.996531643133929,0.0024918827746755,0.796124031007752,0.0686821705426357,FALSE,0,0
"MR-PCA",0.1,0.901692126764813,-0.0103140797113496,0.891544678697473,-0.0175246442390766,0.155813953488372,-0.0279069767441861,FALSE,0,0
"SPCA",0.1,0.996913878986029,0.00309954375011545,0.99676202544527,0.00204358046931473,0.818294573643411,0.0412403100775194,FALSE,0,0
"IMDS",0.1,0.501094260856715,-0.0269954621300281,0.50953272974665,-0.030331218206438,0.0165891472868217,0.0013953488372093,TRUE,0,50
"Int-UMAP",0.1,0.628366674671051,0.386147490009913,0.595556446264101,0.438396435489366,0.0711627906976744,0.0243410852713178,FALSE,0,0
"C-PCA",0.15,0.997321856278208,0.00229245556027602,0.997047550273753,0.00149863128612084,0.818914728682171,0.0410852713178295,FALSE,0,0
"V-PCA",0.15,0.996932720074379,0.00310422323611081,0.99687906120268,0.00181700435382863,0.796589147286822,0.0675968992248062,FALSE,0,0
"MR-PCA",0.15,0.904681210016563,-0.0125417613338997,0.894235818059855,-0.0191445907060591,0.158449612403101,-0.0303875968992248,FALSE,0,0
"SPCA",0.15,0.997321856278208,0.00229245556027602,0.997047550273753,0.00149863128612084,0.818914728682171,0.0410852713178295,FALSE,0,0
"IMDS",0.15,0.500071300589246,-0.0265454926082592,0.507518254582034,-0.0257652715466876,0.015968992248062,0.0013953488372093,TRUE,0,50
"Int-UMAP",0.15,0.638153450197339,0.366251793289863,0.607562742577,0.414281036139843,0.0713178294573643,0.0243410852713178,FALSE,0,0
"C-PCA",0.2,0.997558662898449,0.00180012437581201,0.997197106954633,0.00119237547394524,0.818914728682171,0.0404651162790698,FALSE,0,0
"V-PCA",0.2,0.997296981115811,0.00239441909722871,0.997083070770067,0.00141826113722172,0.796744186046512,0.0671317829457364,FALSE,0,0
"MR-PCA",0.2,0.906922683808363,-0.0133303778684941,0.896700417127452,-0.0204190751116931,0.161860465116279,-0.0302325581395349,FALSE,0,0
"SPCA",0.2,0.997558662898449,0.00180012437581201,0.997197106954633,0.00119237547394524,0.818914728682171,0.0404651162790698,FALSE,0,0
"IMDS",0.2,0.499072599762331,-0.0242633811749203,0.507195909688812,-0.022417924399637,0.015968992248062,0.0013953488372093,TRUE,0,50
"Int-UMAP",0.2,0.647072057927111,0.348523437451897,0.618710565414404,0.392048796390464,0.0713178294573643,0.0244961240310078,FALSE,0,0
"C-PCA",0.25,0.997706682429146,0.00150802593420396,0.997290097656331,0.00101179280871973,0.81906976744186,0.0407751937984496,FALSE,0,0
"V-PCA",0.25,0.997532433148001,0.00192745565263441,0.997215793365064,0.00116017726540549,0.796899224806202,0.0674418604651163,FALSE,0,0
"MR-PCA",0.25,0.90914765625481,-0.014005209006779,0.899273305457664,-0.0220280315249897,0.165116279069767,-0.0310077519379845,FALSE,0,0
"SPCA",0.25,0.997706682429146,0.00150802593420396,0.997290097656331,0.00101179280871973,0.81906976744186,0.0407751937984496,FALSE,0,0
"IMDS",0.25,0.498745405175758,-0.0226198964355863,0.507095263873466,-0.0198502930036321,0.015968992248062,0.00170542635658915,TRUE,0,50
"Int-UMAP",0.25,0.655362875667289,0.331925054337453,0.629422525752594,0.370598008874509,0.0713178294573643,0.0246511627906977,FALSE,0,0
"C-PCA",0.3,0.997804705346313,0.00130557659271846,0.997350225987703,0.000889175923335315,0.818914728682171,0.0407751937984496,FALSE,0,0
"V-PCA",0.3,0.997681930411118,0.00163535721102626,0.997299870463476,0.000994812482365083,0.797674418604651,0.0658914728682171,FALSE,0,0
"MR-PCA",0.3,0.911476931981208,-0.0154373780101102,0.901693552418913,-0.0235236975801313,0.168527131782946,-0.0314728682170543,FALSE,0,0
"SPCA",0.3,0.997804705346313,0.00130557659271846,0.997350225987703,0.000889175923335315,0.818914728682171,0.0407751937984496,FALSE,0,0
"IMDS",0.3,0.497946626767891,-0.0205359292166172,0.506038792201316,-0.0182516419757046,0.0156589147286822,0.00124031007751938,TRUE,2.46288736627243e-07,50
"Int-UMAP",0.3,0.662984650054491,0.316635203280566,0.639527024363568,0.350344315306001,0.0716279069767442,0.0243410852713178,FALSE,0,0
"C-PCA",0.35,0.997866893252304,0.0011807082032621,0.997389898398922,0.000812623800981347,0.818914728682171,0.0403100775193799,FALSE,0,0
"V-PCA",0.35,0.997777121007813,0.0014513795247858,0.997354100538656,0.000896636487858309,0.798139534883721,0.0651162790697674,FALSE,0,0
"MR-PCA",0.35,0.913198982827518,-0.015805333382591,0.903745692392393,-0.0244996203942389,0.170697674418605,-0.0341085271317829,FALSE,0,0
"SPCA",0.35,0.997866893252304,0.0011807082032621,0.997389898398922,0.000812623800981347,0.818914728682171,0.0403100775193799,FALSE,0,0
"IMDS",0.35,0.496902919137251,-0.0193462265486944,0.505832794847979,-0.0163733123861766,0.0155038759689922,0.000465116279069768,TRUE,0,50
"Int-UMAP",0.35,0.670213470762448,0.302376563163825,0.649257492918995,0.33093459456638,0.0716279069767442,0.0243410852713178,FALSE,0,0
"C-PCA",0.4,0.997910486358683,0.00109302941303235,0.997412603136052,0.00076565596195279,0.81906976744186,0.0398449612403101,FALSE,0,0
"V-PCA",0.4,0.997843249533591,0.00134769196667706,0.997388812111545,0.00084089159142159,0.79906976744186,0.0646511627906977,FALSE,0,0
"MR-PCA",0.4,0.915076441866622,-0.0167372899618868,0.905312505916372,-0.0247934612118523,0.175813953488372,-0.0337984496124031,FALSE,0,0
"SPCA",0.4,0.997910486358683,0.00109302941303235,0.997412603136052,0.00076565596195279,0.81906976744186,0.0398449612403101,FALSE,0,0
"IMDS",0.4,0.496007290146603,-0.0183514663415656,0.505346209580205,-0.0155278002530762,0.015968992248062,0.0013953488372093,TRUE,0,50
"Int-UMAP",0.4,0.676695174587928,0.289046185295331,0.658206208544297,0.312998860142602,0.0716279069767442,0.0243410852713178,FALSE,0,0
"C-PCA",0.45,0.997947429669173,0.00102850176404312,0.997428112020347,0.000733259260726411,0.81906976744186,0.0393798449612403,FALSE,0,0
"V-PCA",0.45,0.997886226918127,0.00126666297233569,0.997411330022364,0.000801499008882308,0.79937984496124,0.0641860465116279,FALSE,0,0
"MR-PCA",0.45,0.91659074816361,-0.0169040274365653,0.90703689913647,-0.0254113725602665,0.177519379844961,-0.0331782945736434,FALSE,0,0
"SPCA",0.45,0.997947429669173,0.00102850176404312,0.997428112020347,0.000733259260726411,0.81906976744186,0.0393798449612403,FALSE,0,0
"IMDS",0.45,0.4953033969374,-0.0167899957515193,0.505153622051002,-0.0140145675951678,0.0155038759689922,0.000310077519379844,TRUE,0,50
"Int-UMAP",0.45,0.682793776283626,0.276986411018958,0.666463947959003,0.296525436786854,0.0717829457364341,0.0243410852713178,FALSE,0,0
"C-PCA",0.5,0.997971935398464,0.000974564530727529,0.997437428688668,0.000706876822178884,0.818914728682171,0.0382945736434109,FALSE,0,0
"V-PCA",0.5,0.997921076774356,0.00121420347143975,0.997429202579917,0.000776603293702855,0.79937984496124,0.0637209302325581,FALSE,0,0
"MR-PCA",0.5,0.917931051468189,-0.0170685483126143,0.908665122978527,-0.0260579168073574,0.178604651162791,-0.0344186046511628,FALSE,0,0
"SPCA",0.5,0.997971935398464,0.000974564530727529,0.997437428688668,0.000706876822178884,0.818914728682171,0.0382945736434109,FALSE,0,0
"IMDS",0.5,0.494057175930202,-0.0144837480219936,0.504627111162382,-0.0123782822881291,0.0151937984496124,0,TRUE,0,50
"Int-UMAP",0.5,0.688231708443394,0.265963758612409,0.673857170880385,0.281687480777388,0.0717829457364341,0.0243410852713178,FALSE,0,0
"C-PCA",0.55,0.997991884786129,0.000937128642764296,0.997448394259398,0.000692103248126765,0.81906976744186,0.0378294573643411,FALSE,0,0
"V-PCA",0.55,0.997938809563392,0.0011807082032621,0.99743972975786,0.000763315128497708,0.79937984496124,0.0643410852713178,FALSE,0,0
"MR-PCA",0.55,0.919567024401057,-0.0174993073129283,0.910180912872927,-0.0264040791798237,0.181860465116279,-0.0327131782945737,FALSE,0,0
"SPCA",0.55,0.997991884786129,0.000937128642764296,0.997448394259398,0.000692103248126765,0.81906976744186,0.0378294573643411,FALSE,0,0
"IMDS",0.55,0.494152982248739,-0.0143359747800333,0.504866473131696,-0.0108202714547203,0.0150387596899225,0.000155038759689922,TRUE,0,50
"Int-UMAP",0.55,0.69319085529921,0.256127232761328,0.680593139493986,0.268254431685253,0.072093023255814,0.0238759689922481,FALSE,0,0
"C-PCA",0.6,0.998003952934222,0.00091299234657749,0.997453853958487,0.000679030664382594,0.81906976744186,0.0370542635658915,FALSE,0,0
"V-PCA",0.6,0.997957158074268,0.00116371428043671,0.997448878660425,0.000753968554821447,0.80015503875969,0.0635658914728682,FALSE,0,0
"MR-PCA",0.6,0.920779134418235,-0.0176916588162133,0.911712677977983,-0.0269285316927111,0.182480620155039,-0.0317829457364341,FALSE,0,0
"SPCA",0.6,0.998003952934222,0.00091299234657749,0.997453853958487,0.000679030664382594,0.81906976744186,0.0370542635658915,FALSE,0,0
"IMDS",0.6,0.494037226542537,-0.0129937011655615,0.505007450754909,-0.0090451944087489,0.0150387596899225,0.000310077519379844,TRUE,0,50
"Int-UMAP",0.6,0.697611245543713,0.247169711411173,0.686715573621501,0.255991159477513,0.0722480620155039,0.0237209302325581,FALSE,0,0
"C-PCA",0.65,0.998015897937948,0.000895998423752098,0.997458460204748,0.000669145137053892,0.818914728682171,0.0365891472868217,FALSE,0,0
"V-PCA",0.65,0.997971196532255,0.00115534046339227,0.997452941680841,0.000750490660611825,0.80046511627907,0.0638759689922481,FALSE,0,0
"MR-PCA",0.65,0.921983978917684,-0.017755201310256,0.912960129750068,-0.0271598147796386,0.183565891472868,-0.0311627906976744,FALSE,0,0
"SPCA",0.65,0.998015897937948,0.000895998423752098,0.997458460204748,0.000669145137053892,0.818914728682171,0.0365891472868217,FALSE,0,0
"IMDS",0.65,0.493182112049061,-0.0119307189783944,0.504759776740027,-0.00813121544397194,0.0148837209302326,0.000310077519379845,TRUE,0,50
"Int-UMAP",0.65,0.701725375744254,0.239055728983874,0.69240760199122,0.244778723984309,0.0722480620155039,0.0238759689922481,FALSE,0,0
"C-PCA",0.7,0.998022917166941,0.000897722444908267,0.997460234479608,0.000669132649103409,0.81906976744186,0.0362790697674419,FALSE,0,0
"V-PCA",0.7,0.997982648958506,0.00116199025928043,0.997457617103776,0.000754832523816732,0.80093023255814,0.0635658914728682,FALSE,0,0
"MR-PCA",0.7,0.922924309314024,-0.0177552013102561,0.913976043582448,-0.02711103618779,0.185581395348837,-0.0325581395348837,FALSE,0,0
"SPCA",0.7,0.998022917166941,0.000897722444908267,0.997460234479608,0.000669132649103409,0.81906976744186,0.0362790697674419,FALSE,0,0
"IMDS",0.7,0.49290540665349,-0.0109408845459975,0.504732728003595,-0.00700596927648039,0.0150387596899225,-0.000155038759689923,TRUE,0,50
"Int-UMAP",0.7,0.705553934154706,0.231478902291101,0.697616913893087,0.234316310196313,0.0725581395348837,0.0235658914728682,FALSE,0,0
"C-PCA",0.75,0.99802587263178,0.000885408008078237,0.997459353914784,0.000667102042628756,0.818759689922481,0.0364341085271318,FALSE,0,0
"V-PCA",0.75,0.997987082155765,0.00116199025928043,0.997459121080233,0.00075619929713411,0.801395348837209,0.0637209302325581,FALSE,0,0
"MR-PCA",0.75,0.92383089815345,-0.017823669579031,0.91487506116097,-0.0270094720151389,0.186821705426357,-0.032093023255814,FALSE,0,0
"SPCA",0.75,0.99802587263178,0.000885408008078237,0.997459353914784,0.000667102042628756,0.818759689922481,0.0364341085271318,FALSE,0,0
"IMDS",0.75,0.493406481088104,-0.0111874195713345,0.505143199870433,-0.00664931768286853,0.0147286821705426,-0.000465116279069767,TRUE,0,50
"Int-UMAP",0.75,0.709060223753317,0.224361896669561,0.702332520752254,0.224822859161811,0.0727131782945736,0.0235658914728682,FALSE,0,0
"C-PCA",0.8,0.998019099691523,0.00086792150777959,0.997453989847106,0.000659204071208568,0.818449612403101,0.0356589147286822,FALSE,0,0
"V-PCA",0.8,0.997989175610026,0.00115337015349937,0.997458472692699,0.000755885126590371,0.801395348837209,0.064031007751938,FALSE,0,0
"MR-PCA",0.8,0.924595501536226,-0.0176342735405853,0.915807200727737,-0.0271024326471674,0.187286821705426,-0.0344186046511628,FALSE,0,0
"SPCA",0.8,0.998019099691523,0.00086792150777959,0.997453989847106,0.000659204071208568,0.818449612403101,0.0356589147286822,FALSE,0,0
"IMDS",0.8,0.493487633226813,-0.00984391451317945,0.504994305050929,-0.0047265827817512,0.0148837209302326,-0.000775193798449612,TRUE,0,50
"Int-UMAP",0.8,0.712160506369642,0.217752492134154,0.706697131580542,0.215916403911151,0.0727131782945736,0.0235658914728682,FALSE,0,0
"C-PCA",0.85,0.998009740719533,0.000841322324226845,0.997451640469263,0.00065199260843469,0.818139534883721,0.0355038759689923,FALSE,0,0
"V-PCA",0.85,0.997987082155765,0.00114573520266481,0.997461707400504,0.00075688350536849,0.801395348837209,0.0646511627906977,FALSE,0,0
"MR-PCA",0.85,0.92562831335316,-0.0179679947786787,0.916635375806319,-0.0270739854245966,0.190387596899225,-0.0344186046511628,FALSE,0,0
"SPCA",0.85,0.998009740719533,0.000841322324226845,0.997451640469263,0.00065199260843469,0.818139534883721,0.0355038759689923,FALSE,0,0
"IMDS",0.85,0.492913780470535,-0.00905135735879958,0.504862087067719,-0.00476194044176326,0.0142635658914729,-0.000930232558139535,TRUE,0,50
"Int-UMAP",0.85,0.715103287338912,0.211720634686074,0.71075431946623,0.207579969376062,0.0727131782945736,0.0235658914728682,FALSE,0,0
"C-PCA",0.9,0.997999889170069,0.000819648915405979,0.997444296239858,0.000641837932910044,0.817984496124031,0.0355038759689922,FALSE,0,0
"V-PCA",0.9,0.99798240266977,0.00113933169551328,0.997457994207017,0.000755189744926612,0.801395348837209,0.064031007751938,FALSE,0,0
"MR-PCA",0.9,0.926312380319067,-0.0178652923755165,0.917285131592781,-0.0269688713877054,0.191782945736434,-0.0325581395348837,FALSE,0,0
"SPCA",0.9,0.997999889170069,0.000819648915405979,0.997444296239858,0.000641837932910044,0.817984496124031,0.0355038759689922,FALSE,0,0
"IMDS",0.9,0.493353775298471,-0.00988602988713816,0.504716711056894,-0.00405987410956271,0.0145736434108527,-0.00062015503875969,TRUE,0,50
"Int-UMAP",0.9,0.717858150002155,0.206131111808929,0.714513316948288,0.200041767593543,0.0727131782945736,0.0237209302325581,FALSE,0,0
"C-PCA",0.95,0.997998042004544,0.000819895204142607,0.997439853487158,0.000641342358454019,0.817829457364341,0.0353488372093023,FALSE,0,0
"V-PCA",0.95,0.997983757257821,0.00114598149140144,0.997456453752599,0.000758029439140478,0.801395348837209,0.0638759689922481,FALSE,0,0
"MR-PCA",0.95,0.926492786818627,-0.0168281705056924,0.917829725855276,-0.0267414592367975,0.192558139534884,-0.0337984496124031,FALSE,0,0
"SPCA",0.95,0.997998042004544,0.000819895204142607,0.997439853487158,0.000641342358454019,0.817829457364341,0.0353488372093023,FALSE,0,0
"IMDS",0.95,0.493171398489019,-0.00907007530278126,0.504465535322107,-0.00294087684676708,0.0144186046511628,-0.000465116279069768,TRUE,0,50
"Int-UMAP",0.95,0.720563878062446,0.200890580071547,0.71803559021194,0.193072165857912,0.0727131782945736,0.0237209302325581,FALSE,0,0
"C-PCA",1,0.997992500507971,0.000805856746156408,0.997435449184201,0.000635154907619778,0.817674418604651,0.0351937984496124,FALSE,0,0
"V-PCA",1,0.997985973856451,0.00115386273097262,0.997457140589876,0.000763737089771936,0.801550387596899,0.0646511627906977,FALSE,0,0
"MR-PCA",1,0.926420624218803,-0.0154021587207763,0.918420491192697,-0.0266096715949345,0.195038759689922,-0.0336434108527132,FALSE,0,0
"SPCA",1,0.997992500507971,0.000805856746156408,0.997435449184201,0.000635154907619778,0.817674418604651,0.0351937984496124,FALSE,0,0
"IMDS",1,0.492953735892273,-0.00743361964398964,0.504447382755127,-0.00159272178190098,0.0141085271317829,-0.000310077519379845,TRUE,2.46288736627243e-07,50
"Int-UMAP",1,0.722967779276034,0.19607637413722,0.721186467063078,0.186773413207316,0.0727131782945736,0.0237209302325581,FALSE,0,0
"C-PCA",NA,0.995728737585508,0.00454870667627194,0.993197699829941,0.00577609018682161,0.761705426356589,0.174108527131783,FALSE,0,0
"V-PCA",NA,0.99382985142632,0.00596979268645592,0.991274176216161,0.00723863031015465,0.707441860465116,0.148062015503876,FALSE,0,0
"MR-PCA",NA,0.995728737585508,0.00454870667627194,0.993197699829941,0.00577609018682161,0.761705426356589,0.174108527131783,FALSE,0,0
"SPCA",NA,0.995728737585508,0.00454870667627194,0.993197699829941,0.00577609018682161,0.761705426356589,0.174108527131783,FALSE,0,0
"IMDS",NA,0.517046739444988,-0.0173269298261818,0.521852118531669,-0.0221664338370457,0.0268217054263566,-0.00248062015503876,TRUE,1.65629659043542e-06,50
"Int-UMAP",NA,0.959056221561347,-0.00637838570047589,0.958983354899531,-0.0040414655560291,0.444806201550388,-0.000155038759689918,FALSE,0,0
