"Method","Metric","dataset.mean","dataset.sd","dataset.mcse","dQ_TC.mean","dQ_TC.sd","dQ_TC.mcse","dB_TC.mean","dB_TC.sd","dB_TC.mcse","dQ_RE.mean","dQ_RE.sd","dQ_RE.mcse","dB_RE.mean","dB_RE.sd","dB_RE.mcse","dQ_LC.mean","dQ_LC.sd","dQ_LC.mcse","dB_LC.mean","dB_LC.sd","dB_LC.mcse","flip_TC.mean","flip_TC.sd","flip_TC.mcse","flip_RE.mean","flip_RE.sd","flip_RE.mcse","flip_LC.mean","flip_LC.sd","flip_LC.mcse"
"C-PCA","Centers-Euclidean",50.5,29.011491975882,2.9011491975882,0,0,0,0,0,0,0,0,0,0,0,0,0,0,0,0,0,0,0,0,0,0,0,0,0,0,0
"IMDS","Centers-Euclidean",50.5,29.011491975882,2.9011491975882,0,0,0,0,0,0,0,0,0,0,0,0,0,0,0,0,0,0,0,0,0,0,0,0,0,0,0
"Int-UMAP","Centers-Euclidean",50.5,29.011491975882,2.9011491975882,0,0,0,0,0,0,0,0,0,0,0,0,0,0,0,0,0,0,0,0,0,0,0,0,0,0,0
"MR-PCA","Centers-Euclidean",50.5,29.011491975882,2.9011491975882,0,0,0,0,0,0,0,0,0,0,0,0,0,0,0,0,0,0,0,0,0,0,0,0,0,0,0
"SPCA","Centers-Euclidean",50.5,29.011491975882,2.9011491975882,0,0,0,0,0,0,0,0,0,0,0,0,0,0,0,0,0,0,0,0,0,0,0,0,0,0,0
"V-PCA","Centers-Euclidean",50.5,29.011491975882,2.9011491975882,0,0,0,0,0,0,0,0,0,0,0,0,0,0,0,0,0,0,0,0,0,0,0,0,0,0,0
"C-PCA","Hausdorff",50.5,29.011491975882,2.9011491975882,0.120436435907859,0.00532842535935129,0.000532842535935129,0.0759714322493225,0.00894161597612156,0.000894161597612156,0.127763514004163,0.00487007113467684,0.000487007113467684,0.0909222000856835,0.00921214942569604,0.000921214942569604,0.1166069,0.0118110800526498,0.00118110800526498,0.03407805,0.0109547531286007,0.00109547531286007,0.0277,0.0909418173417166,0.00909418173417166,0.0238,0.0875569655836828,0.00875569655836828,0.3453,0.0980152018718515,0.00980152018718515
"IMDS","Hausdorff",50.5,29.011491975882,2.9011491975882,0.00546959471544716,0.000915529874621222,9.15529874621222e-05,0.00922638075880759,0.00265790669753585,0.000265790669753585,0.00631857728175994,0.00138388601693972,0.000138388601693972,0.0114571470103916,0.00327102184819217,0.000327102184819217,0.00518625,0.00140262531174634,0.000140262531174634,0.0050881,0.00152317746367867,0.000152317746367867,0.3495,0.151359996316228,0.0151359996316228,0.3488,0.155162215540102,0.0155162215540102,0.4403,0.155657322411129,0.0155657322411129
"Int-UMAP","Hausdorff",50.5,29.011491975882,2.9011491975882,0.157400919241192,0.00650737419026309,0.000650737419026309,0.061110172899729,0.0109358854198543,0.00109358854198543,0.169734570960507,0.00626107827055449,0.000626107827055449,0.0739601888118109,0.0117589836864833,0.00117589836864833,0.27657435,0.0222113410795708,0.00222113410795708,0.0234551,0.0111841641289202,0.00111841641289202,0.8393,0.36817116956792,0.036817116956792,0.9591,0.196787815792656,0.0196787815792656,0.6401,0.151113677191522,0.0151113677191522
"MR-PCA","Hausdorff",50.5,29.011491975882,2.9011491975882,0.0118403348238482,0.00467652382460628,0.000467652382460628,0.0101778127371274,0.00369732299279072,0.000369732299279072,0.0148304362249081,0.0060945844563804,0.00060945844563804,0.013400753436935,0.00415820678369953,0.000415820678369953,0.00738845,0.00303244156846618,0.000303244156846618,0.00606345,0.00230665229184083,0.000230665229184083,0.2338,0.26939055797721,0.026939055797721,0.2289,0.239021130886165,0.0239021130886165,0.4763,0.11915235133342,0.011915235133342
"SPCA","Hausdorff",50.5,29.011491975882,2.9011491975882,0.120436435907859,0.00532842535935129,0.000532842535935129,0.0759714322493225,0.00894161597612156,0.000894161597612156,0.127763514004163,0.00487007113467684,0.000487007113467684,0.0909222000856835,0.00921214942569604,0.000921214942569604,0.1166069,0.0118110800526498,0.00118110800526498,0.03407805,0.0109547531286007,0.00109547531286007,0.0277,0.0909418173417166,0.00909418173417166,0.0238,0.0875569655836828,0.00875569655836828,0.3453,0.0980152018718515,0.00980152018718515
"V-PCA","Hausdorff",50.5,29.011491975882,2.9011491975882,0.120003738346883,0.00626269001839487,0.000626269001839487,0.0757079162601626,0.00941901362171681,0.000941901362171681,0.127339604359812,0.00559835018612037,0.000559835018612037,0.0907652201417685,0.00923400780379926,0.000923400780379926,0.11540585,0.0134484284323673,0.00134484284323673,0.03404665,0.0117276358208707,0.00117276358208707,0.0304,0.0913636313382581,0.00913636313382581,0.0242,0.0777093782934047,0.00777093782934047,0.3482,0.106072016702204,0.0106072016702204
"C-PCA","Ichino-Yaguchi",50.5,29.011491975882,2.9011491975882,0.122937087262873,0.00499714799858002,0.000499714799858002,0.0793863403794038,0.00870027598276711,0.000870027598276711,0.130375974160626,0.00463620361485766,0.000463620361485766,0.0949597908798679,0.00872838304099063,0.000872838304099063,0.1190115,0.0122379617513818,0.00122379617513818,0.0365008,0.0110281645798383,0.00110281645798383,0.0148,0.0559306930427509,0.00559306930427509,0.01,0.0365148371670111,0.00365148371670111,0.3135,0.0965084912786895,0.00965084912786895
"IMDS","Ichino-Yaguchi",50.5,29.011491975882,2.9011491975882,0.00545589024390244,0.00095648723944548,9.5648723944548e-05,0.00889194742547426,0.00215685295799825,0.000215685295799825,0.00628366424199037,0.00112297515357857,0.000112297515357857,0.0112452900143108,0.00298354277488171,0.000298354277488171,0.005085,0.00128792939294517,0.000128792939294517,0.0051532,0.00148581126362372,0.000148581126362372,0.3626,0.135658662558912,0.0135658662558912,0.3722,0.149751174090269,0.0149751174090269,0.4657,0.133690846448971,0.0133690846448971
"Int-UMAP","Ichino-Yaguchi",50.5,29.011491975882,2.9011491975882,0.161863925474255,0.00662146699564853,0.000662146699564853,0.0663700688346884,0.0112091683560039,0.00112091683560039,0.173125255057979,0.0059728057207893,0.00059728057207893,0.077253567314596,0.0113651483753644,0.00113651483753644,0.29000345,0.0238205541782955,0.00238205541782955,0.02378885,0.0111217270944369,0.00111217270944369,0.9095,0.287477271828891,0.0287477271828891,0.9694,0.17136893864208,0.017136893864208,0.6474,0.124134335835551,0.0124134335835551
"MR-PCA","Ichino-Yaguchi",50.5,29.011491975882,2.9011491975882,0.00576323468834689,0.00146957180652667,0.000146957180652667,0.0100317235772358,0.00274572511545552,0.000274572511545552,0.00752954589231925,0.00223084430499955,0.000223084430499955,0.0133661069132231,0.00389979311824141,0.000389979311824141,0.00567775,0.00166348246963041,0.000166348246963041,0.0053981,0.00187634581734355,0.000187634581734355,0.35,0.168959979721456,0.0168959979721456,0.3175,0.154895696414319,0.0154895696414319,0.4554,0.125532562478523,0.0125532562478523
"SPCA","Ichino-Yaguchi",50.5,29.011491975882,2.9011491975882,0.122937087262873,0.00499714799858002,0.000499714799858002,0.0793863403794038,0.00870027598276711,0.000870027598276711,0.130375974160626,0.00463620361485766,0.000463620361485766,0.0949597908798679,0.00872838304099063,0.000872838304099063,0.1190115,0.0122379617513818,0.00122379617513818,0.0365008,0.0110281645798383,0.00110281645798383,0.0148,0.0559306930427509,0.00559306930427509,0.01,0.0365148371670111,0.00365148371670111,0.3135,0.0965084912786895,0.00965084912786895
"V-PCA","Ichino-Yaguchi",50.5,29.011491975882,2.9011491975882,0.122415231300813,0.00590897242341734,0.000590897242341734,0.0793561341463415,0.00899631854934045,0.000899631854934045,0.129992955923397,0.00537776854875386,0.000537776854875386,0.0947367584914257,0.00870859394756714,0.000870859394756714,0.1177521,0.013396037616709,0.0013396037616709,0.03580855,0.0121413955543659,0.00121413955543659,0.0133,0.0410728596274937,0.00410728596274937,0.0107,0.0327911973898884,0.00327911973898884,0.3143,0.0988546019324964,0.00988546019324964
"C-PCA","Int-Euclidean",50.5,29.011491975882,2.9011491975882,0.0508315422764228,0.0106224545811276,0.00106224545811276,0.0208511533875339,0.00417297688238826,0.000417297688238826,0.0447599342731309,0.00956956396315909,0.000956956396315909,0.0176329805537472,0.00575780237956975,0.000575780237956975,0.315999,0.0582597252383539,0.00582597252383539,0.10970505,0.0293922804963353,0.00293922804963353,0.4942,0.130725867850447,0.0130725867850447,0.5214,0.116800961667551,0.0116800961667551,0.4978,0.0915255663349279,0.00915255663349279
"IMDS","Int-Euclidean",50.5,29.011491975882,2.9011491975882,0.0297859127371274,0.00618112305473898,0.000618112305473898,0.0583792265582656,0.0134609942699721,0.00134609942699721,0.0386148011238636,0.0081902797506615,0.00081902797506615,0.0770182802842069,0.015717075017902,0.0015717075017902,0.01190135,0.00428840637296618,0.000428840637296618,0.0096932,0.00444203551939373,0.000444203551939373,0.3128,0.146956188070191,0.0146956188070191,0.3266,0.157481568586436,0.0157481568586436,0.419,0.163747156656631,0.0163747156656631
"Int-UMAP","Int-Euclidean",50.5,29.011491975882,2.9011491975882,0.036077654200542,0.0140654501441705,0.00140654501441705,0.0577742574525745,0.0225427471716372,0.00225427471716372,0.0375935417846734,0.0126312399962731,0.00126312399962731,0.0639082408690877,0.0203804900581428,0.00203804900581428,0.0198883,0.0167111291807271,0.00167111291807271,0.0128302,0.0119373492252364,0.00119373492252364,0.1902,0.208709260828444,0.0208709260828444,0.1798,0.190284104443961,0.0190284104443961,0.2773,0.206078611067219,0.0206078611067219
"MR-PCA","Int-Euclidean",50.5,29.011491975882,2.9011491975882,0.01817607899729,0.00545015700858168,0.000545015700858168,0.0356262723577236,0.0111177809366838,0.00111177809366838,0.0227620500217698,0.00551115982118187,0.000551115982118187,0.044900018177397,0.0112692427036069,0.00112692427036069,0.0051451,0.00177329374243798,0.000177329374243798,0.0053997,0.00173068238716771,0.000173068238716771,0.3237,0.181066732494298,0.0181066732494298,0.3212,0.173165886485833,0.0173165886485833,0.3909,0.178671274250855,0.0178671274250855
"SPCA","Int-Euclidean",50.5,29.011491975882,2.9011491975882,0.0508315422764228,0.0106224545811276,0.00106224545811276,0.0208511533875339,0.00417297688238826,0.000417297688238826,0.0447599342731309,0.00956956396315909,0.000956956396315909,0.0176329805537472,0.00575780237956975,0.000575780237956975,0.315999,0.0582597252383539,0.00582597252383539,0.10970505,0.0293922804963353,0.00293922804963353,0.4942,0.130725867850447,0.0130725867850447,0.5214,0.116800961667551,0.0116800961667551,0.4978,0.0915255663349279,0.00915255663349279
"V-PCA","Int-Euclidean",50.5,29.011491975882,2.9011491975882,0.0507380123306233,0.0105203592869565,0.00105203592869565,0.0209899151761518,0.00419038157781337,0.000419038157781337,0.0448369798690814,0.00968384625620434,0.000968384625620434,0.0178063161565078,0.00602997167412759,0.000602997167412759,0.31395415,0.0600570036204451,0.00600570036204451,0.11001685,0.0313418725119134,0.00313418725119134,0.4925,0.130982109966641,0.0130982109966641,0.5219,0.118872608155525,0.0118872608155525,0.4892,0.0948862157502023,0.00948862157502023
"C-PCA","Wasserstein",50.5,29.011491975882,2.9011491975882,0.121980024661247,0.00532577815153976,0.000532577815153976,0.0769461837398374,0.00852959412913159,0.000852959412913159,0.128928197961388,0.00484334826293309,0.000484334826293309,0.0912747127592398,0.00892164959460153,0.000892164959460153,0.1177306,0.012260470010929,0.0012260470010929,0.03550725,0.0116715394234277,0.00116715394234277,0.0119,0.0364510187467616,0.00364510187467616,0.0091,0.0330318181470686,0.00330318181470686,0.2761,0.0899595307442028,0.00899595307442028
"IMDS","Wasserstein",50.5,29.011491975882,2.9011491975882,0.00545483035230352,0.000919098172994901,9.19098172994901e-05,0.00889886016260163,0.00201881284799485,0.000201881284799485,0.00620366493363364,0.00117235680057144,0.000117235680057144,0.0112832607141038,0.00296741385227784,0.000296741385227784,0.0050742,0.00153080798629648,0.000153080798629648,0.0051887,0.00138307895068878,0.000138307895068878,0.3475,0.149891374809974,0.0149891374809974,0.3579,0.155474477427368,0.0155474477427368,0.4718,0.131382547308894,0.0131382547308894
"Int-UMAP","Wasserstein",50.5,29.011491975882,2.9011491975882,0.158237100406504,0.00662386147743233,0.000662386147743233,0.0644462821138211,0.0109954116066286,0.00109954116066286,0.170339857835821,0.00629493039297476,0.000629493039297476,0.076509745802519,0.0112983843552686,0.00112983843552686,0.27555495,0.0219262339930661,0.00219262339930661,0.0220596,0.0102859380739243,0.00102859380739243,0.8588,0.348286657739851,0.0348286657739851,0.979,0.140622713224953,0.0140622713224953,0.6316,0.153423688792925,0.0153423688792925
"MR-PCA","Wasserstein",50.5,29.011491975882,2.9011491975882,0.00903200460704606,0.0032186110082359,0.00032186110082359,0.0110447241192412,0.00410266574482793,0.000410266574482793,0.0117941173613103,0.0042779257705039,0.00042779257705039,0.0147731499182588,0.00552184628577956,0.000552184628577956,0.00630445,0.00198115144753772,0.000198115144753772,0.00589215,0.00197736487426059,0.000197736487426059,0.0537,0.142188202212718,0.0142188202212718,0.0183,0.0363777876504803,0.00363777876504803,0.414,0.185483261789414,0.0185483261789414
"SPCA","Wasserstein",50.5,29.011491975882,2.9011491975882,0.121980024661247,0.00532577815153976,0.000532577815153976,0.0769461837398374,0.00852959412913159,0.000852959412913159,0.128928197961388,0.00484334826293309,0.000484334826293309,0.0912747127592398,0.00892164959460153,0.000892164959460153,0.1177306,0.012260470010929,0.0012260470010929,0.03550725,0.0116715394234277,0.00116715394234277,0.0119,0.0364510187467616,0.00364510187467616,0.0091,0.0330318181470686,0.00330318181470686,0.2761,0.0899595307442028,0.00899595307442028
"V-PCA","Wasserstein",50.5,29.011491975882,2.9011491975882,0.121494499186992,0.00625959703158342,0.000625959703158342,0.0768185777777778,0.00889511805541432,0.000889511805541432,0.12856446975382,0.00571781260666136,0.000571781260666136,0.0909506700727263,0.00910669712427287,0.000910669712427287,0.11644925,0.0138440429586851,0.00138440429586851,0.0354417,0.0120703576143954,0.00120703576143954,0.012,0.0370639632761713,0.00370639632761713,0.0094,0.0295699820490956,0.00295699820490956,0.2719,0.0865931506377597,0.00865931506377597
